data;horario;n_da_ocorrencia;tipo_de_ocorrencia;km;trecho;sentido;tipo_de_acidente;automovel;bicicleta;caminhao;moto;onibus;outros;tracao_animal;transporte_de_cargas_especiais;trator_maquinas;utilitarios;ilesos;levemente_feridos;moderadamente_feridos;gravemente_feridos;mortos
"05/01/2015";"13:54:00";"143";"com vítima";"124,5";"BR-163/MS";"Norte";"Colisão lateral no sentido contrário";1;0;0;1;0;0;0;0;0;0;1;1;0;0;0
"05/01/2015";"17:13:00";"179";"sem vítima";"248";"BR-163/MS";"Norte";"Colisão com veículos (traseira)";2;0;0;0;0;0;0;0;0;0;2;0;0;0;0
"05/01/2015";"17:46:00";"188";"com vítima";"130";"BR-163/MS";"Sul";"Colisão com veículos (traseira)";0;0;2;0;0;0;0;0;0;0;0;2;0;0;0
"06/01/2015";"22:33:00";"422";"com vítima";"7";"BR-163/MS";"Sul";"Saídas de pista";1;0;0;0;0;0;0;0;0;0;1;1;0;0;0
"07/01/2015";"04:31:00";"52";"com vítima";"134";"BR-163/MS";"Sul";"Saídas de pista";1;0;0;0;0;0;0;0;0;0;0;0;3;0;0
"07/01/2015";"08:43:00";"137";"sem vítima";"264,5";"BR-163/MS";"Norte";;1;0;0;0;0;0;0;0;0;0;1;0;0;0;0
"07/01/2015";"13:00:00";"253";"com vítima";"363";"BR-163/MS";"Sul";"Colisão lateral no mesmo sentido";2;0;0;0;0;0;0;0;0;0;0;2;2;0;0
"07/01/2015";"13:05:00";"255";"sem vítima";"363";"BR-163/MS";"Sul";;1;0;0;0;0;0;0;0;0;0;2;0;0;0;0
"07/01/2015";"15:11:00";"273";"com vítima";"244";"BR-163/MS";"Norte";"Colisão c/ obstáculos";2;0;1;0;0;0;0;0;0;0;1;4;0;0;0
"07/01/2015";"16:07:00";"283";"sem vítima";"207";"BR-163/MS";"Norte";"Colisão lateral no mesmo sentido";1;0;1;0;0;0;0;0;0;0;2;0;0;0;0
"08/01/2015";"02:13:00";"14";"sem vítima";"290,6";"BR-163/MS";"Sul";"Saídas de pista";1;0;0;0;0;0;0;0;0;0;4;0;0;0;0
"08/01/2015";"03:45:00";"31";"sem vítima";"279";"BR-163/MS";"Sul";"Capotamento";1;0;0;0;0;0;0;0;0;0;3;0;0;0;0
"08/01/2015";"09:42:00";"167";"sem vítima";"556,4";"BR-163/MS";"Norte";"Colisão c/ obstáculos";0;0;1;0;0;0;0;0;0;0;1;0;0;0;0
"08/01/2015";"11:56:00";"214";"com vítima";"258";"BR-163/MS";"Norte";"Colisão lateral no mesmo sentido";1;0;0;1;0;0;0;0;0;0;1;1;0;0;0
"08/01/2015";"15:33:00";"279";"com vítima";"258";"BR-163/MS";"Norte";"Colisão lateral no mesmo sentido";2;0;0;0;0;0;0;0;0;0;2;2;0;0;0
"08/01/2015";"15:54:00";"286";"sem vítima";"645";"BR-163/MS";"Norte";"Colisão com veículos (frontal)";1;0;0;0;0;0;0;0;0;0;2;0;0;0;0
"08/01/2015";"17:01:00";"304";"sem vítima";"474";"BR-163/MS";"Sul";"Colisão com veículos (traseira)";0;0;1;0;0;0;0;0;0;0;1;0;0;0;0
"09/01/2015";"04:02:00";"37";"com vítima";"311,1";"BR-163/MS";"Norte";"Atropelamento - Animal";1;0;0;0;0;0;0;0;0;0;0;2;1;0;0
"09/01/2015";"06:00:00";"54";"sem vítima";"13,5";"BR-163/MS";"Norte";"Atropelamento - Animal";0;0;1;0;0;0;0;0;0;0;1;0;0;0;0
"09/01/2015";"07:26:00";"97";"com vítima";"294,5";"BR-163/MS";"Norte";"Capotamento";1;0;0;0;0;0;0;0;0;0;0;3;0;0;0
"09/01/2015";"09:53:00";"158";"sem vítima";"293";"BR-163/MS";"Norte";"Colisão Traseira - veículos";2;0;0;0;0;0;0;0;0;0;2;0;0;0;0
"09/01/2015";"10:07:00";"159";"sem vítima";"365";"BR-163/MS";"Sul";"Colisão com veículos (traseira)";1;0;1;0;0;0;0;0;0;0;6;0;0;0;0
"09/01/2015";"10:43:00";"166";"sem vítima";"363";"BR-163/MS";"Sul";"Engavetamento";1;0;0;0;0;0;0;0;0;2;4;0;0;0;0
"09/01/2015";"15:45:00";"277";"com vítima";"198";"BR-163/MS";"Sul";"Colisão com veículos (traseira)";0;0;0;2;0;0;0;0;0;0;0;1;1;0;0
"10/01/2015";"06:36:00";"70";"sem vítima";"268";"BR-163/MS";"Norte";"Capotamento";1;0;0;0;0;0;0;0;0;0;1;0;0;0;0
"10/01/2015";"08:39:00";"136";"com vítima";"6";"BR-163/MS";"Sul";"Colisão com veículos (traseira)";3;0;0;0;0;0;0;0;0;0;6;0;1;0;0
"10/01/2015";"10:13:00";"180";"com vítima";"43";"BR-163/MS";"Norte";"Colisão com veículos (frontal)";0;0;1;1;0;0;0;0;0;0;1;0;0;1;0
"11/01/2015";"07:42:00";"129";"com vítima";"206,8";"BR-163/MS";"Norte";"Colisão c/ obstáculos";0;0;0;1;0;0;0;0;0;0;0;1;0;0;0
"11/01/2015";"08:27:00";"142";"com vítima";"456";"BR-163/MS";"Norte";"Colisão lateral no mesmo sentido";1;0;1;0;0;0;0;0;0;0;2;2;0;0;0
"11/01/2015";"16:06:00";"309";"sem vítima";"433";"BR-163/MS";"Sul";"Colisão c/ obstáculos";0;0;2;0;0;0;0;0;0;0;2;0;0;0;0
"11/01/2015";"22:37:00";"455";"sem vítima";"600";"BR-163/MS";"Norte";"Atropelamento - Animal";0;0;0;0;0;0;0;0;0;1;1;0;0;0;0
"12/01/2015";"00:25:00";"7";"com vítima";"95,8";"BR-163/MS";"Norte";"Tombamento";0;0;0;1;0;0;0;0;0;0;0;1;0;0;0
"12/01/2015";"05:06:00";"74";"com vítima";"301";"BR-163/MS";"Norte";"Colisão com veículos (frontal)";2;0;0;0;0;0;0;0;0;0;1;2;2;0;0
"12/01/2015";"06:45:00";"89";"sem vítima";"476";"BR-163/MS";"Sul";"Colisão lateral no mesmo sentido";1;0;1;0;0;0;0;0;0;0;2;0;0;0;0
"12/01/2015";"07:30:00";"107";"sem vítima";"485";"BR-163/MS";"Norte";"Colisão com veículos (traseira)";1;0;0;0;0;0;0;0;0;1;2;0;0;0;0
"12/01/2015";"08:06:00";"131";"com vítima";"483";"BR-163/MS";"Sul";"Tombamento de Moto";0;0;0;1;0;0;0;0;0;0;0;1;0;0;0
"12/01/2015";"08:55:00";"149";"sem vítima";"477";"BR-163/MS";"Norte";"Colisão com veículos (traseira)";1;0;1;0;0;0;0;0;0;0;2;0;0;0;0
"12/01/2015";"10:15:00";"179";"com vítima";"560";"BR-163/MS";"Norte";"Tombamento";1;0;1;0;0;0;0;0;0;0;1;1;0;0;0
"13/01/2015";"05:34:00";"59";"com vítima";"710,8";"BR-163/MS";"Norte";"Capotamento";1;0;0;0;0;0;0;0;0;0;1;2;0;0;0
"13/01/2015";"05:41:00";"61";"sem vítima";"671";"BR-163/MS";"Sul";"Saídas de pista";1;0;0;0;0;0;0;0;0;0;1;0;0;0;0
"13/01/2015";"08:10:00";"110";"sem vítima";"172,5";"BR-163/MS";"Norte";"Colisão com veículos (traseira)";1;0;1;0;0;0;0;0;0;0;3;0;0;0;0
"13/01/2015";"13:12:00";"223";"sem vítima";"828";"BR-163/MS";"Norte";"Colisão lateral no mesmo sentido";1;0;1;0;0;0;0;0;0;0;2;0;0;0;0
"13/01/2015";"15:13:00";"271";"com vítima";"540";"BR-163/MS";"Sul";"Colisão com veículos (traseira)";2;0;0;0;0;0;0;0;0;0;4;2;0;0;0
"13/01/2015";"15:23:00";"280";"sem vítima";"527";"BR-163/MS";"Sul";"Colisão Traseira - veículos";2;0;0;0;0;0;0;0;0;0;2;0;0;0;0
"13/01/2015";"17:28:00";"323";"sem vítima";"46";"BR-163/MS";"Sul";"Colisão com veículos (traseira)";0;0;2;0;0;0;0;0;0;0;2;0;0;0;0
"13/01/2015";"17:36:00";"324";"sem vítima";"108,5";"BR-163/MS";"Norte";"Colisão com veículos (traseira)";1;0;1;0;0;0;0;0;0;0;2;0;0;0;0
"14/01/2015";"05:47:00";"45";"com vítima";"174";"BR-163/MS";"Sul";"Tombamento de moto";0;0;0;1;0;0;0;0;0;0;0;1;1;0;0
"14/01/2015";"09:40:00";"121";"com vítima";"162";"BR-163/MS";"Norte";"Tombamento";0;0;1;0;0;0;0;0;0;0;0;1;0;0;0
"14/01/2015";"09:42:00";"123";"sem vítima";"254";"BR-163/MS";"Norte";"Saídas de pista";0;0;1;0;0;0;0;0;0;0;1;0;0;0;0
"14/01/2015";"10:57:00";"159";"com vítima";"123";"BR-163/MS";"Norte";"Colisão com veículos (traseira)";0;0;1;0;0;0;0;0;0;1;1;2;0;0;0
"14/01/2015";"13:25:00";"186";"com vítima";"228";"BR-163/MS";"Sul";"Colisão com veículos (traseira)";0;0;1;0;1;0;0;0;0;0;1;21;0;0;0
"14/01/2015";"13:25:00";"185";"sem vítima";"561";"BR-163/MS";"Norte";;0;0;0;0;0;0;0;0;0;0;1;0;0;0;0
"14/01/2015";"13:31:00";"189";"com vítima";"561";"BR-163/MS";"Norte";"Engavetamento";1;0;1;0;0;0;0;0;0;2;3;1;0;0;0
"14/01/2015";"16:41:00";"234";"sem vítima";"381";"BR-163/MS";"Sul";"Saídas de pista";0;0;1;0;0;0;0;0;0;1;2;0;0;0;0
"15/01/2015";"07:31:00";"76";"com vítima";"488,5";"BR-163/MS";"Sul";"Saídas de pista";1;0;0;0;0;0;0;0;0;0;0;0;1;0;0
"15/01/2015";"10:00:00";"145";"com vítima";"32,3";"BR-163/MS";"Norte";"Colisão lateral no sentido contrário";0;0;3;0;0;0;0;0;0;0;2;0;0;0;1
"15/01/2015";"11:19:00";"167";"sem vítima";"247";"BR-163/MS";"Norte";"Colisão com veículos (traseira)";0;0;0;0;0;0;0;0;0;2;2;0;0;0;0
"15/01/2015";"11:30:00";"171";"sem vítima";"503";"BR-163/MS";"Sul";"Saídas de pista";1;0;0;0;0;0;0;0;0;0;1;0;0;0;0
"15/01/2015";"14:30:00";"215";"com vítima";"238";"BR-163/MS";"Norte";"Saídas de pista";1;0;0;0;0;0;0;0;0;0;0;2;1;0;0
"15/01/2015";"16:03:00";"252";"sem vítima";"532";"BR-163/MS";"Sul";"Colisão com veículos (traseira)";0;0;2;0;0;0;0;0;0;0;2;0;0;0;0
"15/01/2015";"16:21:00";"259";"com vítima";"475";"BR-163/MS";"Sul";"Colisão lateral no sentido contrário";1;0;0;1;0;0;0;0;0;0;2;0;1;0;0
"16/01/2015";"00:33:00";"5";"com vítima";"383";"BR-163/MS";"Sul";"Colisão Frontal - veículos";1;0;1;0;0;0;0;0;0;0;1;0;0;1;4
"16/01/2015";"10:17:00";"171";"com vítima";"238";"BR-163/MS";"Sul";"Engavetamento";1;0;3;0;0;1;0;0;0;0;9;1;1;0;0
"16/01/2015";"14:51:00";"233";"sem vítima";"233";"BR-163/MS";"Norte";"Engavetamento";3;0;0;0;0;0;0;0;0;0;4;0;0;0;0
"16/01/2015";"16:30:00";"264";"com vítima";"665,9";"BR-163/MS";"Sul";"Tombamento";0;0;1;0;0;0;0;0;0;0;0;3;0;0;0
"16/01/2015";"16:56:00";"268";"sem vítima";"638";"BR-163/MS";"Norte";"Colisão lateral no mesmo sentido";0;0;2;0;0;0;0;0;0;0;2;0;0;0;0
"16/01/2015";"17:30:00";"277";"sem vítima";"473,5";"BR-163/MS";"Sul";"Tombamento";0;0;0;1;0;0;0;0;0;0;1;0;0;0;0
"16/01/2015";"21:37:00";"352";"sem vítima";"247";"BR-163/MS";"Sul";"Colisão c/ obstáculos";0;0;0;1;0;0;0;0;0;0;1;0;0;0;0
"17/01/2015";"02:57:00";"32";"sem vítima";"387";"BR-163/MS";"Norte";"Saídas de pista";1;0;0;0;0;0;0;0;0;0;1;0;0;0;0
"17/01/2015";"05:23:00";"58";"com vítima";"254";"BR-163/MS";"Sul";"Tombamento de moto";0;0;0;0;0;1;0;0;0;0;0;1;0;0;0
"17/01/2015";"10:58:00";"151";"sem vítima";"280";"BR-163/MS";"Norte";"Colisão Traseira - veículos";1;0;0;0;1;0;0;0;0;0;4;0;0;0;0
"17/01/2015";"15:39:00";"266";"sem vítima";"16";"BR-163/MS";"Norte";"Colisão Traseira - veículos";2;0;0;0;0;0;0;0;0;0;5;0;0;0;0
"17/01/2015";"19:31:00";"336";"sem vítima";"825,8";"BR-163/MS";"Sul";"Capotamento";1;0;0;0;0;0;0;0;0;0;1;0;0;0;0
"17/01/2015";"20:09:00";"349";"sem vítima";"662";"BR-163/MS";"Norte";"Colisão com veículos (traseira)";0;0;1;0;0;0;0;0;0;1;2;0;0;0;0
"18/01/2015";"04:26:00";"50";"com vítima";"689,9";"BR-163/MS";"Sul";"Capotamento";1;0;0;0;0;0;0;0;0;0;0;2;0;0;1
"18/01/2015";"13:01:00";"231";"sem vítima";"475";"BR-163/MS";"Norte";"Colisão Traseira - veículos";2;0;1;0;0;0;0;0;0;0;3;0;0;0;0
"18/01/2015";"14:18:00";"252";"sem vítima";"151,3";"BR-163/MS";"Sul";"Saídas de pista";1;0;0;0;0;0;0;0;0;0;1;0;0;0;0
"18/01/2015";"16:01:00";"290";"com vítima";"485";"BR-163/MS";"Sul";"Colisão lateral no mesmo sentido";1;0;0;1;0;0;0;0;0;0;1;0;2;0;0
"18/01/2015";"17:04:00";"308";"com vítima";"456";"BR-163/MS";"Norte";"Colisão lateral no sentido contrário";1;0;0;1;0;0;0;0;0;0;1;0;1;0;0
"18/01/2015";"17:14:00";"311";"sem vítima";"181";"BR-163/MS";"Norte";"Saída de Pista";1;0;0;0;0;0;0;0;0;0;1;0;0;0;0
"18/01/2015";"17:17:00";"313";"com vítima";"695";"BR-163/MS";"Norte";"Capotamento";1;0;1;0;0;0;0;0;0;0;1;4;0;0;0
"18/01/2015";"18:14:00";"323";"sem vítima";"285,5";"BR-163/MS";"Norte";"Saídas de pista";2;0;0;0;0;0;0;0;0;0;2;0;0;0;0
"18/01/2015";"21:25:00";"375";"com vítima";"482";"BR-163/MS";"Norte";"Colisão com veículos (frontal)";1;0;1;0;0;0;0;0;0;0;1;1;0;2;0
"19/01/2015";"02:45:00";"27";"sem vítima";"258";"BR-163/MS";"Norte";"Saídas de pista";1;0;0;0;0;0;0;0;0;0;1;0;0;0;0
"19/01/2015";"13:05:00";"226";"com vítima";"35,4";"BR-163/MS";"Norte";"Colisão com veículos (traseira)";1;0;0;0;0;0;0;0;0;1;0;2;0;0;0
"19/01/2015";"15:11:00";"276";"sem vítima";"485";"BR-163/MS";"Sul";"Colisão com veículos (traseira)";2;0;0;0;0;0;0;0;0;1;7;0;0;0;0
"19/01/2015";"16:48:00";"315";"sem vítima";"52";"BR-163/MS";"Sul";"Saídas de pista";1;0;0;0;0;0;0;0;0;0;2;0;0;0;0
"19/01/2015";"17:03:00";"323";"com vítima";"124";"BR-163/MS";"Norte";"Colisão lateral no mesmo sentido";0;0;1;1;0;0;0;0;0;0;1;0;0;0;1
"19/01/2015";"21:32:00";"388";"sem vítima";"616";"BR-163/MS";"Norte";"Colisão lateral no sentido contrário";1;0;0;0;0;0;0;0;0;0;1;0;0;0;0
"20/01/2015";"05:09:00";"72";"sem vítima";"505";"BR-163/MS";"Sul";"Tombamento de moto";0;0;0;1;0;0;0;0;0;0;1;0;0;0;0
"20/01/2015";"09:17:00";"178";"com vítima";"477";"BR-163/MS";"Sul";"Colisão lateral no sentido contrário";2;0;0;0;0;0;0;0;0;0;2;1;1;0;0
"20/01/2015";"10:07:00";"199";"sem vítima";"491";"BR-163/MS";"Sul";"Colisão com veículos (traseira)";0;0;0;0;0;0;0;0;0;2;2;0;0;0;0
"20/01/2015";"10:24:00";"204";"sem vítima";"366,5";"BR-163/MS";"Sul";"Colisão com veículos (traseira)";2;0;0;0;0;0;0;0;0;0;5;0;0;0;0
"20/01/2015";"11:06:00";"223";"sem vítima";"2";"BR-163/MS";"Norte";"Colisão Traseira - veículos";2;0;0;0;0;0;0;0;0;0;2;0;0;0;0
"20/01/2015";"13:20:00";"276";"com vítima";"289,3";"BR-163/MS";"Norte";"Capotamento";1;0;0;0;0;0;0;0;0;0;0;1;0;0;0
"20/01/2015";"17:41:00";"352";"sem vítima";"661";"BR-163/MS";"Sul";"Saídas de pista";0;0;1;0;0;0;0;0;0;0;1;0;0;0;0
"20/01/2015";"19:59:00";"383";"com vítima";"422";"BR-163/MS";"Norte";"Colisão c/ obstáculos";1;0;1;0;0;0;0;0;0;0;4;2;0;0;0
"21/01/2015";"13:06:00";"251";"sem vítima";"364";"BR-163/MS";"Norte";"Engavetamento";2;0;1;0;0;0;0;0;0;0;3;0;0;0;0
"21/01/2015";"13:22:00";"258";"sem vítima";"842,3";"BR-163/MS";"Sul";"Colisão Lateral - mesmo sentido";1;0;1;0;0;0;0;0;0;0;4;0;0;0;0
"21/01/2015";"14:28:00";"283";"sem vítima";"483";"BR-163/MS";"Sul";"Colisão lateral no mesmo sentido";1;0;0;1;0;0;0;0;0;0;2;0;0;0;0
"21/01/2015";"15:46:00";"320";"sem vítima";"221";"BR-163/MS";"Sul";"Colisão lateral no mesmo sentido";0;0;1;0;0;0;0;0;0;1;2;0;0;0;0
"21/01/2015";"17:59:00";"376";"com vítima";"183,9";"BR-163/MS";"Sul";"Colisão lateral no sentido contrário";0;0;0;1;0;0;0;0;0;1;2;0;0;2;0
"21/01/2015";"20:58:00";"428";"sem vítima";"721,5";"BR-163/MS";"Norte";"Atropelamento - Animal";1;0;0;0;0;0;0;0;0;0;1;0;0;0;0
"22/01/2015";"04:27:00";"41";"sem vítima";"65,8";"BR-163/MS";"Norte";"Atropelamento - Animal";1;0;0;0;0;0;0;0;0;0;15;0;0;0;0
"22/01/2015";"07:02:00";"70";"com vítima";"399";"BR-163/MS";"Norte";"Colisão lateral no mesmo sentido";1;0;1;0;0;0;0;0;0;1;2;1;0;0;0
"22/01/2015";"11:45:00";"208";"sem vítima";"413,6";"BR-163/MS";"Sul";"Colisão com veículos (traseira)";2;0;0;0;0;0;0;0;0;0;2;0;0;0;0
"22/01/2015";"14:21:00";"283";"sem vítima";"38,3";"BR-163/MS";"Norte";"Colisão com veículos (traseira)";1;0;0;0;0;0;0;0;0;1;4;0;0;0;0
"22/01/2015";"17:01:00";"357";"sem vítima";"397";"BR-163/MS";"Sul";"Saídas de pista";1;0;0;0;0;0;0;0;0;0;2;0;0;0;0
"23/01/2015";"00:56:00";"7";"sem vítima";"586";"BR-163/MS";"Norte";"Atropelamento - Animal";1;0;0;0;0;0;0;0;0;0;1;0;0;0;0
"23/01/2015";"04:23:00";"65";"sem vítima";"841";"BR-163/MS";"Norte";"Atropelamento - Animal";0;0;1;0;0;0;0;0;0;0;1;0;0;0;0
"23/01/2015";"07:43:00";"127";"com vítima";"490";"BR-163/MS";"Sul";"Tombamento";0;0;1;0;0;0;0;0;0;0;0;1;0;0;0
"23/01/2015";"08:22:00";"147";"sem vítima";"364";"BR-163/MS";"Sul";"Colisão lateral no mesmo sentido";1;0;1;0;0;0;0;0;0;0;6;0;0;0;0
"23/01/2015";"09:07:00";"174";"sem vítima";"257";"BR-163/MS";"Norte";"Colisão lateral no mesmo sentido";1;0;0;0;0;0;0;0;0;0;1;0;0;0;0
"23/01/2015";"12:14:00";"244";"sem vítima";"1,8";"BR-163/MS";"Norte";"Colisão com veículos (traseira)";2;0;0;0;0;0;0;0;0;0;2;0;0;0;0
"23/01/2015";"12:30:00";"248";"sem vítima";"449";"BR-163/MS";"Sul";"Colisão com veículos (traseira)";0;0;2;0;0;0;0;0;0;0;2;0;0;0;0
"23/01/2015";"15:24:00";"307";"sem vítima";"311";"BR-163/MS";"Norte";"Saídas de pista";1;0;0;0;0;0;0;0;0;0;1;0;0;0;0
"23/01/2015";"18:48:00";"372";"sem vítima";"675";"BR-163/MS";"Norte";"Tombamento";0;0;1;0;0;0;0;0;0;0;1;0;0;0;0
"23/01/2015";"20:03:00";"385";"sem vítima";"444";"BR-163/MS";"Sul";;1;0;0;0;0;0;0;0;0;0;1;0;0;0;0
"23/01/2015";"23:37:00";"435";"sem vítima";"783";"BR-163/MS";"Sul";"Atropelamento - Animal";1;0;0;0;0;0;0;0;0;0;1;0;0;0;0
"24/01/2015";"01:13:00";"12";"sem vítima";"269";"BR-163/MS";"Norte";"Colisão com veículos (traseira)";2;0;0;0;0;0;0;0;0;0;2;0;0;0;0
"24/01/2015";"01:39:00";"20";"com vítima";"95";"BR-163/MS";"Sul";"Capotamento";1;0;0;0;0;0;0;0;0;0;0;1;0;0;0
"24/01/2015";"18:43:00";"356";"com vítima";"314";"BR-163/MS";"Sul";"Tombamento de moto";0;0;0;1;0;0;0;0;0;0;0;1;0;0;0
"24/01/2015";"18:47:00";"358";"sem vítima";"489";"BR-163/MS";"Sul";"Colisão lateral no mesmo sentido";1;0;0;0;0;0;0;0;0;0;5;0;0;0;0
"24/01/2015";"23:28:00";"412";"sem vítima";"18";"BR-163/MS";"Sul";"Colisão lateral no mesmo sentido";1;0;0;1;0;0;0;0;0;0;2;0;0;0;0
"25/01/2015";"08:55:00";"98";"com vítima";"687";"BR-163/MS";"Norte";"Capotamento";0;0;0;0;0;0;0;0;0;1;0;1;0;0;0
"25/01/2015";"13:55:00";"212";"sem vítima";"140,5";"BR-163/MS";"Norte";"Capotamento";0;0;1;0;0;0;0;0;0;0;2;0;0;0;0
"25/01/2015";"14:38:00";"227";"sem vítima";"365";"BR-163/MS";"Norte";"Colisão com veículos (traseira)";1;0;1;0;0;0;0;0;0;0;2;0;0;0;0
"25/01/2015";"18:44:00";"295";"com vítima";"840,2";"BR-163/MS";"Norte";"Colisão com veículos (traseira)";1;0;1;0;0;0;0;0;0;1;4;1;1;0;0
"25/01/2015";"20:16:00";"317";"sem vítima";"365";"BR-163/MS";"Norte";"Colisão com veículos (frontal)";0;0;1;0;0;0;0;0;0;0;1;0;0;0;0
"26/01/2015";"00:45:00";"5";"com vítima";"711";"BR-163/MS";"Sul";"Colisão c/ obstáculos";1;0;2;0;0;0;0;0;0;0;2;0;0;1;0
"26/01/2015";"02:06:00";"12";"sem vítima";"616";"BR-163/MS";"Sul";"Saídas de pista";0;0;1;0;0;0;0;0;0;0;1;0;0;0;0
"26/01/2015";"04:54:00";"25";"sem vítima";"738";"BR-163/MS";"Norte";"Atropelamento - Animal";1;0;0;0;0;0;0;0;0;0;1;0;0;0;0
"26/01/2015";"15:21:00";"249";"com vítima";"482";"BR-163/MS";"Sul";"Colisão com veículos (traseira)";0;0;2;0;0;0;0;0;0;0;1;1;0;0;0
"26/01/2015";"16:55:00";"276";"com vítima";"502";"BR-163/MS";"Norte";"Saídas de pista";1;0;0;0;0;0;0;0;0;0;0;2;0;0;0
"26/01/2015";"18:43:00";"324";"com vítima";"261";"BR-163/MS";"Sul";"Saídas de pista";1;0;0;0;0;0;0;0;0;0;0;1;0;0;0
"26/01/2015";"21:02:00";"360";"com vítima";"309,85";"BR-163/MS";"Norte";"Tombamento";0;0;0;1;0;0;0;0;0;0;0;2;0;0;0
"26/01/2015";"22:50:00";"377";"sem vítima";"285";"BR-163/MS";"Sul";"Saída de Pista";1;0;1;0;0;0;0;0;0;0;2;0;0;0;0
"26/01/2015";"23:45:00";"384";"com vítima";"383";"BR-163/MS";"Norte";"Saídas de pista";0;0;0;0;0;0;0;0;0;1;0;2;0;0;0
"27/01/2015";"04:33:00";"53";"com vítima";"450";"BR-163/MS";"Norte";"Capotamento";0;0;1;0;0;0;0;0;0;0;0;0;0;1;0
"27/01/2015";"05:34:00";"57";"sem vítima";"370";"BR-163/MS";"Norte";"Saídas de pista";0;0;0;0;0;0;0;0;0;1;1;0;0;0;0
"27/01/2015";"16:15:00";"256";"sem vítima";"478";"BR-163/MS";"Sul";"Colisão lateral no sentido contrário";1;0;1;0;0;0;0;0;0;0;3;0;0;0;0
"27/01/2015";"18:17:00";"279";"sem vítima";"225";"BR-163/MS";"Sul";"Colisão com veículos (traseira)";2;0;0;0;0;0;0;0;0;0;6;0;0;0;0
"27/01/2015";"22:46:00";"342";"com vítima";"779,5";"BR-163/MS";"Sul";"Saída de Pista";1;0;0;0;0;0;0;0;0;0;0;1;0;0;0
"28/01/2015";"14:01:00";"218";"com vítima";"164";"BR-163/MS";"Norte";"Tombamento de moto";0;0;0;1;0;0;0;0;0;0;0;1;0;0;0
"28/01/2015";"15:15:00";"242";"com vítima";"492,5";"BR-163/MS";"Sul";"Colisão com veículos (traseira)";2;0;0;0;0;0;0;0;0;0;2;1;2;0;0
"28/01/2015";"18:26:00";"279";"sem vítima";"482";"BR-163/MS";"Norte";"Saídas de pista";0;0;2;0;0;0;0;0;0;0;2;0;0;0;0
"29/01/2015";"16:10:00";"249";"sem vítima";"265";"BR-163/MS";"Norte";"Colisão c/ obstáculos";2;0;0;0;0;0;0;0;0;0;2;0;0;0;0
"29/01/2015";"16:16:00";"252";"com vítima";"707";"BR-163/MS";"Norte";"Tombamento";0;0;1;0;0;0;0;0;0;0;0;1;0;0;0
"29/01/2015";"20:17:00";"323";"sem vítima";"342,7";"BR-163/MS";"Sul";"Atropelamento - Animal";1;0;0;0;0;0;0;0;0;0;4;0;0;0;0
"30/01/2015";"09:24:00";"164";"sem vítima";"254";"BR-163/MS";"Sul";"Colisão lateral no mesmo sentido";1;0;1;0;0;0;0;0;0;0;2;0;0;0;0
"30/01/2015";"12:01:00";"223";"sem vítima";"408,8";"BR-163/MS";"Sul";"Colisão c/ obstáculos";2;0;0;0;0;0;0;0;0;0;2;0;0;0;0
"30/01/2015";"16:49:00";"324";"sem vítima";"288,7";"BR-163/MS";"Norte";"Atropelamento - Animal";1;0;0;0;0;0;0;0;0;0;1;0;0;0;0
"30/01/2015";"21:30:00";"410";"sem vítima";"7";"BR-163/MS";"Norte";"Colisão com veículos (traseira)";1;0;1;0;0;0;0;0;0;0;6;0;0;0;0
"30/01/2015";"22:43:00";"433";"com vítima";"239";"BR-163/MS";"Sul";"Capotamento";1;0;0;0;0;0;0;0;0;0;0;0;1;0;0
"31/01/2015";"04:10:00";"86";"com vítima";"59";"BR-163/MS";"Norte";"Capotamento";1;0;0;0;0;0;0;0;0;0;0;0;1;0;0
"31/01/2015";"07:31:00";"131";"sem vítima";"5,8";"BR-163/MS";"Norte";"Colisão com veículos (traseira)";2;0;0;0;0;0;0;0;0;0;2;0;0;0;0
"31/01/2015";"13:32:00";"269";"com vítima";"314";"BR-163/MS";"Sul";"Tombamento de moto";1;0;0;1;0;0;0;0;0;0;1;1;0;0;0
"31/01/2015";"14:13:00";"285";"sem vítima";"553,5";"BR-163/MS";"Sul";"Saídas de pista";1;0;0;0;0;0;0;0;0;0;4;0;0;0;0
"31/01/2015";"14:47:00";"292";"sem vítima";"640";"BR-163/MS";"Sul";"Colisão lateral no mesmo sentido";0;0;1;0;0;0;0;0;0;0;1;0;0;0;0
"31/01/2015";"15:25:00";"302";"com vítima";"248";"BR-163/MS";"Sul";"Colisão com veículos (traseira)";0;0;0;0;2;0;0;0;0;0;2;5;0;0;0
"01/02/2015";"04:07:00";"35";"sem vítima";"841,4";"BR-163/MS";"Norte";"Capotamento";1;0;0;0;0;0;0;0;0;0;5;0;0;0;0
"01/02/2015";"05:22:00";"42";"sem vítima";"48,5";"BR-163/MS";"Norte";"Saídas de pista";1;0;0;0;0;0;0;0;0;0;1;0;0;0;0
"01/02/2015";"07:26:00";"71";"com vítima";"139";"BR-163/MS";"Norte";"Capotamento";1;0;2;0;0;0;0;0;0;0;2;4;1;0;0
"01/02/2015";"14:18:00";"198";"sem vítima";"776,5";"BR-163/MS";"Norte";"Colisão com veículos (traseira)";1;0;1;0;0;0;0;0;0;0;2;0;0;0;0