data;horario;n_da_ocorrencia;tipo_de_ocorrencia;km;trecho;sentido;tipo_de_acidente;automovel;bicicleta;caminhao;moto;onibus;outros;tracao_animal;transporte_de_cargas_especiais;trator_maquinas;utilitarios;ilesos;levemente_feridos;moderadamente_feridos;gravemente_feridos;mortos
"25/05/2015";"06:50:00";"51";"sem vítima";"496";"BR-163/MS";"Sul";"Tombamento";0;0;1;0;0;2;0;0;0;0;3;0;0;0;0
"25/05/2015";"10:11:00";"126";"com vítima";"497,4";"BR-163/MS";"Sul";"Tombamento de moto";0;0;0;1;0;0;0;0;0;0;0;1;0;0;0
"25/05/2015";"16:49:00";"217";"com vítima";"59";"BR-163/MS";"Norte";"Capotamento";1;0;0;0;0;0;0;0;0;0;0;1;2;1;0
"25/05/2015";"17:53:00";"222";"com vítima";"478";"BR-163/MS";"Norte";"Tombamento de moto";0;0;0;1;0;0;0;0;0;0;0;1;0;0;0
"25/05/2015";"18:01:00";"224";"com vítima";"575";"BR-163/MS";"Norte";"Atropelamento - Pedestre";0;0;0;0;0;0;0;0;0;1;5;2;0;1;0
"25/05/2015";"18:39:00";"227";"com vítima";"552";"BR-163/MS";"Norte";"Engavetamento";2;0;0;0;0;0;0;0;0;2;5;2;1;0;1
"25/05/2015";"18:49:00";"228";"com vítima";"174";"BR-163/MS";"Sul";"Colisão lateral no mesmo sentido";1;0;1;0;0;0;0;0;0;0;1;3;1;0;0
"26/05/2015";"21:05:00";"324";"com vítima";"638";"BR-163/MS";"Norte";"Tombamento de moto";0;0;0;1;0;0;0;0;0;0;0;0;0;1;1
"27/05/2015";"08:56:00";"124";"sem vítima";"435";"BR-163/MS";"Norte";"Colisão com veículos (traseira)";1;0;1;0;0;0;0;0;0;0;3;0;0;0;0
"27/05/2015";"17:06:00";"271";"sem vítima";"480,3";"BR-163/MS";"Sul";"Tombamento de moto";0;0;0;1;0;0;0;0;0;0;1;0;0;0;0
"27/05/2015";"18:25:00";"280";"sem vítima";"392";"BR-163/MS";"Norte";"Colisão com veículos (traseira)";0;0;1;0;0;0;0;0;0;1;6;0;0;0;0
"27/05/2015";"20:09:00";"299";"sem vítima";"548,5";"BR-163/MS";"Norte";"Colisão lateral no mesmo sentido";0;0;0;1;0;0;0;0;0;1;3;0;0;0;0
"28/05/2015";"10:31:00";"185";"com vítima";"449,1";"BR-163/MS";"Sul";"Tombamento";0;0;1;0;0;0;0;0;0;0;0;1;0;0;0
"28/05/2015";"11:02:00";"196";"com vítima";"586";"BR-163/MS";"Norte";"Tombamento de moto";0;0;0;1;0;0;0;0;0;0;0;1;0;0;0
"28/05/2015";"13:43:00";"243";"sem vítima";"1,2";"BR-163/MS";"Norte";"Saídas de pista";1;0;0;0;0;0;0;0;0;0;1;0;0;0;0
"29/05/2015";"09:57:00";"167";"com vítima";"679";"BR-163/MS";"Norte";"Colisão lateral no mesmo sentido";2;0;0;0;0;0;0;0;0;0;2;1;0;0;0
"29/05/2015";"09:59:00";"168";"com vítima";"476,5";"BR-163/MS";"Norte";"Colisão lateral no sentido contrário";2;0;0;0;0;0;0;0;0;0;0;1;1;0;0
"29/05/2015";"10:11:00";"176";"sem vítima";"23";"BR-163/MS";"Sul";"Colisão lateral no mesmo sentido";1;0;1;0;0;0;0;0;0;0;2;0;0;0;0
"29/05/2015";"11:48:00";"204";"sem vítima";"6";"BR-163/MS";"Sul";"Colisão lateral no mesmo sentido";0;0;2;0;0;0;0;0;0;0;2;0;0;0;0
"29/05/2015";"16:27:00";"302";"sem vítima";"4,9";"BR-163/MS";"Sul";"Colisão com veículos (traseira)";0;0;1;0;0;0;0;0;0;1;2;0;0;0;0
"29/05/2015";"21:50:00";"362";"sem vítima";"1,9";"BR-163/MS";"Norte";"Colisão c/ obstáculos";0;0;2;0;0;1;0;0;0;0;3;0;0;0;0
"30/05/2015";"03:20:00";"19";"sem vítima";"331";"BR-163/MS";"Sul";"Atropelamento - Animal";1;0;0;0;0;0;0;0;0;0;1;0;0;0;0
"30/05/2015";"09:05:00";"97";"com vítima";"693";"BR-163/MS";"Norte";"Tombamento";0;0;1;0;0;0;0;0;0;0;0;1;0;0;0
"30/05/2015";"11:20:00";"133";"sem vítima";"7,5";"BR-163/MS";"Sul";"Colisão lateral no mesmo sentido";0;0;1;0;0;0;0;0;0;1;2;0;0;0;0
"30/05/2015";"14:38:00";"164";"com vítima";"818";"BR-163/MS";"Norte";"Tombamento";0;0;1;0;0;0;0;0;0;0;0;1;0;0;0
"30/05/2015";"16:30:00";"184";"com vítima";"156,5";"BR-163/MS";"Norte";"Colisão lateral no mesmo sentido";1;0;1;0;0;0;0;0;0;0;1;4;0;0;0
"30/05/2015";"17:15:00";"197";"com vítima";"365";"BR-163/MS";"Norte";"Tombamento";0;0;1;0;0;0;0;0;0;0;1;0;1;0;0
"30/05/2015";"18:03:00";"205";"sem vítima";"559";"BR-163/MS";"Sul";"Engavetamento";2;0;1;0;0;0;0;0;0;0;3;0;0;0;0
"30/05/2015";"18:18:00";"207";"sem vítima";"247";"BR-163/MS";"Norte";"Saídas de pista";0;0;0;0;0;0;0;0;0;1;1;0;0;0;0
"30/05/2015";"19:04:00";"213";"sem vítima";"25";"BR-163/MS";"Norte";"Colisão com veículos (traseira)";1;0;0;0;0;1;0;0;0;0;2;0;0;0;0
"31/05/2015";"09:45:00";"86";"sem vítima";"478";"BR-163/MS";"Norte";"Colisão com veículos (traseira)";0;0;1;2;0;0;0;0;0;0;3;0;0;0;0
"31/05/2015";"22:11:00";"238";"sem vítima";"148";"BR-163/MS";"Sul";"Saídas de pista";0;0;1;0;0;0;0;0;0;0;1;0;0;0;0
"31/05/2015";"23:38:00";"250";"com vítima";"158";"BR-163/MS";"Norte";"Capotamento";0;0;0;0;0;0;0;0;0;1;0;2;4;0;0
"01/06/2015";"10:08:00";"140";"com vítima";"520";"BR-163/MS";"Sul";"Saídas de pista";0;0;0;0;0;0;0;0;0;1;0;3;0;0;0
"01/06/2015";"13:22:00";"234";"com vítima";"617";"BR-163/MS";"Norte";"Colisão lateral no mesmo sentido";1;0;1;0;0;0;0;0;0;0;1;1;0;0;0
"01/06/2015";"13:26:00";"235";"com vítima";"225";"BR-163/MS";"Sul";"Atropelamento - Pedestre";0;1;1;0;0;0;0;0;0;0;1;0;0;1;0
"01/06/2015";"15:20:00";"270";"com vítima";"578,2";"BR-163/MS";"Sul";"Outros";0;0;1;0;0;0;0;0;0;0;0;0;1;0;0
"02/06/2015";"03:38:00";"29";"com vítima";"37,2";"BR-163/MS";"Sul";"Capotamento";1;0;1;0;0;0;0;0;0;0;1;0;1;1;0
"02/06/2015";"05:20:00";"37";"com vítima";"496";"BR-163/MS";"Norte";"Colisão com veículos (traseira)";1;0;1;0;0;0;0;0;0;0;1;1;2;0;0
"02/06/2015";"12:09:00";"190";"com vítima";"209";"BR-163/MS";"Sul";"Atropelamento - Pedestre";0;0;0;0;0;0;0;0;0;1;0;2;0;0;0
"02/06/2015";"13:48:00";"221";"sem vítima";"305";"BR-163/MS";"Norte";"Colisão lateral no mesmo sentido";1;0;1;0;0;0;0;0;0;0;2;0;0;0;0
"02/06/2015";"17:26:00";"314";"sem vítima";"485";"BR-163/MS";"Norte";"Colisão lateral no sentido contrário";1;0;0;1;0;0;0;0;0;0;2;0;0;0;0
"02/06/2015";"22:48:00";"380";"com vítima";"657";"BR-163/MS";"Norte";"Tombamento";0;0;1;0;0;0;0;0;0;0;0;0;1;0;0
"03/06/2015";"04:13:00";"35";"sem vítima";"494";"BR-163/MS";"Norte";"Colisão com veículos (traseira)";0;0;2;0;0;0;0;0;0;0;2;0;0;0;0
"03/06/2015";"06:54:00";"56";"com vítima";"475";"BR-163/MS";"Norte";"Colisão lateral no mesmo sentido";0;1;0;1;0;0;0;0;0;0;0;2;0;0;0
"03/06/2015";"18:25:00";"304";"com vítima";"232";"BR-163/MS";"Norte";"Colisão com veículos (traseira)";1;0;0;0;0;0;0;0;0;1;3;2;0;0;0
"03/06/2015";"21:27:00";"352";"sem vítima";"311";"BR-163/MS";"Sul";"Capotamento";2;0;0;0;0;0;0;0;0;0;3;0;0;0;0
"03/06/2015";"23:59:00";"387";"com vítima";"183";"BR-163/MS";"Norte";"Atropelamento - Animal";1;0;0;0;0;0;0;0;0;0;2;1;0;0;0
"04/06/2015";"01:37:00";"17";"com vítima";"149,5";"BR-163/MS";"Norte";"Colisão com veículos (frontal)";1;0;1;0;0;0;0;0;0;0;2;0;0;1;0
"04/06/2015";"05:32:00";"63";"sem vítima";"125";"BR-163/MS";"Norte";"Tombamento";0;0;1;0;0;0;0;0;0;0;1;0;0;0;0
"04/06/2015";"09:35:00";"129";"com vítima";"233";"BR-163/MS";"Norte";"Colisão com veículos (traseira)";1;0;1;0;0;0;0;0;0;0;4;1;0;0;0
"04/06/2015";"11:34:00";"176";"com vítima";"171";"BR-163/MS";"Norte";"Colisão com veículos (traseira)";1;0;0;0;0;0;0;0;0;1;3;2;0;0;0
"05/06/2015";"05:35:00";"76";"com vítima";"526";"BR-163/MS";"Sul";"Colisão lateral no mesmo sentido";1;0;1;0;0;0;0;0;0;0;0;1;2;0;0
"05/06/2015";"08:49:00";"130";"sem vítima";"6";"BR-163/MS";"Norte";"Colisão lateral no mesmo sentido";1;0;1;0;0;0;0;0;0;0;2;0;0;0;0
"05/06/2015";"11:39:00";"185";"com vítima";"142";"BR-163/MS";"Sul";"Colisão lateral no mesmo sentido";0;0;0;1;0;0;0;0;0;1;1;1;0;0;0
"06/06/2015";"03:26:00";"36";"sem vítima";"346";"BR-163/MS";"Norte";"Atropelamento - Animal";1;0;0;0;0;0;0;0;0;0;4;0;0;0;0
"06/06/2015";"06:00:00";"53";"com vítima";"799";"BR-163/MS";"Norte";"Colisão lateral no mesmo sentido";1;0;0;1;0;0;0;0;0;0;2;0;1;0;0
"06/06/2015";"10:24:00";"151";"sem vítima";"84";"BR-163/MS";"Sul";"Colisão com veículos (traseira)";1;0;1;0;0;0;0;0;0;0;2;0;0;0;0
"06/06/2015";"18:35:00";"314";"com vítima";"177";"BR-163/MS";"Sul";"Saídas de pista";1;0;0;0;0;0;0;0;0;0;0;1;1;0;0
"07/06/2015";"01:17:00";"15";"com vítima";"225,2";"BR-163/MS";"Norte";"Tombamento de moto";0;0;0;1;0;0;0;0;0;0;0;1;0;0;0
"07/06/2015";"01:46:00";"18";"sem vítima";"261";"BR-163/MS";"Sul";"Colisão c/ obstáculos";1;0;0;0;0;0;0;0;0;0;2;0;0;0;0
"07/06/2015";"03:59:00";"36";"com vítima";"398,1";"BR-163/MS";"Norte";"Saídas de pista";1;0;0;0;0;0;0;0;0;0;1;3;1;0;0
"07/06/2015";"09:26:00";"97";"sem vítima";"251";"BR-163/MS";"Sul";"Tombamento";0;0;1;0;0;0;0;0;0;0;1;0;0;0;0
"07/06/2015";"13:47:00";"171";"com vítima";"407";"BR-163/MS";"Norte";"Colisão com veículos (traseira)";1;0;0;0;0;0;0;0;0;1;1;1;0;0;0
"07/06/2015";"14:24:00";"187";"com vítima";"486";"BR-163/MS";"Sul";"Tombamento de moto";1;0;0;1;0;0;0;0;0;0;1;1;1;0;0
"07/06/2015";"15:56:00";"222";"sem vítima";"837";"BR-163/MS";"Norte";"Colisão com veículos (traseira)";0;0;2;0;0;0;0;0;0;0;3;0;0;0;0
"08/06/2015";"14:21:00";"238";"com vítima";"104";"BR-163/MS";"Norte";"Tombamento";0;0;1;0;0;0;0;0;0;0;0;1;0;0;0
"08/06/2015";"18:36:00";"316";"sem vítima";"258";"BR-163/MS";"Norte";"Colisão c/ obstáculos";0;0;0;1;0;0;0;0;0;0;0;0;0;0;0
"09/06/2015";"09:14:00";"162";"sem vítima";"362";"BR-163/MS";"Sul";"Colisão com veículos (traseira)";1;0;0;0;0;0;0;0;1;0;2;0;0;0;0
"09/06/2015";"19:16:00";"358";"com vítima";"484";"BR-163/MS";"Norte";"Colisão com veículos (frontal)";1;0;0;1;0;0;0;0;0;0;1;1;0;0;0
"09/06/2015";"23:29:00";"402";"com vítima";"763";"BR-163/MS";"Norte";"Tombamento";0;0;1;0;0;0;0;0;0;0;0;1;0;0;0
"09/06/2015";"23:45:00";"412";"sem vítima";"515";"BR-163/MS";"Norte";"Atropelamento - Animal";0;0;0;0;0;0;0;0;0;1;1;0;0;0;0
"10/06/2015";"06:14:00";"48";"com vítima";"267,5";"BR-163/MS";"Sul";"Tombamento de moto";0;0;0;1;0;0;0;0;0;0;0;2;0;0;0
"10/06/2015";"17:08:00";"352";"sem vítima";"179";"BR-163/MS";"Norte";"Colisão lateral no mesmo sentido";0;0;2;0;0;0;0;0;0;0;3;0;0;0;0
"10/06/2015";"18:09:00";"372";"com vítima";"194";"BR-163/MS";"Norte";"Colisão lateral no mesmo sentido";1;0;1;0;0;0;0;0;0;0;3;1;0;0;0
"11/06/2015";"08:02:00";"112";"com vítima";"608,7";"BR-163/MS";"Norte";"Tombamento";0;0;1;0;0;0;0;0;0;0;0;1;0;0;0
"11/06/2015";"08:35:00";"129";"sem vítima";"476";"BR-163/MS";"Norte";"Engavetamento";3;0;1;0;0;0;0;0;0;0;4;0;0;0;0
"11/06/2015";"11:03:00";"211";"sem vítima";"450";"BR-163/MS";"Sul";"Colisão com veículos (traseira)";1;0;1;0;0;0;0;0;0;0;2;0;0;0;0
"11/06/2015";"17:58:00";"342";"sem vítima";"565";"BR-163/MS";"Norte";"Capotamento";0;0;0;0;0;0;0;0;0;1;1;0;0;0;0
"11/06/2015";"19:17:00";"360";"com vítima";"819,7";"BR-163/MS";"Sul";"Colisão c/ obstáculos";1;0;0;0;0;0;0;0;0;0;0;1;0;0;0
"11/06/2015";"22:16:00";"403";"com vítima";"490";"BR-163/MS";"Norte";"Tombamento de moto";0;0;0;1;0;0;0;0;0;0;0;1;0;0;0
"12/06/2015";"08:41:00";"118";"com vítima";"529";"BR-163/MS";"Norte";"Colisão lateral no sentido contrário";1;0;0;1;0;0;0;0;0;0;1;0;1;0;0
"12/06/2015";"10:54:00";"172";"com vítima";"838";"BR-163/MS";"Norte";"Tombamento";0;0;1;0;0;0;0;0;0;0;0;1;0;0;0
"12/06/2015";"22:51:00";"349";"com vítima";"653";"BR-163/MS";"Norte";"Saídas de pista";1;0;0;0;0;0;0;0;0;0;1;3;0;0;0
"13/06/2015";"00:37:00";"5";"sem vítima";"406";"BR-163/MS";"Norte";"Saídas de pista";0;0;0;0;0;0;0;0;0;1;1;0;0;0;0
"13/06/2015";"06:05:00";"57";"com vítima";"264";"BR-163/MS";"Sul";"Colisão c/ obstáculos";1;0;0;0;0;0;0;0;0;0;0;1;0;0;0
"13/06/2015";"12:45:00";"297";"sem vítima";"668";"BR-163/MS";"Norte";"Colisão lateral no mesmo sentido";1;0;0;0;0;0;0;0;0;0;1;0;0;0;0
"13/06/2015";"14:32:00";"333";"sem vítima";"236";"BR-163/MS";"Sul";"Colisão com veículos (traseira)";1;0;1;0;0;0;0;0;0;0;2;0;0;0;0
"13/06/2015";"15:35:00";"358";"com vítima";"224";"BR-163/MS";"Norte";"Tombamento de moto";0;0;0;1;0;0;0;0;0;0;0;2;0;0;0
"13/06/2015";"16:35:00";"380";"com vítima";"280";"BR-163/MS";"Norte";"Colisão lateral no mesmo sentido";0;0;0;2;0;0;0;0;0;0;1;1;0;0;0
"13/06/2015";"19:03:00";"413";"com vítima";"779,5";"BR-163/MS";"Norte";"Tombamento de moto";0;0;0;1;0;0;0;0;0;0;0;1;0;0;0
"14/06/2015";"07:13:00";"83";"com vítima";"642,5";"BR-163/MS";"Norte";"Colisão lateral no mesmo sentido";0;0;1;1;0;0;0;0;0;0;1;0;0;0;1
"14/06/2015";"08:08:00";"98";"com vítima";"82";"BR-163/MS";"Sul";"Colisão com veículos (frontal)";1;0;1;0;0;0;0;0;0;0;1;0;0;2;0
"14/06/2015";"09:44:00";"145";"sem vítima";"335";"BR-163/MS";"Sul";"Capotamento";1;0;0;0;0;0;0;0;0;0;1;0;0;0;0
"14/06/2015";"11:29:00";"191";"com vítima";"485";"BR-163/MS";"Norte";"Colisão lateral no sentido contrário";2;0;0;0;0;0;0;0;0;0;3;3;0;0;0
"15/06/2015";"06:54:00";"72";"com vítima";"455";"BR-163/MS";"Norte";"Colisão lateral no mesmo sentido";0;0;2;0;0;0;0;0;0;0;0;0;0;2;0
"15/06/2015";"12:47:00";"224";"sem vítima";"233";"BR-163/MS";"Norte";"Colisão com veículos (traseira)";0;0;2;0;0;0;0;0;0;0;2;0;0;0;0
"15/06/2015";"17:46:00";"364";"com vítima";"248";"BR-163/MS";"Norte";"Tombamento de moto";0;0;0;1;0;0;0;0;0;0;0;1;1;0;0
"15/06/2015";"18:05:00";"367";"sem vítima";"616,615";"BR-163/MS";"Norte";"Colisão com veículos (traseira)";0;0;1;0;1;0;0;0;0;0;20;0;0;0;0
"16/06/2015";"17:46:00";"435";"sem vítima";"547";"BR-163/MS";"Norte";"Colisão com veículos (traseira)";2;0;0;0;0;0;0;0;0;0;2;0;0;0;0
"16/06/2015";"19:31:00";"463";"sem vítima";"208,1";"BR-163/MS";"Norte";"Colisão com veículos (traseira)";0;0;2;0;0;0;0;0;0;0;2;0;0;0;0
"17/06/2015";"19:21:00";"453";"com vítima";"464";"BR-163/MS";"Sul";"Tombamento de moto";0;0;0;1;0;0;0;0;0;0;0;2;0;0;0
"17/06/2015";"19:31:00";"456";"com vítima";"615";"BR-163/MS";"Sul";"Colisão lateral no mesmo sentido";0;1;0;0;0;0;0;0;0;1;1;1;0;0;0
"18/06/2015";"08:40:00";"111";"com vítima";"364";"BR-163/MS";"Sul";"Tombamento de moto";0;0;0;1;0;0;0;0;0;0;0;1;0;0;0
"18/06/2015";"09:21:00";"127";"com vítima";"675,8";"BR-163/MS";"Sul";"Engavetamento";0;0;3;0;0;0;0;0;0;0;2;1;0;0;0
"18/06/2015";"09:51:00";"141";"sem vítima";"485";"BR-163/MS";"Sul";"Colisão com veículos (traseira)";2;0;0;0;0;0;0;0;0;0;3;0;0;0;0
"18/06/2015";"11:14:00";"177";"sem vítima";"615";"BR-163/MS";"Norte";"Colisão com veículos (traseira)";2;0;0;0;0;0;0;0;0;0;2;0;0;0;0
"18/06/2015";"18:16:00";"352";"com vítima";"485";"BR-163/MS";"Sul";"Colisão com veículos (traseira)";1;0;0;1;0;0;0;0;0;0;2;1;0;0;0
"19/06/2015";"10:35:00";"199";"com vítima";"263";"BR-163/MS";"Norte";"Colisão com veículos (traseira)";0;0;0;1;0;0;0;0;0;1;1;1;0;0;0
"19/06/2015";"17:30:00";"371";"sem vítima";"193";"BR-163/MS";"Sul";"Colisão lateral no mesmo sentido";1;0;1;0;0;0;0;0;0;0;3;0;0;0;0
"19/06/2015";"19:13:00";"394";"sem vítima";"733";"BR-163/MS";"Norte";"Colisão lateral no mesmo sentido";0;0;2;0;0;0;0;0;0;0;2;0;0;0;0
"20/06/2015";"07:12:00";"97";"sem vítima";"62,7";"BR-163/MS";"Sul";"Tombamento";0;0;1;0;0;0;0;0;0;0;1;0;0;0;0
"20/06/2015";"07:56:00";"115";"com vítima";"264";"BR-163/MS";"Norte";"Colisão lateral no mesmo sentido";1;0;0;1;0;0;0;0;0;0;4;1;0;0;0
"20/06/2015";"21:18:00";"376";"sem vítima";"206";"BR-163/MS";"Norte";"Saídas de pista";1;0;0;0;0;0;0;0;0;0;1;0;0;0;0
"20/06/2015";"23:38:00";"398";"com vítima";"459";"BR-163/MS";"Norte";"Atropelamento - Animal";1;0;0;0;0;0;0;0;0;0;2;1;0;0;0
"21/06/2015";"06:58:00";"87";"sem vítima";"480";"BR-163/MS";"Norte";"Saídas de pista";1;0;0;0;0;0;0;0;0;0;2;0;0;0;0
"21/06/2015";"10:26:00";"168";"sem vítima";"536";"BR-163/MS";"Sul";"Engavetamento";4;0;1;0;0;0;0;0;0;0;6;0;0;0;0
"21/06/2015";"22:45:00";"356";"com vítima";"268,5";"BR-163/MS";"Sul";"Colisão com veículos (traseira)";0;0;1;0;0;0;0;0;0;1;1;1;0;0;0
"22/06/2015";"09:03:00";"134";"com vítima";"9";"BR-163/MS";"Norte";"Tombamento de moto";0;0;0;1;0;0;0;0;0;0;0;2;0;0;0
"22/06/2015";"10:05:00";"163";"com vítima";"294,3";"BR-163/MS";"Norte";"Colisão com veículos (frontal)";1;0;0;0;1;0;0;0;0;0;1;1;1;0;0
"22/06/2015";"20:10:00";"359";"sem vítima";"358,9";"BR-163/MS";"Sul";"Atropelamento - Animal";0;0;1;0;0;0;0;0;0;0;1;0;0;0;0
"22/06/2015";"21:53:00";"375";"sem vítima";"258";"BR-163/MS";"Sul";"Colisão c/ obstáculos";1;0;0;0;0;0;0;0;0;0;1;0;0;0;0
"23/06/2015";"05:10:00";"41";"com vítima";"265";"BR-163/MS";"Sul";"Colisão lateral no mesmo sentido";0;1;0;1;0;0;0;0;0;0;0;2;0;0;0
"23/06/2015";"06:22:00";"45";"com vítima";"527";"BR-163/MS";"Norte";"Capotamento";1;0;0;0;0;0;0;0;0;0;1;2;0;1;0
"23/06/2015";"20:59:00";"349";"com vítima";"127";"BR-163/MS";"Norte";"Atropelamento - Pedestre";0;0;1;0;0;0;0;0;0;0;1;0;1;0;0
"24/06/2015";"04:36:00";"53";"com vítima";"474";"BR-163/MS";"Norte";"Tombamento";0;0;0;0;0;0;0;0;0;1;0;1;0;0;0
"24/06/2015";"10:39:00";"180";"sem vítima";"99";"BR-163/MS";"Norte";"Colisão c/ obstáculos";0;0;1;0;0;0;0;0;0;0;1;0;0;0;0
"24/06/2015";"18:12:00";"328";"sem vítima";"483";"BR-163/MS";"Norte";"Engavetamento";1;0;1;0;0;0;0;0;0;1;3;0;0;0;0
"24/06/2015";"20:53:00";"362";"com vítima";"492";"BR-163/MS";"Norte";"Tombamento de moto";0;0;0;1;0;0;0;0;0;0;1;1;0;0;0
"24/06/2015";"21:35:00";"371";"sem vítima";"671";"BR-163/MS";"Norte";"Saídas de pista";0;0;1;0;0;0;0;0;0;0;1;0;0;0;0
"25/06/2015";"02:28:00";"31";"sem vítima";"703";"BR-163/MS";"Sul";"Colisão c/ obstáculos";0;0;0;0;0;0;0;0;0;1;1;0;0;0;0
"25/06/2015";"07:50:00";"96";"com vítima";"665,2";"BR-163/MS";"Norte";"Tombamento";0;0;1;0;0;2;0;0;0;0;2;1;0;0;0
"25/06/2015";"07:56:00";"102";"com vítima";"476";"BR-163/MS";"Norte";"Colisão lateral no mesmo sentido";1;0;1;0;0;0;0;0;0;0;1;1;0;0;0
"25/06/2015";"08:10:00";"110";"com vítima";"440,2";"BR-163/MS";"Norte";"Saídas de pista";1;0;0;0;0;0;0;0;0;0;0;1;0;0;0
"25/06/2015";"17:12:00";"316";"sem vítima";"679";"BR-163/MS";"Sul";"Colisão lateral no mesmo sentido";1;0;1;0;0;0;0;0;0;0;5;0;0;0;0
"25/06/2015";"20:30:00";"364";"com vítima";"172";"BR-163/MS";"Sul";"Colisão lateral no mesmo sentido";1;1;0;0;0;0;0;0;0;0;1;1;0;0;0
"26/06/2015";"12:37:00";"210";"com vítima";"27";"BR-163/MS";"Norte";"Colisão com veículos (traseira)";1;0;1;0;0;0;0;0;0;0;2;0;2;0;0
"26/06/2015";"12:52:00";"216";"sem vítima";"609,8";"BR-163/MS";"Sul";"Colisão c/ obstáculos";1;0;0;0;0;0;0;0;0;0;1;0;0;0;0
"26/06/2015";"13:49:00";"243";"com vítima";"442";"BR-163/MS";"Norte";"Engavetamento";1;0;2;0;0;0;0;0;0;0;3;1;0;0;0
"26/06/2015";"16:05:00";"278";"sem vítima";"323";"BR-163/MS";"Norte";"Colisão lateral no mesmo sentido";0;0;1;0;1;0;0;0;0;0;2;0;0;0;0
"26/06/2015";"17:53:00";"315";"com vítima";"240,3";"BR-163/MS";"Sul";"Saídas de pista";1;0;0;0;0;0;0;0;0;0;0;2;0;0;0
"26/06/2015";"18:08:00";"320";"com vítima";"74,1";"BR-163/MS";"Sul";"Tombamento de moto";0;0;0;1;0;0;0;0;0;0;0;1;1;0;0
"26/06/2015";"22:18:00";"359";"sem vítima";"663,95";"BR-163/MS";"Norte";"Tombamento";0;0;1;0;0;0;0;0;0;0;2;0;0;0;0
"27/06/2015";"07:42:00";"77";"sem vítima";"530,3";"BR-163/MS";"Norte";"Colisão com veículos (traseira)";0;0;2;0;0;0;0;0;0;0;2;0;0;0;0
"27/06/2015";"07:45:00";"78";"sem vítima";"362";"BR-163/MS";"Sul";"Capotamento";1;0;0;0;0;0;0;0;0;0;3;0;0;0;0
"27/06/2015";"11:33:00";"162";"com vítima";"484,2";"BR-163/MS";"Norte";"Colisão lateral no mesmo sentido";1;0;0;1;0;0;0;0;0;0;1;0;1;0;0
"27/06/2015";"17:36:00";"255";"com vítima";"72,5";"BR-163/MS";"Sul";"Tombamento de moto";0;0;0;1;0;0;0;0;0;0;0;0;0;1;0
"27/06/2015";"23:28:00";"340";"sem vítima";"477";"BR-163/MS";"Norte";"Capotamento";1;0;0;0;0;0;0;0;0;0;1;0;0;0;0
"28/06/2015";"07:09:00";"91";"sem vítima";"662,5";"BR-163/MS";"Norte";"Saídas de pista";1;0;0;0;0;0;0;0;0;0;2;0;0;0;0
"28/06/2015";"18:36:00";"279";"com vítima";"485,2";"BR-163/MS";"Norte";"Atropelamento - Pedestre";1;0;0;0;0;0;0;0;0;0;1;1;0;0;0
"29/06/2015";"08:37:00";"138";"com vítima";"23";"BR-163/MS";"Norte";"Colisão lateral no sentido contrário";2;0;0;0;0;0;0;0;0;0;1;2;0;0;0
"29/06/2015";"10:25:00";"203";"sem vítima";"265";"BR-163/MS";"Sul";"Colisão com veículos (traseira)";1;0;1;0;0;0;0;0;0;0;3;0;0;0;0
"29/06/2015";"11:08:00";"225";"com vítima";"290";"BR-163/MS";"Norte";"Colisão com veículos (traseira)";0;0;1;0;0;0;0;0;0;1;0;3;0;0;0
"29/06/2015";"14:57:00";"311";"com vítima";"476,8";"BR-163/MS";"Norte";"Colisão lateral no sentido contrário";1;0;1;0;0;0;0;0;0;0;1;0;0;1;0
"29/06/2015";"23:14:00";"425";"com vítima";"124,2";"BR-163/MS";"Sul";"Tombamento de moto";0;0;0;1;0;0;0;0;0;0;0;1;0;0;0
"30/06/2015";"07:05:00";"53";"sem vítima";"455";"BR-163/MS";"Norte";"Colisão c/ obstáculos";1;0;0;0;0;0;0;0;0;0;1;0;0;0;0
"30/06/2015";"12:55:00";"197";"sem vítima";"474,5";"BR-163/MS";"Norte";"Colisão lateral no sentido contrário";2;0;0;0;0;0;0;0;0;0;4;0;0;0;0
"30/06/2015";"13:32:00";"203";"com vítima";"595";"BR-163/MS";"Norte";"Colisão com veículos (traseira)";1;0;1;0;0;0;0;0;0;0;2;1;0;0;0
"30/06/2015";"17:15:00";"278";"com vítima";"478";"BR-163/MS";"Norte";"Colisão lateral no sentido contrário";1;0;0;1;0;0;0;0;0;0;1;0;1;0;0
"30/06/2015";"17:41:00";"283";"sem vítima";"479";"BR-163/MS";"Norte";"Engavetamento";2;0;1;0;0;0;0;0;0;0;3;0;0;0;0
"30/06/2015";"18:50:00";"293";"sem vítima";"746";"BR-163/MS";"Norte";"Atropelamento - Animal";1;0;0;0;0;0;0;0;0;0;1;0;0;0;0
"03/07/2015";"00:20:00";"3";"com vítima";"287";"BR-163/MS";"Sul";"Colisão c/ obstáculos";1;0;0;0;0;0;0;0;0;0;1;1;0;0;0