data;horario;n_da_ocorrencia;tipo_de_ocorrencia;km;trecho;sentido;tipo_de_acidente;automovel;bicicleta;caminhao;moto;onibus;outros;tracao_animal;transporte_de_cargas_especiais;trator_maquinas;utilitarios;ilesos;levemente_feridos;moderadamente_feridos;gravemente_feridos;mortos
"06/08/2015";"05:10:00";"36";"sem vítima";"396";"BR-163/MS";"Norte";"Colisão c/ obstáculos";0;0;0;0;0;0;0;0;0;1;1;0;0;0;0
"06/08/2015";"12:20:00";"271";"sem vítima";"2,3";"BR-163/MS";"Norte";"Colisão com veículos (traseira)";2;0;0;0;0;0;0;0;0;0;3;0;0;0;0
"06/08/2015";"16:24:00";"386";"sem vítima";"6";"BR-163/MS";"Sul";"Colisão lateral no mesmo sentido";1;0;1;0;0;0;0;0;0;0;2;0;0;0;0
"07/08/2015";"08:29:00";"142";"sem vítima";"271";"BR-163/MS";"Norte";"Colisão com veículos (traseira)";2;0;0;0;0;0;0;0;0;0;3;0;0;0;0
"07/08/2015";"13:45:00";"292";"sem vítima";"317";"BR-163/MS";"Norte";"Engavetamento";0;0;1;0;0;0;0;0;0;2;3;0;0;0;0
"07/08/2015";"14:51:00";"320";"com vítima";"492";"BR-163/MS";"Norte";"Colisão lateral no sentido contrário";2;0;0;0;0;0;0;0;0;0;2;1;0;0;0
"07/08/2015";"18:07:00";"389";"com vítima";"207";"BR-163/MS";"Norte";"Colisão lateral no sentido contrário";1;0;0;0;0;0;0;0;0;1;2;0;1;0;0
"07/08/2015";"21:10:00";"430";"sem vítima";"102";"BR-163/MS";"Norte";"Colisão lateral no mesmo sentido";1;0;1;0;0;0;0;0;0;0;6;0;0;0;0
"08/08/2015";"04:43:00";"48";"com vítima";"40";"BR-163/MS";"Norte";"Capotamento";1;0;0;0;0;0;0;0;0;0;0;1;0;0;0
"08/08/2015";"16:01:00";"263";"com vítima";"207";"BR-163/MS";"Sul";"Colisão c/ obstáculos";0;0;1;1;0;0;0;0;0;0;1;0;0;1;0
"08/08/2015";"19:17:00";"317";"sem vítima";"792";"BR-163/MS";"Norte";"Atropelamento - Animal";0;0;1;0;0;0;0;0;0;0;1;0;0;0;0
"08/08/2015";"20:13:00";"329";"sem vítima";"390";"BR-163/MS";"Sul";"Colisão com veículos (traseira)";1;0;0;0;0;1;0;0;0;0;6;0;0;0;0
"09/08/2015";"01:26:00";"20";"com vítima";"466";"BR-163/MS";"Norte";"Capotamento";1;0;0;0;0;0;0;0;0;0;4;2;0;0;0
"09/08/2015";"05:36:00";"50";"com vítima";"543";"BR-163/MS";"Norte";"Saídas de pista";1;0;0;0;0;0;0;0;0;0;0;1;0;0;0
"09/08/2015";"05:48:00";"52";"sem vítima";"742";"BR-163/MS";"Norte";"Atropelamento - Animal";0;0;1;0;0;0;0;0;0;0;1;0;0;0;0
"09/08/2015";"09:10:00";"121";"sem vítima";"225";"BR-163/MS";"Sul";"Tombamento de moto";0;0;0;1;0;0;0;0;0;0;1;0;0;0;0
"09/08/2015";"14:57:00";"207";"com vítima";"645";"BR-163/MS";"Norte";"Capotamento";0;0;1;0;0;0;0;0;0;0;0;0;0;2;1
"09/08/2015";"19:23:00";"281";"sem vítima";"495";"BR-163/MS";"Norte";"Tombamento de moto";0;0;0;1;0;0;0;0;0;0;1;0;0;0;0
"09/08/2015";"20:05:00";"290";"com vítima";"505";"BR-163/MS";"Norte";"Colisão com veículos (traseira)";0;0;0;1;0;1;0;0;0;0;1;1;1;0;0
"09/08/2015";"21:41:00";"318";"sem vítima";"508,5";"BR-163/MS";"Sul";"Atropelamento - Animal";1;0;0;0;0;0;0;0;0;0;1;0;0;0;0
"09/08/2015";"23:02:00";"338";"com vítima";"461,5";"BR-163/MS";"Norte";"Capotamento";0;0;1;0;0;0;0;0;0;0;0;0;1;0;0
"10/08/2015";"11:11:00";"219";"com vítima";"225";"BR-163/MS";"Norte";"Colisão com veículos (traseira)";2;0;0;0;0;0;0;0;0;0;3;2;0;0;0
"10/08/2015";"12:36:00";"246";"sem vítima";"839,4";"BR-163/MS";"Sul";"Tombamento";0;0;1;0;0;1;0;0;0;0;2;0;0;0;0
"10/08/2015";"14:45:00";"289";"sem vítima";"492";"BR-163/MS";"Norte";"Colisão com veículos (traseira)";0;0;1;0;0;0;0;0;0;1;2;0;0;0;0
"11/08/2015";"02:35:00";"27";"sem vítima";"331";"BR-163/MS";"Sul";"Atropelamento - Animal";1;0;0;0;0;0;0;0;0;0;1;0;0;0;0
"11/08/2015";"05:43:00";"60";"sem vítima";"581";"BR-163/MS";"Sul";"Tombamento";0;0;1;0;0;1;0;0;0;0;2;0;0;0;0
"11/08/2015";"10:36:00";"196";"com vítima";"32";"BR-163/MS";"Sul";"Engavetamento";6;0;3;0;0;2;0;0;0;0;6;10;5;2;4
"11/08/2015";"14:23:00";"294";"sem vítima";"515";"BR-163/MS";"Sul";"Engavetamento";2;0;1;0;0;0;0;0;0;1;5;0;0;0;0
"11/08/2015";"16:53:00";"370";"sem vítima";"119";"BR-163/MS";"Sul";"Tombamento";0;0;1;0;0;0;0;0;0;0;1;0;0;0;0
"11/08/2015";"18:56:00";"405";"sem vítima";"26";"BR-163/MS";"Sul";"Colisão com veículos (traseira)";0;0;2;0;0;0;0;0;0;0;2;0;0;0;0
"12/08/2015";"07:50:00";"122";"com vítima";"223";"BR-163/MS";"Sul";"Colisão com veículos (traseira)";1;0;0;0;0;0;0;0;0;1;3;1;1;0;0
"12/08/2015";"14:23:00";"271";"com vítima";"680";"BR-163/MS";"Norte";"Colisão lateral no sentido contrário";1;0;0;1;0;0;0;0;0;0;5;0;0;1;0
"12/08/2015";"14:28:00";"275";"sem vítima";"546";"BR-163/MS";"Norte";"Tombamento";0;0;1;0;0;0;0;0;0;0;2;0;0;0;0
"12/08/2015";"17:08:00";"334";"sem vítima";"246";"BR-163/MS";"Sul";"Colisão com veículos (traseira)";0;0;2;0;0;0;0;0;0;0;2;0;0;0;0
"12/08/2015";"19:33:00";"364";"com vítima";"485,5";"BR-163/MS";"Sul";"Engavetamento";0;0;2;0;0;0;0;0;0;1;18;1;0;0;0
"13/08/2015";"01:55:00";"21";"sem vítima";"276,5";"BR-163/MS";"Sul";"Atropelamento - Animal";1;0;0;0;0;0;0;0;0;0;1;0;0;0;0
"13/08/2015";"07:02:00";"80";"com vítima";"552";"BR-163/MS";"Norte";"Colisão lateral no mesmo sentido";1;0;0;0;0;0;0;0;0;1;4;1;0;0;0
"13/08/2015";"07:20:00";"88";"com vítima";"729,6";"BR-163/MS";"Norte";"Colisão com veículos (traseira)";0;0;0;2;0;0;0;0;0;0;0;1;1;0;0
"13/08/2015";"08:11:00";"103";"com vítima";"466";"BR-163/MS";"Norte";"Tombamento";0;0;1;0;0;0;0;0;0;0;0;1;0;0;0
"13/08/2015";"19:37:00";"333";"sem vítima";"561";"BR-163/MS";"Sul";"Colisão lateral no mesmo sentido";0;0;2;0;0;0;0;0;0;0;2;0;0;0;0
"14/08/2015";"06:29:00";"83";"sem vítima";"406";"BR-163/MS";"Norte";"Atropelamento - Animal";1;0;0;0;0;0;0;0;0;0;1;0;0;0;0
"14/08/2015";"08:08:00";"157";"com vítima";"236";"BR-163/MS";"Norte";"Engavetamento";2;0;0;0;0;0;0;0;0;0;5;1;0;0;0
"14/08/2015";"08:46:00";"187";"com vítima";"837,4";"BR-163/MS";"Norte";"Tombamento de moto";0;0;0;1;0;0;0;0;0;0;0;0;0;1;0
"14/08/2015";"19:38:00";"470";"sem vítima";"477";"BR-163/MS";"Norte";"Colisão lateral no mesmo sentido";1;0;1;0;0;0;0;0;0;0;2;0;0;0;0
"15/08/2015";"07:11:00";"90";"com vítima";"490";"BR-163/MS";"Norte";"Colisão lateral no mesmo sentido";1;0;0;1;0;0;0;0;0;0;2;1;0;0;0
"15/08/2015";"16:27:00";"369";"sem vítima";"699,4";"BR-163/MS";"Norte";"Colisão lateral no mesmo sentido";1;0;1;0;0;0;0;0;0;0;4;0;0;0;0
"15/08/2015";"18:16:00";"412";"sem vítima";"632,2";"BR-163/MS";"Norte";"Colisão com veículos (traseira)";1;0;1;0;0;0;0;0;0;0;4;0;0;0;0
"16/08/2015";"00:17:00";"10";"com vítima";"262";"BR-163/MS";"Sul";"Atropelamento - Pedestre";0;0;0;1;0;0;0;0;0;0;1;0;1;0;0
"16/08/2015";"04:14:00";"55";"com vítima";"127";"BR-163/MS";"Norte";"Colisão c/ obstáculos";1;0;0;0;0;0;0;0;0;0;3;1;0;0;0
"16/08/2015";"06:51:00";"73";"com vítima";"564";"BR-163/MS";"Sul";"Saídas de pista";0;0;1;0;0;0;0;0;0;1;1;1;0;0;0
"16/08/2015";"08:17:00";"109";"com vítima";"486";"BR-163/MS";"Norte";"Tombamento de moto";0;0;0;1;0;0;0;0;0;0;0;2;0;0;0
"16/08/2015";"18:04:00";"310";"sem vítima";"339";"BR-163/MS";"Norte";"Colisão lateral no mesmo sentido";2;0;0;0;0;0;0;0;0;0;2;0;0;0;0
"16/08/2015";"19:39:00";"335";"sem vítima";"262";"BR-163/MS";"Sul";"Colisão com veículos (traseira)";0;0;0;0;0;1;0;0;0;1;2;0;0;0;0
"16/08/2015";"22:17:00";"372";"sem vítima";"309,1";"BR-163/MS";"Norte";"Atropelamento - Animal";1;0;0;0;0;0;0;0;0;0;1;0;0;0;0
"17/08/2015";"03:24:00";"22";"sem vítima";"518";"BR-163/MS";"Norte";"Saídas de pista";1;0;0;0;0;0;0;0;0;0;1;0;0;0;0
"17/08/2015";"07:54:00";"92";"sem vítima";"753";"BR-163/MS";"Norte";"Colisão lateral no mesmo sentido";1;0;1;0;0;0;0;0;0;0;2;0;0;0;0
"18/08/2015";"07:28:00";"84";"com vítima";"254";"BR-163/MS";"Sul";"Colisão lateral no sentido contrário";0;0;0;1;0;0;0;0;0;1;1;1;0;0;0
"18/08/2015";"14:12:00";"300";"com vítima";"32";"BR-163/MS";"Norte";"Colisão c/ obstáculos";1;0;0;0;0;0;0;0;0;0;0;1;0;0;0
"18/08/2015";"14:28:00";"306";"sem vítima";"546";"BR-163/MS";"Norte";"Tombamento";0;0;1;0;0;0;0;0;0;0;1;0;0;0;0
"18/08/2015";"18:10:00";"412";"sem vítima";"478";"BR-163/MS";"Norte";"Engavetamento";1;0;1;0;0;0;0;0;0;1;4;0;0;0;0
"18/08/2015";"23:34:00";"498";"sem vítima";"297";"BR-163/MS";"Norte";"Atropelamento - Animal";0;0;0;0;0;0;0;0;0;1;1;0;0;0;0
"19/08/2015";"06:41:00";"69";"com vítima";"801";"BR-163/MS";"Sul";"Colisão com veículos (traseira)";1;0;1;0;0;0;0;0;0;0;0;2;0;0;0
"19/08/2015";"18:59:00";"382";"sem vítima";"604,5";"BR-163/MS";"Norte";"Colisão lateral no mesmo sentido";1;0;1;0;0;0;0;0;0;0;2;0;0;0;0
"19/08/2015";"22:49:00";"449";"sem vítima";"20";"BR-163/MS";"Norte";"Saídas de pista";0;0;1;0;0;0;0;0;0;0;1;0;0;0;0
"19/08/2015";"23:00:00";"454";"com vítima";"609,8";"BR-163/MS";"Norte";"Capotamento";1;0;0;0;0;0;0;0;0;0;0;2;0;0;0
"20/08/2015";"05:00:00";"46";"sem vítima";"483";"BR-163/MS";"Norte";"Saídas de pista";1;0;0;0;0;0;0;0;0;0;2;0;0;0;0
"20/08/2015";"07:37:00";"94";"com vítima";"632,3";"BR-163/MS";"Norte";"Colisão lateral no sentido contrário";0;0;2;0;0;0;0;0;0;0;1;1;0;0;0
"20/08/2015";"17:49:00";"307";"sem vítima";"230,5";"BR-163/MS";"Norte";"Colisão c/ obstáculos";2;0;0;0;0;0;0;0;0;0;2;0;0;0;0
"21/08/2015";"14:25:00";"237";"sem vítima";"36";"BR-163/MS";"Norte";"Engavetamento";2;0;0;0;0;0;0;0;0;1;4;0;0;0;0
"21/08/2015";"23:41:00";"389";"com vítima";"54,9";"BR-163/MS";"Sul";"Capotamento";0;0;1;0;0;0;0;0;0;0;0;0;0;1;0
"22/08/2015";"01:10:00";"7";"sem vítima";"580";"BR-163/MS";"Norte";"Saídas de pista";0;0;1;0;0;0;0;0;0;0;1;0;0;0;0
"22/08/2015";"04:39:00";"36";"sem vítima";"784";"BR-163/MS";"Sul";"Atropelamento - Animal";0;0;1;0;0;0;0;0;0;0;1;0;0;0;0
"22/08/2015";"05:21:00";"43";"sem vítima";"276";"BR-163/MS";"Sul";"Saídas de pista";1;0;0;0;0;0;0;0;0;0;2;0;0;0;0
"22/08/2015";"06:54:00";"66";"com vítima";"490";"BR-163/MS";"Norte";"Colisão lateral no mesmo sentido";1;0;0;1;0;0;0;0;0;0;1;2;0;0;0
"22/08/2015";"07:21:00";"81";"sem vítima";"256";"BR-163/MS";"Norte";"Colisão com veículos (traseira)";0;0;2;0;0;0;0;0;0;0;2;0;0;0;0
"22/08/2015";"08:54:00";"141";"com vítima";"378,378";"BR-163/MS";"Norte";"Tombamento de moto";0;0;0;1;0;0;0;0;0;0;0;1;0;0;0
"22/08/2015";"09:59:00";"187";"sem vítima";"207";"BR-163/MS";"Norte";"Tombamento";0;0;1;0;0;0;0;0;0;0;1;0;0;0;0
"22/08/2015";"10:48:00";"209";"com vítima";"698,3";"BR-163/MS";"Sul";"Tombamento de moto";0;0;0;1;0;0;0;0;0;0;0;2;0;0;0
"22/08/2015";"14:38:00";"299";"sem vítima";"555,5";"BR-163/MS";"Norte";"Colisão com veículos (traseira)";1;0;1;0;0;0;0;0;0;0;4;0;0;0;0
"22/08/2015";"16:31:00";"358";"sem vítima";"319";"BR-163/MS";"Norte";"Capotamento";0;0;0;0;0;0;0;0;0;1;2;0;0;0;0
"22/08/2015";"22:14:00";"431";"sem vítima";"820";"BR-163/MS";"Norte";"Colisão c/ obstáculos";1;0;0;0;0;0;0;0;0;0;2;0;0;0;0
"23/08/2015";"15:43:00";"235";"sem vítima";"224";"BR-163/MS";"Norte";"Colisão lateral no mesmo sentido";0;0;1;0;0;0;0;0;0;1;2;0;0;0;0
"23/08/2015";"16:26:00";"244";"sem vítima";"490";"BR-163/MS";"Norte";"Colisão lateral no mesmo sentido";0;0;1;1;0;0;0;0;0;0;2;0;0;0;0
"23/08/2015";"19:17:00";"300";"com vítima";"237";"BR-163/MS";"Norte";"Tombamento de moto";1;0;0;1;0;0;0;0;0;0;0;0;1;0;0
"23/08/2015";"20:51:00";"326";"sem vítima";"309,5";"BR-163/MS";"Norte";"Atropelamento - Animal";1;0;0;0;0;0;0;0;0;0;1;0;0;0;0
"23/08/2015";"23:12:00";"361";"com vítima";"260";"BR-163/MS";"Norte";"Tombamento de moto";0;0;0;1;0;0;0;0;0;0;0;0;2;0;0
"24/08/2015";"07:58:00";"157";"com vítima";"343";"BR-163/MS";"Norte";"Atropelamento - Pedestre";1;0;0;0;0;0;0;0;0;0;1;1;0;0;0
"24/08/2015";"13:56:00";"282";"com vítima";"566";"BR-163/MS";"Sul";"Tombamento";0;0;2;0;0;0;0;0;0;0;1;1;0;0;0
"24/08/2015";"18:19:00";"358";"sem vítima";"222";"BR-163/MS";"Sul";"Colisão c/ obstáculos";0;0;0;0;0;1;0;0;0;2;3;0;0;0;0
"24/08/2015";"18:23:00";"360";"com vítima";"483,6";"BR-163/MS";"Norte";"Colisão lateral no mesmo sentido";0;0;0;2;0;0;0;0;0;0;0;2;0;0;0
"24/08/2015";"21:17:00";"404";"com vítima";"319";"BR-163/MS";"Norte";"Colisão lateral no mesmo sentido";0;0;1;0;0;0;0;0;0;1;1;0;1;0;0
"25/08/2015";"11:46:00";"240";"sem vítima";"277,275";"BR-163/MS";"Sul";"Colisão com veículos (traseira)";1;0;0;0;0;0;0;0;0;1;3;0;0;0;0
"25/08/2015";"14:05:00";"287";"com vítima";"244";"BR-163/MS";"Sul";"Tombamento de moto";0;0;0;1;0;0;0;0;0;0;1;1;0;0;0
"25/08/2015";"14:29:00";"297";"sem vítima";"119";"BR-163/MS";"Sul";"Colisão com veículos (traseira)";0;0;1;0;1;0;0;0;0;0;2;0;0;0;0
"25/08/2015";"18:09:00";"374";"sem vítima";"258";"BR-163/MS";"Norte";"Colisão lateral no sentido contrário";1;1;0;0;0;0;0;0;0;0;1;0;0;0;0
"25/08/2015";"21:31:00";"420";"com vítima";"76,3";"BR-163/MS";"Sul";"Atropelamento - Pedestre";0;0;1;0;0;0;0;0;0;0;1;0;0;0;1
"25/08/2015";"22:07:00";"426";"com vítima";"492";"BR-163/MS";"Sul";"Atropelamento - Pedestre";1;0;0;0;0;0;0;0;0;0;1;0;0;0;1
"26/08/2015";"02:13:00";"21";"com vítima";"489";"BR-163/MS";"Norte";"Colisão com veículos (traseira)";2;0;0;0;0;0;0;0;0;0;1;1;1;0;0
"26/08/2015";"10:31:00";"214";"com vítima";"771";"BR-163/MS";"Norte";"Tombamento";0;0;1;0;0;0;0;0;0;0;0;1;0;0;0
"26/08/2015";"14:00:00";"279";"com vítima";"556";"BR-163/MS";"Norte";"Saídas de pista";1;0;0;0;0;0;0;0;0;0;3;1;0;0;0
"26/08/2015";"20:34:00";"410";"sem vítima";"482";"BR-163/MS";"Sul";"Colisão com veículos (frontal)";2;0;0;0;0;0;0;0;0;0;6;0;0;0;0
"26/08/2015";"23:37:00";"451";"sem vítima";"344";"BR-163/MS";"Sul";"Atropelamento - Animal";1;0;0;0;0;0;0;0;0;0;1;0;0;0;0
"27/08/2015";"01:33:00";"17";"com vítima";"346";"BR-163/MS";"Norte";"Colisão lateral no sentido contrário";1;0;1;0;0;1;0;0;0;0;1;2;0;0;1
"27/08/2015";"06:04:00";"49";"com vítima";"744";"BR-163/MS";"Sul";"Colisão c/ obstáculos";1;0;0;0;0;0;0;0;0;0;0;1;0;0;0
"27/08/2015";"06:27:00";"54";"sem vítima";"637,5";"BR-163/MS";"Sul";"Colisão com veículos (traseira)";0;0;0;0;0;0;0;0;0;2;8;0;0;0;0
"27/08/2015";"18:44:00";"386";"sem vítima";"490";"BR-163/MS";"Norte";"Colisão lateral no mesmo sentido";1;0;1;0;0;0;0;0;0;0;2;0;0;0;0
"27/08/2015";"19:07:00";"391";"com vítima";"660,2";"BR-163/MS";"Norte";"Colisão lateral no mesmo sentido";0;0;2;0;0;0;0;0;0;0;1;1;0;0;0
"27/08/2015";"20:12:00";"405";"com vítima";"190";"BR-163/MS";"Norte";"Tombamento de moto";0;0;0;1;0;0;0;0;0;0;0;1;0;0;0
"27/08/2015";"20:22:00";"406";"sem vítima";"540";"BR-163/MS";"Norte";"Colisão c/ obstáculos";1;0;0;0;0;0;0;0;0;1;2;0;0;0;0
"27/08/2015";"21:16:00";"417";"sem vítima";"26,9";"BR-163/MS";"Norte";"Capotamento";0;0;1;0;0;0;0;0;0;0;1;0;0;0;0
"28/08/2015";"03:05:00";"23";"com vítima";"633";"BR-163/MS";"Norte";"Tombamento";0;0;1;0;0;0;0;0;0;0;0;1;0;0;0
"28/08/2015";"11:01:00";"158";"sem vítima";"251";"BR-163/MS";"Sul";"Colisão lateral no sentido contrário";0;0;1;0;0;0;0;0;0;1;2;0;0;0;0
"28/08/2015";"14:02:00";"211";"com vítima";"290";"BR-163/MS";"Sul";"Capotamento";1;0;0;0;0;0;0;0;0;0;0;2;0;0;0
"28/08/2015";"17:40:00";"270";"com vítima";"135";"BR-163/MS";"Norte";"Capotamento";1;0;1;0;0;0;0;0;0;0;3;0;1;0;0
"28/08/2015";"18:18:00";"282";"com vítima";"516";"BR-163/MS";"Sul";"Colisão com veículos (traseira)";1;0;1;0;0;0;0;0;0;0;3;0;1;0;0
"28/08/2015";"20:58:00";"328";"com vítima";"630";"BR-163/MS";"Norte";"Tombamento de moto";0;0;0;1;0;0;0;0;0;0;0;0;0;1;0
"28/08/2015";"21:48:00";"347";"com vítima";"512";"BR-163/MS";"Sul";"Colisão com veículos (traseira)";0;0;2;0;0;0;0;0;0;0;2;0;0;1;0
"29/08/2015";"05:49:00";"63";"com vítima";"36";"BR-163/MS";"Norte";"Colisão com veículos (traseira)";0;1;0;0;0;1;0;0;0;0;1;0;0;1;0
"29/08/2015";"13:37:00";"207";"com vítima";"260";"BR-163/MS";"Sul";"Colisão com veículos (traseira)";1;0;0;1;0;0;0;0;0;0;2;0;0;1;0
"29/08/2015";"19:49:00";"322";"com vítima";"258";"BR-163/MS";"Sul";"Tombamento de moto";0;0;0;1;0;0;0;0;0;0;0;1;0;0;0
"29/08/2015";"19:52:00";"324";"com vítima";"364,8";"BR-163/MS";"Sul";"Capotamento";1;0;0;0;0;0;0;0;0;0;0;1;0;0;0
"30/08/2015";"05:41:00";"46";"com vítima";"176";"BR-163/MS";"Sul";"Capotamento";1;0;0;0;0;0;0;0;0;0;0;2;0;0;0
"30/08/2015";"06:24:00";"49";"com vítima";"255,6";"BR-163/MS";"Norte";"Capotamento";1;0;0;0;0;0;0;0;0;0;0;1;0;0;0
"30/08/2015";"10:41:00";"182";"com vítima";"490";"BR-163/MS";"Norte";"Tombamento";0;0;1;0;0;1;0;0;0;0;1;1;0;0;0
"30/08/2015";"11:09:00";"191";"sem vítima";"789";"BR-163/MS";"Norte";"Colisão com veículos (traseira)";0;0;2;0;0;0;0;0;0;0;2;0;0;0;0
"31/08/2015";"13:40:00";"283";"com vítima";"169";"BR-163/MS";"Sul";"Tombamento de moto";0;0;0;1;0;0;0;0;0;0;0;0;1;0;0
"31/08/2015";"17:10:00";"372";"sem vítima";"661";"BR-163/MS";"Sul";"Capotamento";1;0;0;0;0;0;0;0;0;0;2;0;0;0;0
"31/08/2015";"17:48:00";"386";"sem vítima";"785";"BR-163/MS";"Norte";"Colisão com veículos (traseira)";0;0;2;0;0;0;0;0;0;0;2;0;0;0;0
"31/08/2015";"18:29:00";"397";"sem vítima";"558";"BR-163/MS";"Norte";"Atropelamento - Animal";1;0;0;0;0;0;0;0;0;0;2;0;0;0;0
"01/09/2015";"10:55:00";"257";"sem vítima";"386";"BR-163/MS";"Norte";"Colisão com veículos (traseira)";0;0;0;0;0;0;0;0;0;2;4;0;0;0;0
"01/09/2015";"13:23:00";"296";"com vítima";"206";"BR-163/MS";"Sul";"Tombamento";0;0;1;0;0;0;0;0;0;0;1;0;1;0;0
"01/09/2015";"15:17:00";"340";"com vítima";"500";"BR-163/MS";"Norte";"Capotamento";1;0;0;0;0;0;0;0;0;0;0;1;0;0;0
"02/09/2015";"02:38:00";"35";"com vítima";"19,8";"BR-163/MS";"Sul";"Tombamento";0;0;1;0;0;0;0;0;0;0;0;1;0;0;0
"02/09/2015";"08:01:00";"103";"sem vítima";"238";"BR-163/MS";"Norte";"Colisão com veículos (traseira)";1;0;0;0;1;0;0;0;0;0;3;0;0;0;0
"02/09/2015";"10:49:00";"189";"com vítima";"163";"BR-163/MS";"Sul";"Colisão lateral no mesmo sentido";0;0;2;0;0;0;0;0;0;1;2;2;0;0;0
"02/09/2015";"13:28:00";"231";"com vítima";"390";"BR-163/MS";"Norte";"Engavetamento";1;0;2;0;0;0;0;0;0;1;5;1;0;0;0
"02/09/2015";"14:07:00";"244";"com vítima";"556";"BR-163/MS";"Norte";"Colisão com veículos (traseira)";2;0;0;0;0;0;0;0;0;0;2;1;0;0;0
"02/09/2015";"18:10:00";"302";"com vítima";"818";"BR-163/MS";"Sul";"Colisão c/ obstáculos";0;0;0;1;0;0;0;0;0;0;0;0;0;1;0
"02/09/2015";"20:32:00";"338";"com vítima";"23,2";"BR-163/MS";"Sul";"Colisão lateral no sentido contrário";0;0;0;1;0;1;0;0;0;0;1;1;0;0;0
"03/09/2015";"04:54:00";"54";"com vítima";"122";"BR-163/MS";"Norte";"Capotamento";1;0;0;0;0;0;0;0;0;0;0;1;0;0;0
"03/09/2015";"11:57:00";"231";"sem vítima";"265";"BR-163/MS";"Sul";"Colisão lateral no sentido contrário";2;0;0;0;0;0;0;0;0;0;2;0;0;0;0
"03/09/2015";"19:06:00";"373";"com vítima";"689,6";"BR-163/MS";"Norte";"Atropelamento - Animal";0;0;0;1;0;0;0;0;0;0;0;0;1;0;0
"03/09/2015";"22:27:00";"425";"com vítima";"12";"BR-163/MS";"Norte";"Atropelamento - Pedestre";0;1;0;0;1;0;0;0;0;0;1;0;0;1;0
"04/09/2015";"02:13:00";"38";"com vítima";"76";"BR-163/MS";"Norte";"Tombamento de moto";0;0;0;1;0;0;0;0;0;0;0;1;0;0;0
"04/09/2015";"18:54:00";"426";"sem vítima";"67";"BR-163/MS";"Norte";"Colisão c/ obstáculos";1;0;0;0;0;0;0;0;0;0;1;0;0;0;0
"04/09/2015";"19:59:00";"446";"com vítima";"614";"BR-163/MS";"Norte";"Colisão lateral no mesmo sentido";1;0;0;0;0;0;0;0;0;1;3;1;1;0;0
"04/09/2015";"20:31:00";"455";"com vítima";"690";"BR-163/MS";"Sul";"Saídas de pista";1;0;0;0;0;0;0;0;0;0;0;2;0;0;0
"04/09/2015";"22:01:00";"477";"sem vítima";"571";"BR-163/MS";"Sul";"Atropelamento - Animal";1;0;0;0;0;0;0;0;0;0;3;0;0;0;0
"04/09/2015";"23:09:00";"501";"sem vítima";"302";"BR-163/MS";"Sul";"Atropelamento - Animal";1;0;0;0;0;0;0;0;0;0;1;0;0;0;0
"04/09/2015";"23:51:00";"519";"com vítima";"270";"BR-163/MS";"Sul";"Colisão lateral no mesmo sentido";1;0;1;0;0;0;0;0;0;0;0;2;0;0;0
"05/09/2015";"05:43:00";"107";"com vítima";"193";"BR-163/MS";"Sul";"Capotamento";0;0;0;0;0;0;0;0;0;1;0;1;1;0;0
"05/09/2015";"08:52:00";"154";"sem vítima";"30";"BR-163/MS";"Norte";"Colisão com veículos (traseira)";1;0;0;0;1;0;0;0;0;0;3;0;0;0;0
"05/09/2015";"12:23:00";"214";"com vítima";"482,5";"BR-163/MS";"Norte";"Engavetamento";1;0;2;0;0;0;0;0;0;0;2;0;1;0;0
"05/09/2015";"12:35:00";"215";"com vítima";"487";"BR-163/MS";"Norte";"Colisão lateral no mesmo sentido";1;0;1;0;0;0;0;0;0;0;1;0;1;0;0
"05/09/2015";"20:35:00";"363";"sem vítima";"479";"BR-163/MS";"Norte";"Colisão com veículos (traseira)";2;0;0;0;0;0;0;0;0;0;6;0;0;0;0
"05/09/2015";"21:22:00";"373";"com vítima";"260,8";"BR-163/MS";"Norte";"Colisão lateral no sentido contrário";1;1;0;0;0;0;0;0;0;0;1;0;0;1;0
"06/09/2015";"15:23:00";"252";"com vítima";"18,9";"BR-163/MS";"Norte";"Colisão lateral no sentido contrário";1;0;0;0;0;0;0;0;0;1;2;1;0;0;0
"06/09/2015";"20:39:00";"341";"sem vítima";"273,8";"BR-163/MS";"Norte";"Saídas de pista";1;0;0;0;0;0;0;0;0;0;1;0;0;0;0
"07/09/2015";"00:02:00";"1";"com vítima";"400";"BR-163/MS";"Norte";"Saídas de pista";1;0;0;0;0;0;0;0;0;0;1;1;0;0;0
"07/09/2015";"00:42:00";"5";"com vítima";"490";"BR-163/MS";"Norte";"Atropelamento - Animal";0;0;0;1;0;0;0;0;0;0;0;2;0;0;0
"07/09/2015";"15:18:00";"235";"com vítima";"187";"BR-163/MS";"Norte";"Capotamento";1;0;0;0;0;0;0;0;0;0;0;1;0;0;0
"07/09/2015";"15:53:00";"246";"sem vítima";"675,8";"BR-163/MS";"Sul";"Colisão com veículos (traseira)";2;0;0;0;0;0;0;0;0;0;5;0;0;0;0
"08/09/2015";"03:02:00";"29";"sem vítima";"157";"BR-163/MS";"Sul";"Tombamento";0;0;1;0;0;0;0;0;0;0;1;0;0;0;0
"08/09/2015";"06:21:00";"49";"com vítima";"237";"BR-163/MS";"Sul";"Tombamento";0;0;1;0;0;1;0;0;0;0;1;1;0;0;0