data;horario;n_da_ocorrencia;tipo_de_ocorrencia;km;trecho;sentido;tipo_de_acidente;automovel;bicicleta;caminhao;moto;onibus;outros;tracao_animal;transporte_de_cargas_especiais;trator_maquinas;utilitarios;ilesos;levemente_feridos;moderadamente_feridos;gravemente_feridos;mortos
"01/07/2016";"22:11:00";"428";"com vítima";"254,6";"BR-163/MS";"Sul";"Colisão c/ obstáculos";0;0;0;1;0;1;0;0;0;0;1;0;0;1;1
"02/07/2016";"01:29:00";"12";"sem vítima";"103,8";"BR-163/MS";"Sul";"Atropelamento - Animal";1;0;0;0;0;0;0;0;0;0;1;0;0;0;0
"02/07/2016";"07:03:00";"70";"com vítima";"117";"BR-163/MS";"Sul";"Colisão lateral no mesmo sentido";1;0;1;0;0;0;0;0;0;0;1;1;0;0;0
"02/07/2016";"10:11:00";"156";"sem vítima";"470";"BR-163/MS";"Sul";"Colisão lateral no sentido contrário";1;0;0;2;0;0;0;0;0;0;4;0;0;0;0
"02/07/2016";"17:58:00";"299";"sem vítima";"225";"BR-163/MS";"Sul";"Colisão lateral no mesmo sentido";0;0;0;0;1;0;0;0;0;1;2;0;0;0;0
"02/07/2016";"23:12:00";"352";"sem vítima";"564,5";"BR-163/MS";"Norte";"Atropelamento - Animal";1;0;0;0;0;0;0;0;0;0;2;0;0;0;0
"03/07/2016";"02:06:00";"10";"sem vítima";"666";"BR-163/MS";"Norte";"Atropelamento - Animal";1;0;0;0;0;0;0;0;0;0;1;0;0;0;0
"03/07/2016";"03:14:00";"16";"com vítima";"808";"BR-163/MS";"Norte";"Tombamento de moto";0;0;0;1;0;0;0;0;0;0;0;0;1;0;0
"03/07/2016";"04:34:00";"26";"sem vítima";"23";"BR-163/MS";"Norte";"Colisão com veículos (traseira)";1;0;0;0;0;1;0;0;0;0;2;0;0;0;0
"03/07/2016";"18:25:00";"324";"com vítima";"79,5";"BR-163/MS";"Norte";"Colisão com veículos (traseira)";1;0;0;1;0;0;0;0;0;0;2;0;1;0;0
"04/07/2016";"07:16:00";"109";"sem vítima";"482";"BR-163/MS";"Norte";"Colisão com veículos (traseira)";1;0;0;1;0;0;0;0;0;0;2;0;0;0;0
"04/07/2016";"15:30:00";"327";"sem vítima";"351,2";"BR-163/MS";"Norte";"Tombamento";0;0;1;0;0;0;0;0;0;0;1;0;0;0;0
"04/07/2016";"23:20:00";"451";"sem vítima";"600,6";"BR-163/MS";"Norte";"Atropelamento - Animal";1;0;0;0;0;1;0;0;0;0;5;0;0;0;0
"05/07/2016";"06:51:00";"79";"com vítima";"57";"BR-163/MS";"Sul";"Capotamento";0;0;0;0;0;0;0;0;0;1;0;1;0;0;0
"05/07/2016";"17:41:00";"362";"com vítima";"471";"BR-163/MS";"Sul";"Colisão com veículos (traseira)";0;1;0;1;0;0;0;0;0;0;1;1;0;0;0
"06/07/2016";"04:22:00";"17";"com vítima";"353,8";"BR-163/MS";"Sul";"Tombamento de moto";0;0;0;1;0;0;0;0;0;0;0;2;0;0;0
"06/07/2016";"09:25:00";"120";"com vítima";"186";"BR-163/MS";"Norte";"Colisão com veículos (traseira)";1;0;1;0;0;0;0;0;0;0;2;4;0;0;0
"06/07/2016";"19:53:00";"345";"sem vítima";"621,5";"BR-163/MS";"Norte";"Atropelamento - Animal";1;0;0;0;0;0;0;0;0;0;1;0;0;0;0
"07/07/2016";"17:53:00";"322";"sem vítima";"399";"BR-163/MS";"Norte";"Colisão com veículos (traseira)";0;0;2;0;0;0;0;0;0;0;2;0;0;0;0
"07/07/2016";"22:05:00";"370";"sem vítima";"324";"BR-163/MS";"Norte";"Atropelamento - Animal";1;0;0;0;0;0;0;0;0;1;2;0;0;0;0
"08/07/2016";"16:26:00";"314";"com vítima";"77,8";"BR-163/MS";"Sul";"Colisão com veículos (traseira)";0;0;0;1;0;0;0;0;0;1;1;1;0;0;0
"08/07/2016";"19:47:00";"380";"sem vítima";"493";"BR-163/MS";"Sul";"Atropelamento - Animal";1;0;0;0;0;0;0;0;0;0;1;0;0;0;0
"09/07/2016";"06:15:00";"47";"sem vítima";"496";"BR-163/MS";"Norte";"Saídas de pista";1;0;0;0;0;0;0;0;0;0;1;0;0;0;0
"09/07/2016";"17:26:00";"324";"sem vítima";"555";"BR-163/MS";"Sul";"Atropelamento - Animal";1;0;0;0;0;0;0;0;0;0;1;0;0;0;0
"09/07/2016";"17:32:00";"327";"com vítima";"265";"BR-163/MS";"Norte";"Colisão lateral no sentido contrário";1;1;0;0;0;0;0;0;0;0;1;0;1;0;0
"09/07/2016";"20:27:00";"367";"com vítima";"478";"BR-163/MS";"Sul";"Tombamento de moto";0;0;0;1;0;0;0;0;0;0;1;1;0;0;0
"09/07/2016";"20:40:00";"370";"sem vítima";"309,5";"BR-163/MS";"Norte";"Tombamento de moto";0;0;0;1;0;0;0;0;0;0;1;0;0;0;0
"09/07/2016";"22:31:00";"385";"com vítima";"278,723";"BR-163/MS";"Sul";"Tombamento de moto";0;0;0;1;0;0;0;0;0;0;0;1;0;0;0
"10/07/2016";"01:40:00";"12";"sem vítima";"348,8";"BR-163/MS";"Norte";"Colisão c/ obstáculos";0;0;0;1;0;0;0;0;0;0;1;0;0;0;0
"10/07/2016";"04:09:00";"15";"com vítima";"446,4";"BR-163/MS";"Sul";"Capotamento";0;0;1;0;0;1;0;0;0;0;1;0;1;0;0
"10/07/2016";"08:54:00";"92";"com vítima";"286";"BR-163/MS";"Sul";"Tombamento de moto";0;0;0;1;0;0;0;0;0;0;0;1;0;0;0
"10/07/2016";"15:10:00";"210";"sem vítima";"549";"BR-163/MS";"Sul";"Colisão com veículos (traseira)";2;0;0;0;0;0;0;0;0;0;5;0;0;0;0
"10/07/2016";"19:31:00";"278";"com vítima";"471,425";"BR-163/MS";"Norte";"Colisão lateral no mesmo sentido";1;0;1;0;0;0;0;0;0;0;4;1;1;0;0
"11/07/2016";"02:54:00";"8";"sem vítima";"129,52";"BR-163/MS";"Sul";"Atropelamento - Animal";0;0;1;0;0;0;0;0;0;0;1;0;0;0;0
"11/07/2016";"16:09:00";"339";"com vítima";"473";"BR-163/MS";"Norte";"Tombamento de moto";0;0;0;1;0;0;0;0;0;0;0;0;1;0;0
"12/07/2016";"17:38:00";"386";"sem vítima";"263";"BR-163/MS";"Norte";"Colisão lateral no mesmo sentido";1;0;1;0;0;0;0;0;0;0;2;0;0;0;0
"13/07/2016";"06:40:00";"59";"sem vítima";"481";"BR-163/MS";"Norte";"Tombamento";0;0;1;0;0;0;0;0;0;0;2;0;0;0;0
"13/07/2016";"22:51:00";"411";"sem vítima";"223,75";"BR-163/MS";"Sul";"Colisão com veículos (traseira)";1;0;0;0;0;1;0;0;0;0;7;0;0;0;0
"14/07/2016";"07:26:00";"52";"sem vítima";"270,8";"BR-163/MS";"Sul";"Capotamento";1;0;0;0;0;0;0;0;0;0;2;0;0;0;0
"15/07/2016";"08:54:00";"119";"sem vítima";"640";"BR-163/MS";"Norte";"Colisão c/ obstáculos";0;0;3;0;0;0;0;0;0;0;3;0;0;0;0
"15/07/2016";"15:35:00";"301";"com vítima";"476";"BR-163/MS";"Sul";"Colisão lateral no sentido contrário";0;0;2;0;0;0;0;0;0;0;1;1;0;0;0
"15/07/2016";"17:43:00";"349";"com vítima";"265";"BR-163/MS";"Norte";"Tombamento de moto";0;0;0;1;0;0;0;0;0;0;0;1;0;0;0
"15/07/2016";"17:58:00";"355";"com vítima";"256";"BR-163/MS";"Norte";"Tombamento de moto";1;0;0;1;0;0;0;0;0;0;1;0;0;0;1
"15/07/2016";"20:11:00";"396";"com vítima";"261";"BR-163/MS";"Sul";"Colisão c/ obstáculos";0;0;0;1;0;0;0;0;0;0;0;0;0;0;1
"15/07/2016";"23:15:00";"435";"com vítima";"245";"BR-163/MS";"Sul";"Colisão com veículos (traseira)";1;0;0;1;0;0;0;0;0;0;0;2;0;1;0
"16/07/2016";"04:50:00";"37";"com vítima";"260";"BR-163/MS";"Sul";"Colisão c/ obstáculos";0;0;0;2;0;0;0;0;0;0;0;3;0;0;0
"16/07/2016";"09:23:00";"132";"com vítima";"482";"BR-163/MS";"Norte";"Colisão com veículos (frontal)";0;0;3;0;0;0;0;0;0;0;1;0;0;1;1
"16/07/2016";"17:02:00";"268";"com vítima";"821,8";"BR-163/MS";"Norte";"Colisão c/ obstáculos";0;0;0;1;0;0;0;0;0;0;0;1;0;0;0
"16/07/2016";"20:40:00";"332";"sem vítima";"478,89";"BR-163/MS";"Sul";"Colisão lateral no mesmo sentido";1;0;1;0;0;0;0;0;0;0;2;0;0;0;0
"17/07/2016";"03:58:00";"24";"com vítima";"356,2";"BR-163/MS";"Sul";"Capotamento";1;0;0;0;0;0;0;0;0;0;0;1;0;0;0
"17/07/2016";"20:02:00";"376";"com vítima";"165,212";"BR-163/MS";"Norte";"Colisão com veículos (frontal)";1;0;1;0;0;0;0;0;0;0;1;0;0;1;0
"17/07/2016";"20:45:00";"379";"sem vítima";"777,4";"BR-163/MS";"Sul";"Atropelamento - Animal";1;0;0;0;0;0;0;0;0;0;1;0;0;0;0
"18/07/2016";"06:32:00";"37";"com vítima";"470";"BR-163/MS";"Norte";"Colisão com veículos (traseira)";2;0;0;0;0;0;0;0;0;0;4;1;0;0;0
"18/07/2016";"08:00:00";"95";"sem vítima";"483";"BR-163/MS";"Sul";"Colisão lateral no mesmo sentido";1;0;1;0;0;0;0;0;0;0;3;0;0;0;0
"18/07/2016";"18:57:00";"358";"com vítima";"464,843";"BR-163/MS";"Sul";"Atropelamento - Pedestre";0;0;0;0;0;1;0;0;0;0;1;0;0;1;0
"19/07/2016";"08:39:00";"114";"sem vítima";"680";"BR-163/MS";"Norte";"Colisão lateral no sentido contrário";2;0;0;0;0;0;0;0;0;0;9;0;0;0;0
"19/07/2016";"12:36:00";"217";"sem vítima";"313";"BR-163/MS";"Norte";"Colisão c/ obstáculos";0;0;2;0;0;0;0;0;0;0;2;0;0;0;0
"19/07/2016";"18:10:00";"324";"sem vítima";"311";"BR-163/MS";"Norte";"Atropelamento - Animal";1;0;0;0;0;0;0;0;0;0;2;0;0;0;0
"19/07/2016";"18:25:00";"328";"com vítima";"612,8";"BR-163/MS";"Norte";"Tombamento de moto";0;0;0;1;0;0;0;0;0;0;0;0;1;0;0
"19/07/2016";"19:23:00";"346";"com vítima";"741,934";"BR-163/MS";"Sul";"Tombamento";0;0;3;0;0;0;0;0;0;0;2;1;0;0;0
"19/07/2016";"21:03:00";"366";"com vítima";"115";"BR-163/MS";"Sul";"Atropelamento - Animal";0;0;0;1;0;0;0;0;0;0;0;1;0;0;0
"20/07/2016";"03:24:00";"47";"sem vítima";"101";"BR-163/MS";"Norte";"Capotamento";0;0;1;0;0;0;0;0;0;0;1;0;0;0;0
"20/07/2016";"05:49:00";"68";"com vítima";"827";"BR-163/MS";"Sul";"Colisão c/ obstáculos";1;0;0;0;0;0;0;0;0;0;2;1;2;0;0
"20/07/2016";"06:49:00";"80";"com vítima";"478";"BR-163/MS";"Norte";"Tombamento de moto";0;0;0;1;0;0;0;0;0;0;0;2;0;0;0
"20/07/2016";"13:27:00";"225";"sem vítima";"305";"BR-163/MS";"Norte";"Colisão c/ obstáculos";0;0;1;0;0;0;0;0;0;0;2;0;0;0;0
"20/07/2016";"13:37:00";"229";"com vítima";"477";"BR-163/MS";"Norte";"Colisão com veículos (traseira)";1;0;1;0;0;0;0;0;0;0;1;1;1;0;0
"20/07/2016";"15:31:00";"261";"com vítima";"616";"BR-163/MS";"Sul";"Colisão lateral no mesmo sentido";2;0;0;0;0;0;0;0;0;0;3;1;0;0;0
"20/07/2016";"15:44:00";"268";"com vítima";"485";"BR-163/MS";"Norte";"Colisão com veículos (traseira)";2;0;0;0;0;0;0;0;0;0;1;1;0;0;0
"21/07/2016";"13:21:00";"248";"com vítima";"430,2";"BR-163/MS";"Norte";"Colisão com veículos (traseira)";1;0;1;0;0;0;0;0;0;0;1;1;0;0;0
"21/07/2016";"19:06:00";"348";"com vítima";"575,335";"BR-163/MS";"Norte";"Colisão lateral no mesmo sentido";0;0;1;0;0;0;0;0;0;0;1;1;0;0;0
"22/07/2016";"16:57:00";"362";"sem vítima";"221";"BR-163/MS";"Sul";"Capotamento";1;0;0;0;0;0;0;0;0;0;2;0;0;0;0
"23/07/2016";"01:41:00";"18";"sem vítima";"721,26";"BR-163/MS";"Sul";"Atropelamento - Animal";0;0;0;0;0;0;0;0;0;1;2;0;0;0;0
"23/07/2016";"02:30:00";"22";"sem vítima";"333,333";"BR-163/MS";"Norte";"Tombamento";0;0;1;0;0;0;0;0;0;0;1;0;0;0;0
"23/07/2016";"10:58:00";"148";"com vítima";"690,1";"BR-163/MS";"Sul";"Colisão com veículos (traseira)";0;0;0;0;0;0;0;0;0;2;8;1;0;0;0
"23/07/2016";"15:24:00";"258";"sem vítima";"557";"BR-163/MS";"Norte";"Capotamento";0;0;0;0;0;0;0;0;0;1;2;0;0;0;0
"23/07/2016";"18:03:00";"301";"sem vítima";"204,95";"BR-163/MS";"Sul";"Tombamento";0;0;1;0;0;1;0;0;0;0;2;0;0;0;0
"24/07/2016";"03:50:00";"25";"sem vítima";"493,85";"BR-163/MS";"Norte";"Atropelamento - Animal";0;0;1;0;0;0;0;0;0;0;1;0;0;0;0
"24/07/2016";"06:53:00";"49";"sem vítima";"578,1";"BR-163/MS";"Sul";"Tombamento";0;0;1;0;0;0;0;0;0;0;1;0;0;0;0
"24/07/2016";"17:20:00";"241";"sem vítima";"678";"BR-163/MS";"Norte";"Colisão com veículos (traseira)";2;0;0;0;0;0;0;0;0;0;6;0;0;0;0
"24/07/2016";"19:06:00";"271";"com vítima";"20";"BR-163/MS";"Sul";"Tombamento de moto";0;0;0;1;0;0;0;0;0;0;0;1;0;0;0
"24/07/2016";"23:02:00";"313";"sem vítima";"67,5";"BR-163/MS";"Norte";"Capotamento";1;0;0;0;0;0;0;0;0;0;1;0;0;0;0
"25/07/2016";"15:08:00";"263";"com vítima";"614";"BR-163/MS";"Norte";"Atropelamento - Pedestre";0;0;1;0;0;1;0;0;0;0;2;0;0;1;0
"25/07/2016";"15:16:00";"266";"com vítima";"476";"BR-163/MS";"Sul";"Capotamento";1;0;0;0;0;0;0;0;0;0;0;1;1;2;0
"25/07/2016";"18:12:00";"326";"com vítima";"479,16";"BR-163/MS";"Norte";"Colisão com veículos (traseira)";0;0;0;1;0;1;0;0;0;0;1;1;0;0;0
"25/07/2016";"19:49:00";"352";"com vítima";"37,162";"BR-163/MS";"Norte";"Capotamento";1;0;0;0;0;0;0;0;0;0;0;0;2;0;0
"25/07/2016";"23:15:00";"378";"sem vítima";"512,975";"BR-163/MS";"Sul";"Atropelamento - Animal";1;0;0;0;0;0;0;0;0;0;1;0;0;0;0
"26/07/2016";"05:00:00";"15";"com vítima";"151,584";"BR-163/MS";"Norte";"Tombamento";0;0;1;0;0;0;0;0;0;0;0;1;0;0;0
"26/07/2016";"05:42:00";"19";"com vítima";"615";"BR-163/MS";"Norte";"Colisão com veículos (traseira)";1;0;1;0;0;0;0;0;0;0;3;1;0;0;0
"26/07/2016";"09:38:00";"101";"com vítima";"524";"BR-163/MS";"Sul";"Atropelamento - Pedestre";0;0;1;0;0;0;0;0;0;0;0;1;0;0;1
"26/07/2016";"14:53:00";"189";"com vítima";"385";"BR-163/MS";"Sul";"Colisão com veículos (traseira)";1;0;1;0;0;0;0;0;0;0;3;1;0;0;0
"26/07/2016";"15:34:00";"204";"sem vítima";"196";"BR-163/MS";"Norte";"Colisão c/ obstáculos";0;0;0;0;0;0;0;0;0;1;1;0;0;0;0
"26/07/2016";"23:41:00";"268";"com vítima";"253,8";"BR-163/MS";"Norte";"Tombamento de moto";0;0;0;1;0;0;0;0;0;0;0;0;1;0;0
"27/07/2016";"06:56:00";"37";"sem vítima";"35,6";"BR-163/MS";"Norte";"Colisão com veículos (traseira)";0;0;2;0;0;2;0;0;0;0;4;0;0;0;0
"27/07/2016";"15:19:00";"275";"sem vítima";"49";"BR-163/MS";"Norte";"Engavetamento";0;0;3;0;0;0;0;0;0;0;3;0;0;0;0
"27/07/2016";"21:13:00";"378";"sem vítima";"640,662";"BR-163/MS";"Sul";"Colisão c/ obstáculos";1;0;0;0;0;0;0;0;0;0;1;0;0;0;0
"28/07/2016";"19:17:00";"377";"com vítima";"29";"BR-163/MS";"Norte";"Tombamento de moto";0;0;0;1;0;0;0;0;0;0;0;1;0;0;0
"28/07/2016";"21:27:00";"405";"sem vítima";"294";"BR-163/MS";"Sul";"Atropelamento - Animal";0;0;0;0;0;0;0;0;0;1;2;0;0;0;0
"29/07/2016";"06:45:00";"89";"sem vítima";"734";"BR-163/MS";"Norte";"Colisão com veículos (traseira)";1;0;0;0;0;0;0;0;0;1;8;0;0;0;0
"29/07/2016";"11:31:00";"235";"com vítima";"492";"BR-163/MS";"Norte";"Colisão lateral no sentido contrário";1;0;0;1;0;0;0;0;0;0;0;2;0;1;0
"29/07/2016";"16:44:00";"355";"com vítima";"270";"BR-163/MS";"Norte";"Colisão com veículos (traseira)";0;0;0;1;0;0;0;0;0;1;1;1;0;0;0
"29/07/2016";"17:21:00";"365";"com vítima";"263,756";"BR-163/MS";"Sul";"Colisão lateral no mesmo sentido";0;0;0;2;0;0;0;0;0;0;1;1;0;0;0
"29/07/2016";"17:55:00";"371";"sem vítima";"313,5";"BR-163/MS";"Sul";"Tombamento";0;0;1;0;0;0;0;0;0;0;1;0;0;0;0
"29/07/2016";"18:40:00";"384";"sem vítima";"537,5";"BR-163/MS";"Norte";"Atropelamento - Animal";1;0;0;0;0;0;0;0;0;0;2;0;0;0;0
"29/07/2016";"19:27:00";"395";"sem vítima";"14";"BR-163/MS";"Sul";"Colisão com veículos (frontal)";0;0;0;1;0;0;0;0;0;1;2;0;0;0;0
"29/07/2016";"21:31:00";"418";"com vítima";"485,5";"BR-163/MS";"Sul";"Colisão com veículos (traseira)";1;0;0;1;0;0;0;0;0;0;1;1;0;0;0
"29/07/2016";"22:57:00";"436";"com vítima";"276,345";"BR-163/MS";"Sul";"Colisão c/ obstáculos";0;0;0;1;0;0;0;0;0;0;0;1;0;0;0
"29/07/2016";"23:24:00";"442";"com vítima";"61,766";"BR-163/MS";"Sul";"Colisão com veículos (traseira)";1;0;1;0;0;0;0;0;0;0;1;0;0;1;0
"29/07/2016";"23:50:00";"444";"sem vítima";"305,143";"BR-163/MS";"Norte";"Saídas de pista";1;0;0;0;0;0;0;0;0;0;1;0;0;0;0
"30/07/2016";"05:11:00";"19";"sem vítima";"542,15";"BR-163/MS";"Norte";"Capotamento";1;0;0;0;0;0;0;0;0;0;1;0;0;0;0
"30/07/2016";"17:08:00";"237";"sem vítima";"695,3";"BR-163/MS";"Norte";"Atropelamento - Animal";1;0;0;0;0;0;0;0;0;0;1;0;0;0;0
"30/07/2016";"18:32:00";"252";"com vítima";"313";"BR-163/MS";"Sul";"Capotamento";1;0;0;0;0;0;0;0;0;0;0;2;0;0;0
"30/07/2016";"18:46:00";"256";"sem vítima";"240,158";"BR-163/MS";"Sul";"Atropelamento - Animal";1;0;0;0;0;0;0;0;0;0;1;0;0;0;0
"30/07/2016";"20:18:00";"272";"sem vítima";"446,23";"BR-163/MS";"Norte";"Colisão com veículos (traseira)";0;0;2;0;0;0;0;0;0;0;2;0;0;0;0
"30/07/2016";"20:49:00";"279";"sem vítima";"564,645";"BR-163/MS";"Norte";"Atropelamento - Animal";1;0;0;0;0;0;0;0;0;0;1;0;0;0;0
"31/07/2016";"00:04:00";"1";"sem vítima";"613";"BR-163/MS";"Norte";"Tombamento de moto";0;0;0;0;0;0;0;0;0;1;1;0;0;0;0
"31/07/2016";"00:55:00";"8";"com vítima";"248,513";"BR-163/MS";"Sul";"Colisão c/ obstáculos";0;0;0;1;0;0;0;0;0;0;0;1;0;0;0
"31/07/2016";"03:39:00";"16";"com vítima";"614";"BR-163/MS";"Norte";"Atropelamento - Pedestre";1;0;0;0;0;0;0;0;0;0;3;1;0;0;0
"31/07/2016";"09:06:00";"85";"sem vítima";"138,8";"BR-163/MS";"Norte";"Colisão c/ obstáculos";0;0;0;0;0;0;0;0;0;1;3;0;0;0;0
"31/07/2016";"14:55:00";"199";"sem vítima";"335,8";"BR-163/MS";"Norte";"Colisão com veículos (traseira)";0;0;2;0;0;0;0;0;0;0;2;0;0;0;0
"31/07/2016";"15:11:00";"205";"com vítima";"170";"BR-163/MS";"Sul";"Colisão com veículos (traseira)";0;0;1;0;0;0;0;0;0;1;0;2;0;0;0
"31/07/2016";"22:06:00";"311";"sem vítima";"513,501";"BR-163/MS";"Sul";"Atropelamento - Animal";1;0;0;0;0;0;0;0;0;0;1;0;0;0;0
"01/08/2016";"02:58:00";"38";"com vítima";"205,9";"BR-163/MS";"Norte";"Colisão c/ obstáculos";1;0;2;0;0;0;0;0;0;0;2;0;0;0;1
"01/08/2016";"21:27:00";"408";"sem vítima";"798,659";"BR-163/MS";"Sul";"Atropelamento de animais";1;0;0;0;0;0;0;0;0;0;3;0;0;0;0
"01/08/2016";"23:26:00";"423";"com vítima";"258";"BR-163/MS";"Sul";"Tombamento de moto";0;0;0;1;0;0;0;0;0;0;0;1;0;0;0
"02/08/2016";"14:42:00";"255";"sem vítima";"466";"BR-163/MS";"Sul";"Tombamento";0;0;1;0;0;0;0;0;0;0;1;0;0;0;0
"02/08/2016";"17:32:00";"299";"sem vítima";"222,4";"BR-163/MS";"Sul";"Colisão c/ obstáculos";1;0;0;0;0;0;0;0;0;0;1;0;0;0;0
"03/08/2016";"06:11:00";"43";"sem vítima";"519";"BR-163/MS";"Sul";"Colisão lateral no sentido contrário";1;0;1;0;0;0;0;0;0;0;2;0;0;0;0
"03/08/2016";"07:30:00";"77";"com vítima";"485";"BR-163/MS";"Sul";"Colisão lateral no sentido contrário";1;0;0;1;0;0;0;0;0;0;2;1;0;0;0
"03/08/2016";"12:11:00";"173";"com vítima";"254";"BR-163/MS";"Sul";"Tombamento de moto";0;0;0;1;0;0;0;0;0;0;0;1;0;0;0
"05/08/2016";"14:53:00";"244";"sem vítima";"715,5";"BR-163/MS";"Norte";"Tombamento de moto";0;0;0;1;0;0;0;0;0;0;2;0;0;0;0
"06/08/2016";"05:32:00";"40";"sem vítima";"362";"BR-163/MS";"Sul";"Atropelamento de animais";1;0;0;0;0;0;0;0;0;0;1;0;0;0;0
"06/08/2016";"10:20:00";"133";"com vítima";"185,9";"BR-163/MS";"Sul";"Tombamento";0;0;1;0;0;0;0;0;0;0;0;1;0;0;0
"06/08/2016";"16:01:00";"225";"sem vítima";"320";"BR-163/MS";"Sul";"Capotamento";0;0;0;0;0;0;0;0;0;1;1;0;0;0;0
"06/08/2016";"16:44:00";"243";"sem vítima";"594";"BR-163/MS";"Norte";"Capotamento";1;0;1;0;0;0;0;0;0;0;2;0;0;0;0
"06/08/2016";"19:37:00";"285";"com vítima";"614,5";"BR-163/MS";"Norte";"Colisão lateral no mesmo sentido";1;0;1;0;0;0;0;0;0;0;1;2;0;0;0
"07/08/2016";"00:42:00";"3";"sem vítima";"316,5";"BR-163/MS";"Norte";"Atropelamento de animais";0;0;0;0;0;0;0;0;0;1;1;0;0;0;0
"07/08/2016";"16:19:00";"184";"com vítima";"800";"BR-163/MS";"Norte";"Tombamento de moto";0;0;0;1;0;0;0;0;0;0;0;0;0;1;0
"07/08/2016";"18:31:00";"216";"sem vítima";"361";"BR-163/MS";"Norte";"Atropelamento de animais";1;0;0;0;0;0;0;0;0;0;1;0;0;0;0
"07/08/2016";"22:15:00";"272";"sem vítima";"578,3";"BR-163/MS";"Sul";"Atropelamento de animais";1;0;0;0;0;0;0;0;0;0;1;0;0;0;0
"08/08/2016";"01:26:00";"9";"sem vítima";"16,3";"BR-163/MS";"Sul";"Atropelamento de animais";0;0;0;0;0;0;0;0;0;1;1;0;0;0;0
"09/08/2016";"18:18:00";"292";"com vítima";"254,8";"BR-163/MS";"Norte";"Colisão com veículos (traseira)";1;0;0;1;0;0;0;0;0;0;1;2;0;0;0
"09/08/2016";"18:23:00";"294";"com vítima";"678,3";"BR-163/MS";"Norte";"Tombamento de moto";0;0;0;1;0;0;0;0;0;0;0;1;0;0;0
"09/08/2016";"22:03:00";"339";"sem vítima";"393";"BR-163/MS";"Sul";"Colisão com veículos (traseira)";0;0;2;0;0;0;0;0;0;0;2;0;0;0;0
"10/08/2016";"02:29:00";"19";"sem vítima";"204,5";"BR-163/MS";"Norte";"Colisão c/ obstáculos";1;0;0;0;0;0;0;0;0;0;1;0;0;0;0
"10/08/2016";"05:19:00";"32";"sem vítima";"614,8";"BR-163/MS";"Norte";"Colisão lateral no mesmo sentido";1;0;1;0;0;0;0;0;0;0;2;0;0;0;0
"10/08/2016";"07:19:00";"59";"com vítima";"287";"BR-163/MS";"Norte";"Tombamento de moto";0;0;0;1;0;0;0;0;0;0;0;0;1;0;0
"10/08/2016";"07:23:00";"67";"com vítima";"490";"BR-163/MS";"Sul";"Colisão lateral no mesmo sentido";1;0;0;1;0;0;0;0;0;0;3;1;0;0;0
"10/08/2016";"10:18:00";"147";"com vítima";"359";"BR-163/MS";"Norte";"Atropelamento de animais";0;0;0;1;0;0;0;0;0;0;0;1;0;0;0
"10/08/2016";"11:13:00";"166";"com vítima";"267";"BR-163/MS";"Norte";"Tombamento de moto";0;0;0;1;0;0;0;0;0;0;0;0;1;0;0
"10/08/2016";"19:24:00";"317";"sem vítima";"93,7";"BR-163/MS";"Norte";"Atropelamento de animais";0;0;0;0;0;1;0;0;0;0;1;0;0;0;0
"10/08/2016";"23:31:00";"345";"sem vítima";"336,5";"BR-163/MS";"Norte";"Atropelamento de animais";1;0;0;0;0;0;0;0;0;0;1;0;0;0;0
"11/08/2016";"08:34:00";"123";"com vítima";"2";"BR-163/MS";"Norte";"Tombamento de moto";0;0;0;1;0;0;0;0;0;0;0;2;0;0;0
"11/08/2016";"15:28:00";"259";"sem vítima";"490";"BR-163/MS";"Sul";"Colisão com veículos (traseira)";1;0;0;0;0;0;0;0;0;1;2;0;0;0;0
"12/08/2016";"03:24:00";"21";"com vítima";"742,4";"BR-163/MS";"Norte";"Colisão c/ obstáculos";0;0;0;0;0;0;0;0;0;1;0;1;0;0;0
"12/08/2016";"11:33:00";"194";"sem vítima";"536";"BR-163/MS";"Norte";"Colisão com veículos (traseira)";0;0;2;0;0;0;0;0;0;0;3;0;0;0;0
"12/08/2016";"18:58:00";"310";"com vítima";"269";"BR-163/MS";"Sul";"Colisão com veículos (traseira)";0;1;0;1;0;0;0;0;0;0;0;0;1;1;0
"13/08/2016";"14:41:00";"259";"sem vítima";"58";"BR-163/MS";"Norte";"Saídas de pista";1;0;0;0;0;0;0;0;0;0;1;0;0;0;0
"13/08/2016";"17:21:00";"339";"sem vítima";"366,3";"BR-163/MS";"Sul";"Colisão com veículos (traseira)";1;0;0;0;0;0;0;0;0;1;3;0;0;0;0
"13/08/2016";"18:16:00";"357";"com vítima";"483,2";"BR-163/MS";"Sul";"Colisão com veículos (traseira)";1;0;0;1;0;0;0;0;0;0;3;1;0;0;0
"13/08/2016";"19:26:00";"370";"com vítima";"220";"BR-163/MS";"Sul";"Colisão lateral no mesmo sentido";1;0;1;0;0;0;0;0;0;0;6;2;0;0;0
"14/08/2016";"02:25:00";"20";"sem vítima";"483,2";"BR-163/MS";"Sul";"Tombamento";1;0;0;0;0;0;0;0;0;0;1;0;0;0;0
"14/08/2016";"08:29:00";"93";"sem vítima";"657";"BR-163/MS";"Sul";"Tombamento";0;0;1;0;0;0;0;0;0;0;4;0;0;0;0