data;horario;n_da_ocorrencia;tipo_de_ocorrencia;km;trecho;sentido;tipo_de_acidente;automovel;bicicleta;caminhao;moto;onibus;outros;tracao_animal;transporte_de_cargas_especiais;trator_maquinas;utilitarios;ilesos;levemente_feridos;moderadamente_feridos;gravemente_feridos;mortos
"14/08/2016";"10:47:00";"132";"com vítima";"426";"BR-163/MS";"Sul";"Colisão com veículos (traseira)";0;0;2;0;0;0;0;0;0;0;1;1;0;0;0
"14/08/2016";"12:59:00";"159";"com vítima";"621";"BR-163/MS";"Sul";"Tombamento de moto";0;0;0;1;0;0;0;0;0;0;0;0;0;0;1
"14/08/2016";"16:22:00";"216";"sem vítima";"632,9";"BR-163/MS";"Norte";"Tombamento";0;0;1;0;0;1;0;0;0;0;2;0;0;0;0
"14/08/2016";"17:22:00";"231";"com vítima";"497";"BR-163/MS";"Norte";"Tombamento de moto";0;0;0;1;0;0;0;0;0;0;0;0;1;0;0
"14/08/2016";"19:27:00";"261";"com vítima";"477,8";"BR-163/MS";"Sul";"Colisão lateral no sentido contrário";1;0;1;0;0;0;0;0;0;0;1;6;0;1;0
"14/08/2016";"21:52:00";"284";"sem vítima";"261,5";"BR-163/MS";"Norte";"Atropelamento de animais";1;0;0;0;0;0;0;0;0;0;1;0;0;0;0
"14/08/2016";"22:19:00";"290";"com vítima";"261,5";"BR-163/MS";"Sul";"Colisão com veículos (traseira)";3;0;0;0;0;0;0;0;0;0;4;1;0;0;0
"15/08/2016";"03:59:00";"10";"sem vítima";"687,8";"BR-163/MS";"Sul";"Capotamento";0;0;0;0;0;0;0;0;0;1;2;0;0;0;0
"15/08/2016";"05:22:00";"15";"com vítima";"354,4";"BR-163/MS";"Norte";"Saídas de pista";1;0;0;0;0;0;0;0;0;0;2;2;0;0;0
"15/08/2016";"07:26:00";"46";"com vítima";"478";"BR-163/MS";"Sul";"Colisão lateral no sentido contrário";0;0;0;2;0;0;0;0;0;0;0;2;0;0;0
"15/08/2016";"08:31:00";"94";"sem vítima";"9";"BR-163/MS";"Norte";"Colisão c/ obstáculos";1;0;0;0;0;0;0;0;0;0;2;0;0;0;0
"15/08/2016";"10:04:00";"137";"com vítima";"35,8";"BR-163/MS";"Norte";"Colisão com veículos (traseira)";2;0;0;0;0;0;0;0;0;0;3;1;0;0;0
"15/08/2016";"18:03:00";"273";"sem vítima";"191";"BR-163/MS";"Norte";"Colisão com veículos (traseira)";1;0;0;0;0;0;0;0;0;1;2;0;0;0;0
"16/08/2016";"02:29:00";"16";"sem vítima";"461,65";"BR-163/MS";"Norte";"Tombamento";0;0;1;0;0;0;0;0;0;0;1;0;0;0;0
"16/08/2016";"06:38:00";"42";"sem vítima";"189";"BR-163/MS";"Norte";"Capotamento";1;0;0;0;0;0;0;0;0;0;2;0;0;0;0
"16/08/2016";"09:26:00";"148";"sem vítima";"329";"BR-163/MS";"Norte";"Colisão lateral no mesmo sentido";1;0;0;0;0;0;0;0;0;1;4;0;0;0;0
"16/08/2016";"14:16:00";"243";"com vítima";"669";"BR-163/MS";"Sul";"Capotamento";0;0;0;0;0;0;0;0;0;1;0;1;0;0;0
"16/08/2016";"18:32:00";"313";"sem vítima";"21";"BR-163/MS";"Sul";"Atropelamento de animais";0;0;1;0;0;0;0;0;0;0;1;0;0;0;0
"17/08/2016";"07:25:00";"82";"com vítima";"481";"BR-163/MS";"Norte";"Tombamento de moto";0;0;0;1;0;0;0;0;0;0;0;1;0;0;0
"17/08/2016";"10:21:00";"161";"com vítima";"59";"BR-163/MS";"Norte";"Saídas de pista";0;0;0;1;0;0;0;0;0;0;0;1;0;0;0
"17/08/2016";"16:28:00";"295";"sem vítima";"614";"BR-163/MS";"Norte";"Colisão com veículos (traseira)";0;0;1;0;0;0;0;0;0;1;5;0;0;0;0
"18/08/2016";"01:47:00";"20";"com vítima";"728,5";"BR-163/MS";"Norte";"Atropelamento de pedestre";1;0;0;0;0;0;0;0;0;0;1;1;0;0;0
"18/08/2016";"13:35:00";"233";"com vítima";"485";"BR-163/MS";"Norte";"Colisão lateral no sentido contrário";0;0;0;2;0;0;0;0;0;0;1;3;0;0;0
"18/08/2016";"17:00:00";"328";"sem vítima";"723";"BR-163/MS";"Sul";"Capotamento";1;0;0;0;0;0;0;0;0;0;1;0;0;0;0
"18/08/2016";"18:09:00";"347";"com vítima";"257,1";"BR-163/MS";"Sul";"Colisão com veículos (traseira)";1;0;0;1;0;0;0;0;0;0;1;1;0;0;0
"18/08/2016";"21:33:00";"384";"com vítima";"326";"BR-163/MS";"Sul";"Saídas de pista";1;0;0;0;0;0;0;0;0;0;0;0;1;0;0
"18/08/2016";"22:41:00";"394";"sem vítima";"547,2";"BR-163/MS";"Norte";"Atropelamento de animais";0;0;1;0;0;0;0;0;0;1;5;0;0;0;0
"19/08/2016";"10:57:00";"179";"com vítima";"484";"BR-163/MS";"Sul";"Colisão lateral no sentido contrário";0;0;0;1;0;0;0;0;0;1;2;1;0;1;0
"19/08/2016";"14:45:00";"236";"sem vítima";"343";"BR-163/MS";"Sul";"Colisão com veículos (traseira)";1;0;1;0;0;0;0;0;0;0;5;0;0;0;0
"19/08/2016";"14:48:00";"237";"sem vítima";"2";"BR-163/MS";"Norte";"Engavetamento";3;0;0;0;0;0;0;0;0;0;8;0;0;0;0
"19/08/2016";"15:36:00";"254";"sem vítima";"2,8";"BR-163/MS";"Norte";"Colisão com veículos (traseira)";2;0;0;0;0;0;0;0;0;0;3;0;0;0;0
"19/08/2016";"19:55:00";"331";"sem vítima";"505";"BR-163/MS";"Sul";"Tombamento";0;0;1;0;0;1;0;0;0;0;2;0;0;0;0
"19/08/2016";"20:11:00";"334";"com vítima";"808,2";"BR-163/MS";"Norte";"Atropelamento de animais";0;0;0;1;0;0;0;0;0;0;0;1;0;0;0
"20/08/2016";"00:09:00";"2";"sem vítima";"431,8";"BR-163/MS";"Norte";"Colisão c/ obstáculos";1;0;0;0;0;0;0;0;0;0;1;0;0;0;0
"20/08/2016";"15:10:00";"228";"com vítima";"259";"BR-163/MS";"Norte";"Tombamento de moto";0;0;0;1;0;0;0;0;0;0;0;2;0;0;0
"20/08/2016";"17:24:00";"266";"sem vítima";"837,5";"BR-163/MS";"Sul";"Colisão lateral no sentido contrário";1;0;0;0;0;0;0;0;0;1;3;0;0;0;0
"20/08/2016";"20:44:00";"325";"com vítima";"507,2";"BR-163/MS";"Norte";"Capotamento";1;0;0;0;0;0;0;0;0;0;0;2;0;0;0
"20/08/2016";"23:17:00";"370";"com vítima";"142,2";"BR-163/MS";"Sul";"Atropelamento de animais";0;0;0;0;0;0;0;0;0;1;2;3;0;0;0
"21/08/2016";"17:53:00";"283";"com vítima";"270";"BR-163/MS";"Norte";"Tombamento de moto";0;0;0;1;0;1;0;0;0;0;1;1;0;0;0
"21/08/2016";"19:16:00";"306";"com vítima";"638";"BR-163/MS";"Norte";"Colisão com veículos (traseira)";2;0;0;0;0;1;0;0;0;0;8;1;0;0;0
"21/08/2016";"21:47:00";"327";"sem vítima";"34,1";"BR-163/MS";"Norte";"Saídas de pista";0;0;1;0;0;0;0;0;0;0;1;0;0;0;0
"22/08/2016";"00:04:00";"2";"sem vítima";"257";"BR-163/MS";"Norte";"Saídas de pista";1;0;0;0;0;0;0;0;0;0;1;0;0;0;0
"22/08/2016";"07:17:00";"81";"com vítima";"262";"BR-163/MS";"Sul";"Saídas de pista";0;0;0;1;0;0;0;0;0;0;1;1;0;0;0
"22/08/2016";"16:45:00";"314";"sem vítima";"9,8";"BR-163/MS";"Sul";"Colisão c/ obstáculos";1;0;0;0;0;0;0;0;0;0;1;0;0;0;0
"22/08/2016";"18:04:00";"332";"com vítima";"615,5";"BR-163/MS";"Norte";"Colisão lateral no sentido contrário";1;0;0;0;0;0;0;0;0;1;2;2;0;0;0
"23/08/2016";"21:51:00";"308";"sem vítima";"818";"BR-163/MS";"Norte";"Colisão c/ obstáculos";0;0;1;0;0;0;0;0;0;0;1;0;0;0;0
"24/08/2016";"06:41:00";"33";"sem vítima";"435,8";"BR-163/MS";"Norte";"Colisão c/ obstáculos";1;0;1;0;0;0;0;0;0;0;6;0;0;0;0
"24/08/2016";"08:15:00";"76";"com vítima";"621";"BR-163/MS";"Norte";"Tombamento de moto";0;0;0;1;0;0;0;0;0;0;0;1;0;0;0
"24/08/2016";"19:01:00";"314";"com vítima";"628,628";"BR-163/MS";"Norte";"Capotamento";1;0;0;0;0;0;0;0;0;0;0;3;0;0;0
"25/08/2016";"05:58:00";"46";"sem vítima";"204,6";"BR-163/MS";"Norte";"Tombamento";0;0;1;0;0;0;0;0;0;0;1;0;0;0;0
"25/08/2016";"15:42:00";"283";"com vítima";"127";"BR-163/MS";"Sul";"Tombamento";0;0;1;0;0;0;0;0;0;0;0;1;0;0;0
"25/08/2016";"17:40:00";"306";"com vítima";"260";"BR-163/MS";"Norte";"Tombamento de moto";0;0;0;1;0;0;0;0;0;0;0;1;0;0;0
"25/08/2016";"18:00:00";"310";"com vítima";"494";"BR-163/MS";"Norte";"Tombamento de moto";0;0;0;1;0;0;0;0;0;0;0;1;0;0;0
"25/08/2016";"18:58:00";"328";"com vítima";"124,5";"BR-163/MS";"Sul";"Atropelamento de pedestre";1;0;0;0;0;0;0;0;0;0;1;0;0;1;0
"26/08/2016";"02:31:00";"23";"sem vítima";"584,86";"BR-163/MS";"Norte";"Atropelamento de animais";2;0;0;0;0;0;0;0;0;0;10;0;0;0;0
"26/08/2016";"05:20:00";"40";"sem vítima";"489,337";"BR-163/MS";"Sul";"Colisão com veículos (traseira)";2;0;0;0;0;0;0;0;0;1;3;0;0;0;0
"26/08/2016";"13:34:00";"252";"com vítima";"607";"BR-163/MS";"Norte";"Colisão lateral no sentido contrário";2;0;0;0;0;0;0;0;0;0;3;1;0;0;0
"26/08/2016";"14:45:00";"280";"com vítima";"473";"BR-163/MS";"Sul";"Colisão com veículos (frontal)";1;0;1;0;0;2;0;0;0;0;3;0;0;0;2
"26/08/2016";"17:45:00";"343";"com vítima";"814,9";"BR-163/MS";"Norte";"Colisão com veículos (traseira)";1;0;0;0;0;0;0;0;0;1;1;1;0;0;0
"26/08/2016";"19:22:00";"372";"sem vítima";"378,8";"BR-163/MS";"Norte";"Atropelamento de animais";1;0;0;0;0;0;0;0;0;0;1;0;0;0;0
"26/08/2016";"23:05:00";"417";"sem vítima";"494,5";"BR-163/MS";"Norte";"Tombamento de moto";0;0;0;1;0;0;0;0;0;0;1;0;0;0;0
"27/08/2016";"00:45:00";"5";"sem vítima";"514,227";"BR-163/MS";"Sul";"Atropelamento de animais";1;0;0;0;0;0;0;0;0;0;2;0;0;0;0
"27/08/2016";"00:51:00";"6";"sem vítima";"248,5";"BR-163/MS";"Sul";"Colisão c/ obstáculos";1;0;0;0;0;0;0;0;0;0;1;0;0;0;0
"27/08/2016";"10:53:00";"143";"sem vítima";"462,8";"BR-163/MS";"Sul";"Colisão com veículos (traseira)";2;0;0;0;0;0;0;0;0;0;2;0;0;0;0
"28/08/2016";"15:06:00";"209";"com vítima";"836";"BR-163/MS";"Norte";"Tombamento de moto";0;0;0;1;0;0;0;0;0;0;0;0;1;0;0
"28/08/2016";"21:06:00";"310";"com vítima";"215,214";"BR-163/MS";"Norte";"Colisão c/ obstáculos";0;0;0;0;0;0;0;0;0;1;0;1;0;0;0
"28/08/2016";"21:45:00";"315";"com vítima";"444";"BR-163/MS";"Norte";"Tombamento de moto";0;0;1;0;0;2;0;0;0;0;2;1;0;0;0
"29/08/2016";"04:22:00";"40";"com vítima";"264,487";"BR-163/MS";"Norte";"Tombamento de moto";0;0;0;1;0;0;0;0;0;0;0;2;0;0;0
"29/08/2016";"04:43:00";"42";"com vítima";"193";"BR-163/MS";"Norte";"Saídas de pista";0;0;0;0;0;0;0;0;0;1;2;1;0;0;0
"29/08/2016";"09:58:00";"145";"com vítima";"550";"BR-163/MS";"Norte";"Capotamento";0;0;0;0;0;0;0;0;0;1;0;1;1;0;0
"29/08/2016";"13:42:00";"199";"sem vítima";"654";"BR-163/MS";"Sul";"Saídas de pista";0;0;0;0;0;0;0;0;0;1;2;0;0;0;0
"29/08/2016";"14:23:00";"209";"sem vítima";"751";"BR-163/MS";"Norte";"Colisão com veículos (traseira)";0;0;3;0;0;1;0;0;0;0;4;0;0;0;0
"30/08/2016";"07:02:00";"54";"com vítima";"490";"BR-163/MS";"Sul";"Colisão lateral no mesmo sentido";0;0;1;1;0;0;0;0;0;0;1;0;0;1;0
"30/08/2016";"11:01:00";"124";"sem vítima";"507";"BR-163/MS";"Sul";"Colisão c/ obstáculos";1;0;0;0;0;0;0;0;0;0;2;0;0;0;0
"30/08/2016";"13:04:00";"151";"com vítima";"103,8";"BR-163/MS";"Norte";"Tombamento de moto";0;0;0;1;0;0;0;0;0;0;0;1;0;0;0
"30/08/2016";"13:12:00";"152";"sem vítima";"397";"BR-163/MS";"Norte";"Saídas de pista";0;0;0;0;0;0;0;0;0;1;2;0;0;0;0
"31/08/2016";"02:31:00";"9";"sem vítima";"51,861";"BR-163/MS";"Norte";"Colisão com veículos (traseira)";0;0;1;0;0;1;0;0;0;0;2;0;0;0;0
"31/08/2016";"07:21:00";"37";"sem vítima";"527";"BR-163/MS";"Norte";"Colisão com veículos (traseira)";2;0;0;0;0;0;0;0;0;0;7;0;0;0;0
"31/08/2016";"14:35:00";"211";"com vítima";"486";"BR-163/MS";"Norte";"Colisão lateral no sentido contrário";1;0;0;1;0;0;0;0;0;0;1;1;0;0;0
"01/09/2016";"00:33:00";"2";"com vítima";"43,439";"BR-163/MS";"Norte";"Atropelamento de animais";1;0;0;0;0;0;0;0;0;0;0;1;0;0;0
"01/09/2016";"12:26:00";"201";"sem vítima";"520";"BR-163/MS";"Norte";"Capotamento";1;0;0;0;0;0;0;0;0;0;1;0;0;0;0
"01/09/2016";"12:35:00";"202";"com vítima";"582,3";"BR-163/MS";"Norte";"Capotamento";1;0;0;0;0;0;0;0;0;0;0;1;0;0;0
"01/09/2016";"16:10:00";"270";"sem vítima";"643,662";"BR-163/MS";"Norte";"Tombamento";0;0;1;0;0;2;0;0;0;0;3;0;0;0;0
"01/09/2016";"18:12:00";"299";"com vítima";"252,44";"BR-163/MS";"Norte";"Colisão lateral no sentido contrário";0;1;0;2;0;0;0;0;0;0;0;2;0;0;1
"01/09/2016";"20:30:00";"330";"com vítima";"615";"BR-163/MS";"Norte";"Colisão lateral no mesmo sentido";1;0;0;1;0;0;0;0;0;0;1;0;1;0;0
"02/09/2016";"13:03:00";"276";"sem vítima";"768";"BR-163/MS";"Norte";"Tombamento";0;0;1;0;0;2;0;0;0;0;3;0;0;0;0
"02/09/2016";"16:13:00";"350";"sem vítima";"482";"BR-163/MS";"Sul";"Colisão lateral no mesmo sentido";1;0;0;1;0;0;0;0;0;0;3;0;0;0;0
"02/09/2016";"18:16:00";"380";"sem vítima";"512,84";"BR-163/MS";"Norte";"Saídas de pista";0;0;0;0;0;0;0;0;0;1;1;0;0;0;0
"02/09/2016";"20:46:00";"416";"com vítima";"486,58";"BR-163/MS";"Norte";"Colisão lateral no sentido contrário";1;0;1;1;0;0;0;0;0;0;0;2;1;1;2
"03/09/2016";"02:56:00";"33";"sem vítima";"479,419";"BR-163/MS";"Norte";"Colisão com veículos (frontal)";1;0;0;0;0;1;0;0;0;0;2;0;0;0;0
"03/09/2016";"04:38:00";"45";"sem vítima";"477,255";"BR-163/MS";"Norte";"Colisão c/ obstáculos";1;0;0;0;0;0;0;0;0;0;1;0;0;0;0
"03/09/2016";"08:08:00";"93";"com vítima";"217";"BR-163/MS";"Norte";"Saídas de pista";1;0;0;0;0;0;0;0;0;0;0;1;0;0;0
"03/09/2016";"18:45:00";"301";"com vítima";"648,31";"BR-163/MS";"Norte";"Tombamento de moto";0;0;0;1;0;0;0;0;0;0;0;1;0;0;0
"03/09/2016";"19:24:00";"308";"sem vítima";"217";"BR-163/MS";"Norte";"Atropelamento de animais";1;0;0;0;0;0;0;0;0;0;1;0;0;0;0
"04/09/2016";"18:46:00";"247";"com vítima";"263,69";"BR-163/MS";"Norte";"Colisão com veículos (traseira)";0;0;1;1;0;0;0;0;0;0;1;1;0;0;0
"05/09/2016";"09:17:00";"95";"sem vítima";"341,8";"BR-163/MS";"Norte";"Colisão com veículos (traseira)";1;0;0;0;0;0;0;0;0;1;7;0;0;0;0
"05/09/2016";"12:20:00";"141";"sem vítima";"447";"BR-163/MS";"Sul";"Colisão com veículos (frontal)";0;0;2;0;0;0;0;0;0;1;4;0;0;0;0
"05/09/2016";"13:24:00";"154";"com vítima";"814,6";"BR-163/MS";"Norte";"Capotamento";1;0;0;0;0;0;0;0;0;0;1;1;2;0;0
"05/09/2016";"15:15:00";"177";"com vítima";"487";"BR-163/MS";"Norte";"Colisão lateral no mesmo sentido";2;0;0;0;0;0;0;0;0;0;2;1;0;0;0
"06/09/2016";"11:44:00";"198";"sem vítima";"475";"BR-163/MS";"Sul";"Colisão lateral no mesmo sentido";1;0;1;0;0;0;0;0;0;0;3;0;0;0;0
"06/09/2016";"18:23:00";"352";"com vítima";"151,7";"BR-163/MS";"Sul";"Saídas de pista";1;0;0;0;0;1;0;0;0;0;2;1;0;0;0
"06/09/2016";"21:17:00";"393";"sem vítima";"346,3";"BR-163/MS";"Sul";"Atropelamento de animais";1;0;0;0;0;0;0;0;0;0;2;0;0;0;0
"07/09/2016";"10:07:00";"148";"com vítima";"18";"BR-163/MS";"Norte";"Capotamento";1;0;0;0;0;0;0;0;0;0;0;2;0;0;0
"07/09/2016";"19:16:00";"309";"sem vítima";"432,787";"BR-163/MS";"Norte";"Colisão c/ obstáculos";0;0;0;0;0;0;0;0;0;1;1;0;0;0;0
"07/09/2016";"19:25:00";"314";"com vítima";"736,233";"BR-163/MS";"Norte";"Atropelamento de animais";1;0;0;0;0;0;0;0;0;0;0;1;0;0;0
"07/09/2016";"22:26:00";"339";"sem vítima";"51,9";"BR-163/MS";"Sul";"Saídas de pista";0;0;0;1;0;0;0;0;0;0;1;0;0;0;0
"07/09/2016";"22:41:00";"342";"sem vítima";"478,695";"BR-163/MS";"Norte";"Saídas de pista";1;0;0;0;0;0;0;0;0;0;1;0;0;0;0
"08/09/2016";"19:57:00";"347";"sem vítima";"682,5";"BR-163/MS";"Norte";"Colisão c/ obstáculos";0;0;0;0;0;0;0;0;0;1;1;0;0;0;0
"08/09/2016";"20:22:00";"350";"com vítima";"480,7";"BR-163/MS";"Norte";"Atropelamento de pedestre";0;0;0;1;0;0;0;0;0;0;0;1;0;1;0
"09/09/2016";"06:37:00";"44";"com vítima";"271";"BR-163/MS";"Norte";"Tombamento de moto";0;0;0;1;0;0;0;0;0;0;0;1;0;0;0
"09/09/2016";"14:26:00";"296";"sem vítima";"526";"BR-163/MS";"Norte";"Colisão com veículos (traseira)";2;0;0;0;0;0;0;0;0;0;6;0;0;0;0
"10/09/2016";"08:22:00";"95";"sem vítima";"77,4";"BR-163/MS";"Sul";"Colisão lateral no mesmo sentido";2;1;1;0;0;0;0;0;0;0;4;0;0;0;0
"10/09/2016";"12:41:00";"177";"com vítima";"478";"BR-163/MS";"Norte";"Tombamento de moto";0;0;0;1;0;0;0;0;0;0;0;2;0;0;0
"10/09/2016";"16:01:00";"236";"com vítima";"104";"BR-163/MS";"Sul";"Tombamento";0;0;1;0;0;0;0;0;0;0;0;1;0;0;0
"10/09/2016";"18:22:00";"278";"com vítima";"487,929";"BR-163/MS";"Norte";"Tombamento de moto";0;0;0;1;0;0;0;0;0;0;0;1;0;0;0
"10/09/2016";"19:18:00";"287";"sem vítima";"490,524";"BR-163/MS";"Norte";"Colisão lateral no sentido contrário";1;0;0;0;0;0;0;0;0;1;5;0;0;0;0
"11/09/2016";"03:52:00";"59";"com vítima";"676,776";"BR-163/MS";"Norte";"Colisão c/ obstáculos";0;0;0;1;0;0;0;0;0;0;0;0;1;1;0
"11/09/2016";"04:26:00";"64";"sem vítima";"441";"BR-163/MS";"Norte";"Colisão c/ obstáculos";1;0;0;0;0;0;0;0;0;0;1;0;0;0;0
"11/09/2016";"08:53:00";"130";"com vítima";"48";"BR-163/MS";"Norte";"Capotamento";1;0;0;0;0;0;0;0;0;0;0;1;0;0;0
"12/09/2016";"01:18:00";"8";"sem vítima";"552,568";"BR-163/MS";"Norte";"Atropelamento de animais";1;0;0;0;0;0;0;0;0;0;1;0;0;0;0
"12/09/2016";"07:36:00";"69";"sem vítima";"557";"BR-163/MS";"Norte";"Colisão lateral no mesmo sentido";1;0;1;0;0;0;0;0;0;0;2;0;0;0;0
"12/09/2016";"16:03:00";"259";"sem vítima";"399,3";"BR-163/MS";"Sul";"Saídas de pista";1;0;0;0;0;0;0;0;0;0;1;0;0;0;0
"12/09/2016";"18:24:00";"300";"sem vítima";"488";"BR-163/MS";"Sul";"Tombamento";0;0;1;0;0;0;0;0;0;0;2;0;0;0;0
"12/09/2016";"20:22:00";"323";"sem vítima";"706,366";"BR-163/MS";"Norte";"Atropelamento de animais";0;0;0;0;0;0;0;0;0;1;1;0;0;0;0
"13/09/2016";"04:03:00";"20";"com vítima";"682,226";"BR-163/MS";"Sul";"Atropelamento de animais";1;0;0;0;0;0;0;0;0;0;0;1;0;0;0
"13/09/2016";"04:42:00";"26";"sem vítima";"473";"BR-163/MS";"Sul";"Atropelamento de animais";0;0;0;0;0;0;0;0;0;1;1;0;0;0;0
"13/09/2016";"11:23:00";"145";"sem vítima";"819";"BR-163/MS";"Norte";"Colisão lateral no sentido contrário";0;0;0;0;0;0;0;0;0;2;2;0;0;0;0
"14/09/2016";"00:19:00";"1";"sem vítima";"514";"BR-163/MS";"Norte";"Atropelamento de animais";1;0;0;0;0;0;0;0;0;0;2;0;0;0;0
"14/09/2016";"03:43:00";"13";"sem vítima";"256,742";"BR-163/MS";"Norte";"Atropelamento de animais";0;0;0;0;0;0;0;0;0;1;1;0;0;0;0
"14/09/2016";"21:14:00";"323";"com vítima";"317,2";"BR-163/MS";"Sul";"Engavetamento";1;0;2;0;0;0;0;0;0;0;3;2;0;0;0
"14/09/2016";"23:44:00";"350";"sem vítima";"407";"BR-163/MS";"Sul";"Saídas de pista";1;0;0;0;0;0;0;0;0;0;1;0;0;0;0
"15/09/2016";"13:51:00";"278";"sem vítima";"269";"BR-163/MS";"Sul";"Colisão com veículos (traseira)";1;0;0;0;0;0;0;0;0;1;2;0;0;0;0
"15/09/2016";"18:03:00";"348";"sem vítima";"536,5";"BR-163/MS";"Norte";"Colisão com veículos (traseira)";1;0;0;0;0;1;0;0;0;0;3;0;0;0;0
"15/09/2016";"18:22:00";"352";"sem vítima";"1,37";"BR-163/MS";"Sul";"Saídas de pista";1;0;0;0;0;0;0;0;0;0;1;0;0;0;0
"15/09/2016";"18:52:00";"357";"com vítima";"477";"BR-163/MS";"Norte";"Colisão lateral no sentido contrário";0;0;1;1;0;0;0;0;0;0;1;1;0;0;0
"16/09/2016";"00:18:00";"14";"sem vítima";"105,194";"BR-163/MS";"Sul";"Colisão c/ obstáculos";0;0;0;0;0;0;0;0;0;1;1;0;0;0;0
"16/09/2016";"05:25:00";"39";"sem vítima";"280,228";"BR-163/MS";"Norte";"Colisão lateral no mesmo sentido";2;0;0;0;0;0;0;0;0;0;2;0;0;0;0
"16/09/2016";"11:07:00";"180";"sem vítima";"210";"BR-163/MS";"Sul";"Saídas de pista";1;0;1;0;0;0;0;0;0;0;2;0;0;0;0
"16/09/2016";"14:52:00";"251";"sem vítima";"65";"BR-163/MS";"Sul";"Colisão com veículos (traseira)";0;0;0;0;2;0;0;0;0;0;2;0;0;0;0
"16/09/2016";"15:47:00";"263";"sem vítima";"494";"BR-163/MS";"Sul";"Colisão lateral no mesmo sentido";1;0;0;0;0;0;0;0;0;1;4;0;0;0;0
"16/09/2016";"18:43:00";"305";"sem vítima";"520";"BR-163/MS";"Norte";"Capotamento";1;0;0;0;0;0;0;0;0;0;1;0;0;0;0
"16/09/2016";"19:26:00";"313";"com vítima";"278,783";"BR-163/MS";"Sul";"Colisão c/ obstáculos";0;0;0;1;0;0;0;0;0;0;0;0;1;0;0
"16/09/2016";"20:01:00";"318";"com vítima";"266,52";"BR-163/MS";"Sul";"Colisão lateral no sentido contrário";1;1;0;0;0;0;0;0;0;0;1;1;0;0;0
"16/09/2016";"22:56:00";"346";"com vítima";"732,699";"BR-163/MS";"Sul";"Colisão lateral no mesmo sentido";1;0;0;0;1;0;0;0;0;0;40;0;1;0;0
"16/09/2016";"23:17:00";"351";"sem vítima";"6,5";"BR-163/MS";"Sul";"Colisão c/ obstáculos";0;0;0;0;0;0;0;0;0;1;1;0;0;0;0
"16/09/2016";"23:20:00";"352";"com vítima";"543,897";"BR-163/MS";"Norte";"Atropelamento de animais";1;0;0;0;1;0;0;0;0;0;3;1;0;0;0
"17/09/2016";"14:30:00";"200";"com vítima";"489";"BR-163/MS";"Norte";"Tombamento de moto";0;0;0;1;0;0;0;0;0;0;0;1;0;0;0
"17/09/2016";"16:43:00";"254";"com vítima";"65";"BR-163/MS";"Sul";"Saídas de pista";0;0;1;0;0;0;0;0;0;0;0;1;0;0;0
"18/09/2016";"02:45:00";"39";"com vítima";"240";"BR-163/MS";"Sul";"Capotamento";1;0;0;0;0;0;0;0;0;0;0;0;1;0;0
"18/09/2016";"08:53:00";"113";"sem vítima";"65";"BR-163/MS";"Sul";"Colisão com veículos (traseira)";2;0;0;0;0;0;0;0;0;0;6;0;0;0;0
"18/09/2016";"11:54:00";"182";"sem vítima";"657";"BR-163/MS";"Sul";"Colisão c/ obstáculos";1;0;0;0;0;0;0;0;0;0;1;0;0;0;0
"18/09/2016";"19:14:00";"342";"com vítima";"782";"BR-163/MS";"Norte";"Colisão c/ obstáculos";0;0;0;1;0;0;0;0;0;0;0;0;1;0;0
"18/09/2016";"20:44:00";"360";"com vítima";"257";"BR-163/MS";"Sul";"Colisão com veículos (traseira)";1;1;0;0;0;0;0;0;0;0;2;2;0;0;1
"18/09/2016";"21:00:00";"363";"sem vítima";"747";"BR-163/MS";"Norte";"Saídas de pista";0;0;1;0;0;0;0;0;0;0;1;0;0;0;0
"19/09/2016";"06:17:00";"62";"com vítima";"270";"BR-163/MS";"Norte";"Colisão lateral no mesmo sentido";1;0;0;1;0;0;0;0;0;0;1;0;1;0;0
"19/09/2016";"08:10:00";"114";"com vítima";"144,361";"BR-163/MS";"Sul";"Tombamento";0;0;1;0;0;2;0;0;0;0;2;0;1;0;0
"19/09/2016";"09:17:00";"151";"sem vítima";"46,3";"BR-163/MS";"Norte";"Tombamento";0;0;0;0;0;0;0;0;0;1;1;0;0;0;0
"19/09/2016";"14:20:00";"240";"com vítima";"569,2";"BR-163/MS";"Norte";"Capotamento";1;0;0;0;0;0;0;0;0;0;1;2;0;0;0
"19/09/2016";"18:19:00";"299";"sem vítima";"360";"BR-163/MS";"Norte";"Atropelamento de animais";1;0;0;0;0;0;0;0;0;0;1;0;0;0;0
"19/09/2016";"19:35:00";"313";"sem vítima";"362";"BR-163/MS";"Norte";"Atropelamento de animais";0;0;0;0;0;1;0;0;0;1;2;0;0;0;0
"19/09/2016";"22:39:00";"350";"sem vítima";"294,4";"BR-163/MS";"Norte";"Atropelamento de animais";1;0;0;0;0;0;0;0;0;0;1;0;0;0;0
"20/09/2016";"07:09:00";"44";"sem vítima";"8,2";"BR-163/MS";"Norte";"Colisão lateral no mesmo sentido";2;0;0;0;0;0;0;0;0;0;5;0;0;0;0