data;horario;n_da_ocorrencia;tipo_de_ocorrencia;km;trecho;sentido;tipo_de_acidente;automovel;bicicleta;caminhao;moto;onibus;outros;tracao_animal;transporte_de_cargas_especiais;trator_maquinas;utilitarios;ilesos;levemente_feridos;moderadamente_feridos;gravemente_feridos;mortos
"27/03/2017";"20:20:00";"338";"com vítima";"710,834";"BR-163/MS";"Sul";"Colisão c/ obstáculos";1;0;0;0;0;0;0;0;0;0;2;1;0;0;0
"27/03/2017";"21:26:00";"349";"sem vítima";"658,295";"BR-163/MS";"Sul";"Tombamento";0;0;1;0;0;0;0;0;0;0;1;0;0;0;0
"27/03/2017";"22:14:00";"356";"com vítima";"426,45";"BR-163/MS";"Sul";"Engavetamento";4;0;0;0;0;0;0;0;0;0;5;4;0;0;0
"28/03/2017";"04:34:00";"39";"sem vítima";"307,821";"BR-163/MS";"Norte";"Atropelamento de animais";1;0;0;0;0;0;0;0;0;0;3;0;0;0;0
"28/03/2017";"09:02:00";"145";"com vítima";"648";"BR-163/MS";"Norte";"Colisão c/ obstáculos";0;0;0;1;0;0;0;0;0;0;0;1;0;0;0
"29/03/2017";"01:19:00";"31";"sem vítima";"356,8";"BR-163/MS";"Norte";"Atropelamento de animais";1;0;0;0;0;0;0;0;0;0;1;0;0;0;0
"29/03/2017";"07:18:00";"100";"sem vítima";"1";"BR-163/MS";"Norte";"Colisão lateral no mesmo sentido";1;0;0;0;0;0;0;0;0;1;3;0;0;0;0
"29/03/2017";"19:25:00";"350";"com vítima";"845";"BR-163/MS";"Sul";"Saídas de pista";1;0;0;0;0;0;0;0;0;0;2;0;1;0;0
"29/03/2017";"19:50:00";"356";"com vítima";"477";"BR-163/MS";"Norte";"Colisão com veículos (traseira)";0;0;0;1;0;1;0;0;0;0;1;1;0;0;0
"29/03/2017";"23:44:00";"399";"com vítima";"265";"BR-163/MS";"Norte";"Atropelamento de pedestre";1;0;0;0;0;0;0;0;0;0;0;2;0;0;0
"30/03/2017";"17:44:00";"316";"com vítima";"473,228";"BR-163/MS";"Norte";"Colisão lateral no mesmo sentido";0;0;0;1;0;0;0;0;0;0;0;1;0;0;0
"30/03/2017";"21:00:00";"355";"com vítima";"458,252";"BR-163/MS";"Sul";"Colisão com veículos (frontal)";1;0;1;0;0;0;0;0;0;0;1;0;0;0;1
"31/03/2017";"03:26:00";"32";"sem vítima";"262";"BR-163/MS";"Norte";"Atropelamento de animais";1;0;0;0;0;0;0;0;0;0;5;0;0;0;0
"31/03/2017";"18:45:00";"361";"sem vítima";"508,514";"BR-163/MS";"Norte";"Atropelamento de animais";1;0;0;0;0;0;0;0;0;0;1;0;0;0;0
"31/03/2017";"19:08:00";"367";"sem vítima";"519,9";"BR-163/MS";"Norte";"Colisão com veículos (traseira)";1;0;0;0;0;0;0;0;0;1;2;0;0;0;0
"01/04/2017";"00:22:00";"2";"com vítima";"395,52";"BR-163/MS";"Norte";"Capotamento";1;0;0;0;0;0;0;0;0;0;0;1;0;0;0
"01/04/2017";"01:35:00";"17";"sem vítima";"794";"BR-163/MS";"Sul";"Atropelamento de animais";1;0;0;0;0;0;0;0;0;0;1;0;0;0;0
"01/04/2017";"02:01:00";"20";"com vítima";"145,187";"BR-163/MS";"Sul";"Tombamento de moto";0;0;0;1;0;0;0;0;0;0;0;1;0;0;0
"01/04/2017";"07:50:00";"82";"com vítima";"473";"BR-163/MS";"Norte";"Colisão lateral no sentido contrário";0;1;0;0;0;0;0;0;0;1;2;0;1;0;0
"01/04/2017";"09:14:00";"108";"sem vítima";"5";"BR-163/MS";"Norte";"Engavetamento";3;0;0;0;0;0;0;0;0;0;8;0;0;0;0
"01/04/2017";"17:00:00";"268";"sem vítima";"325,7";"BR-163/MS";"Norte";"Saídas de pista";1;0;0;0;0;0;0;0;0;0;0;0;0;0;0
"01/04/2017";"17:40:00";"278";"sem vítima";"547,5";"BR-163/MS";"Norte";"Colisão lateral no mesmo sentido";0;0;1;0;0;0;0;0;0;1;2;0;0;0;0
"01/04/2017";"21:51:00";"337";"com vítima";"194";"BR-163/MS";"Norte";"Tombamento de moto";0;0;0;1;0;0;0;0;0;0;0;2;0;0;0
"02/04/2017";"01:02:00";"17";"com vítima";"23,36";"BR-163/MS";"Norte";"Colisão com veículos (traseira)";0;1;0;1;0;0;0;0;0;0;0;1;1;0;0
"02/04/2017";"04:02:00";"46";"sem vítima";"345,2";"BR-163/MS";"Sul";"Atropelamento de animais";1;0;0;0;0;0;0;0;0;0;4;0;0;0;0
"02/04/2017";"04:02:00";"47";"sem vítima";"494,457";"BR-163/MS";"Sul";"Saídas de pista";1;0;0;0;0;0;0;0;0;0;1;0;0;0;0
"02/04/2017";"06:29:00";"68";"com vítima";"153,8";"BR-163/MS";"Sul";"Tombamento";1;0;0;0;0;0;0;0;0;0;0;1;0;0;0
"02/04/2017";"09:37:00";"134";"sem vítima";"42";"BR-163/MS";"Sul";"Colisão c/ obstáculos";0;0;1;0;0;0;0;0;0;0;3;0;0;0;0
"02/04/2017";"15:03:00";"224";"sem vítima";"660";"BR-163/MS";"Norte";"Saídas de pista";1;0;0;0;0;0;0;0;0;0;1;0;0;0;0
"03/04/2017";"04:52:00";"36";"sem vítima";"696";"BR-163/MS";"Norte";"Saídas de pista";0;0;1;0;0;0;0;0;0;0;2;0;0;0;0
"03/04/2017";"05:07:00";"37";"sem vítima";"394,917";"BR-163/MS";"Sul";"Atropelamento de animais";0;0;0;0;0;0;0;0;0;1;11;0;0;0;0
"03/04/2017";"15:14:00";"225";"com vítima";"167";"BR-163/MS";"Norte";"Tombamento de moto";0;0;0;1;0;0;0;0;0;0;1;1;0;0;0
"03/04/2017";"22:59:00";"323";"sem vítima";"760,736";"BR-163/MS";"Norte";"Colisão c/ obstáculos";0;0;0;0;0;0;0;0;0;1;1;0;0;0;0
"04/04/2017";"11:14:00";"149";"sem vítima";"490";"BR-163/MS";"Sul";"Colisão lateral no mesmo sentido";2;0;0;0;0;0;0;0;0;1;3;0;0;0;0
"04/04/2017";"13:41:00";"188";"sem vítima";"562";"BR-163/MS";"Norte";"Colisão com veículos (traseira)";0;0;2;0;0;0;0;0;0;0;2;0;0;0;0
"04/04/2017";"23:16:00";"310";"com vítima";"99,45";"BR-163/MS";"Norte";"Colisão c/ obstáculos";1;0;0;0;0;0;0;0;0;0;0;0;1;1;0
"05/04/2017";"08:42:00";"108";"sem vítima";"5,3";"BR-163/MS";"Sul";"Colisão com veículos (frontal)";1;0;0;0;0;0;0;0;0;1;3;0;0;0;0
"05/04/2017";"15:00:00";"247";"sem vítima";"124";"BR-163/MS";"Sul";"Saídas de pista";0;0;1;0;0;0;0;0;0;0;1;0;0;0;0
"05/04/2017";"17:29:00";"301";"com vítima";"477,435";"BR-163/MS";"Sul";"Tombamento de moto";1;0;0;1;0;0;0;0;0;0;2;1;0;0;0
"06/04/2017";"12:59:00";"246";"sem vítima";"432";"BR-163/MS";"Norte";"Colisão com veículos (traseira)";0;0;1;0;1;0;0;0;0;0;2;0;0;0;0
"06/04/2017";"14:31:00";"272";"sem vítima";"263";"BR-163/MS";"Norte";"Atropelamento de animais";1;0;0;0;0;0;0;0;0;0;1;0;0;0;0
"06/04/2017";"15:22:00";"285";"sem vítima";"490";"BR-163/MS";"Norte";"Tombamento";0;0;0;0;0;0;0;0;0;1;1;0;0;0;0
"06/04/2017";"20:52:00";"376";"com vítima";"259";"BR-163/MS";"Norte";"Colisão com veículos (traseira)";1;0;0;1;0;0;0;0;0;0;1;2;0;0;0
"07/04/2017";"02:24:00";"29";"sem vítima";"14";"BR-163/MS";"Norte";"Colisão c/ obstáculos";1;0;0;0;0;0;0;0;0;0;1;0;0;0;0
"07/04/2017";"10:08:00";"171";"com vítima";"563";"BR-163/MS";"Norte";"Colisão com veículos (traseira)";2;0;0;0;0;0;0;0;0;0;4;1;0;0;0
"07/04/2017";"18:04:00";"352";"com vítima";"490,625";"BR-163/MS";"Norte";"Tombamento de moto";0;0;0;1;0;0;0;0;0;0;0;2;0;0;0
"07/04/2017";"18:25:00";"356";"sem vítima";"490,44";"BR-163/MS";"Norte";"Colisão com veículos (traseira)";1;0;0;0;0;1;0;0;0;0;3;0;0;0;0
"07/04/2017";"20:04:00";"377";"sem vítima";"411,761";"BR-163/MS";"Norte";"Atropelamento de animais";1;0;0;0;0;0;0;0;0;0;1;0;0;0;0
"07/04/2017";"22:49:00";"407";"sem vítima";"114";"BR-163/MS";"Sul";"Atropelamento de animais";1;0;0;0;0;0;0;0;0;0;1;0;0;0;0
"08/04/2017";"00:08:00";"2";"com vítima";"410,494";"BR-163/MS";"Sul";"Capotamento";0;0;0;0;0;0;0;0;0;1;0;4;0;0;0
"08/04/2017";"04:43:00";"30";"com vítima";"490,287";"BR-163/MS";"Sul";"Colisão com veículos (traseira)";1;0;0;1;0;0;0;0;0;0;1;0;0;1;0
"08/04/2017";"04:50:00";"31";"sem vítima";"511,975";"BR-163/MS";"Norte";"Tombamento";0;0;1;0;0;1;0;0;0;0;2;0;0;0;0
"08/04/2017";"06:36:00";"48";"sem vítima";"244";"BR-163/MS";"Norte";"Capotamento";1;0;0;0;0;0;0;0;0;0;1;0;0;0;0
"08/04/2017";"08:52:00";"92";"sem vítima";"7";"BR-163/MS";"Sul";"Colisão com veículos (traseira)";2;0;0;0;0;0;0;0;0;0;2;0;0;0;0
"08/04/2017";"09:35:00";"110";"sem vítima";"3,5";"BR-163/MS";"Norte";"Colisão com veículos (traseira)";2;0;0;0;0;0;0;0;0;0;2;0;0;0;0
"08/04/2017";"10:06:00";"116";"com vítima";"425,921";"BR-163/MS";"Norte";"Engavetamento";3;0;1;0;0;0;0;0;0;1;8;1;0;0;0
"08/04/2017";"15:58:00";"222";"sem vítima";"242";"BR-163/MS";"Sul";"Tombamento";0;0;0;1;0;0;0;0;0;0;2;0;0;0;0
"08/04/2017";"16:34:00";"230";"com vítima";"270";"BR-163/MS";"Sul";"Tombamento";0;0;0;1;0;0;0;0;0;0;0;1;0;0;0
"08/04/2017";"20:29:00";"285";"com vítima";"613,811";"BR-163/MS";"Sul";"Tombamento de moto";0;0;0;1;0;1;0;0;0;0;1;1;0;0;0
"09/04/2017";"17:58:00";"219";"com vítima";"70";"BR-163/MS";"Norte";"Tombamento";0;0;0;1;0;0;0;0;0;0;0;1;0;0;0
"09/04/2017";"18:09:00";"221";"com vítima";"343";"BR-163/MS";"Sul";"Colisão com veículos (traseira)";1;0;0;0;0;0;0;0;0;1;5;2;0;0;0
"09/04/2017";"18:36:00";"229";"com vítima";"524";"BR-163/MS";"Norte";"Tombamento de moto";0;0;0;1;0;0;0;0;0;0;0;1;0;0;0
"09/04/2017";"19:50:00";"247";"sem vítima";"187,8";"BR-163/MS";"Sul";"Saídas de pista";1;0;0;0;0;0;0;0;0;0;1;0;0;0;0
"09/04/2017";"20:06:00";"250";"sem vítima";"208";"BR-163/MS";"Norte";"Colisão c/ obstáculos";0;0;0;1;0;0;0;0;0;0;1;0;0;0;0
"09/04/2017";"22:01:00";"281";"sem vítima";"520";"BR-163/MS";"Norte";"Colisão c/ obstáculos";1;0;0;0;0;0;0;0;0;0;2;0;0;0;0
"10/04/2017";"05:14:00";"34";"sem vítima";"565";"BR-163/MS";"Norte";"Colisão com veículos (frontal)";2;0;0;0;0;0;0;0;0;0;2;0;0;0;0
"10/04/2017";"06:20:00";"44";"sem vítima";"374,123";"BR-163/MS";"Sul";"Saídas de pista";1;0;0;0;0;0;0;0;0;0;1;0;0;0;0
"10/04/2017";"14:45:00";"244";"sem vítima";"6";"BR-163/MS";"Norte";"Colisão lateral no sentido contrário";2;0;0;0;0;0;0;0;0;0;3;0;0;0;0
"10/04/2017";"15:48:00";"273";"sem vítima";"207";"BR-163/MS";"Norte";"Engavetamento";3;0;0;0;0;0;0;0;0;0;3;0;0;0;0
"10/04/2017";"18:23:00";"321";"com vítima";"284";"BR-163/MS";"Sul";"Colisão com veículos (traseira)";0;1;0;1;0;1;0;0;0;0;1;1;0;1;0
"11/04/2017";"06:17:00";"50";"sem vítima";"573";"BR-163/MS";"Norte";"Saídas de pista";1;0;0;0;0;0;0;0;0;0;2;0;0;0;0
"11/04/2017";"14:32:00";"287";"sem vítima";"280";"BR-163/MS";"Sul";"Colisão c/ obstáculos";1;0;0;0;0;0;0;0;0;0;1;0;0;0;0
"12/04/2017";"06:29:00";"36";"sem vítima";"809";"BR-163/MS";"Norte";"Saídas de pista";1;0;0;0;0;0;0;0;0;0;4;0;0;0;0
"12/04/2017";"06:59:00";"45";"com vítima";"475,7";"BR-163/MS";"Norte";"Colisão lateral no sentido contrário";1;0;0;1;0;0;0;0;0;0;1;1;0;0;0
"12/04/2017";"12:42:00";"206";"sem vítima";"533";"BR-163/MS";"Norte";"Colisão com veículos (traseira)";1;0;0;0;0;0;0;0;0;1;3;0;0;0;0
"12/04/2017";"14:02:00";"223";"com vítima";"475";"BR-163/MS";"Norte";"Colisão lateral no sentido contrário";1;0;0;1;0;0;0;0;0;0;1;1;0;0;0
"12/04/2017";"23:55:00";"368";"sem vítima";"156,661";"BR-163/MS";"Norte";"Atropelamento de animais";0;0;0;0;0;0;0;0;0;1;2;0;0;0;0
"13/04/2017";"01:17:00";"10";"sem vítima";"481,7";"BR-163/MS";"Norte";"Colisão c/ obstáculos";0;0;1;0;0;0;0;0;0;0;1;0;0;0;0
"13/04/2017";"04:56:00";"33";"com vítima";"575";"BR-163/MS";"Norte";"Colisão lateral no sentido contrário";1;0;1;0;0;2;0;0;0;0;3;1;1;0;0
"13/04/2017";"05:10:00";"35";"sem vítima";"276,36";"BR-163/MS";"Sul";"Colisão c/ obstáculos";1;0;0;0;0;0;0;0;0;0;1;0;0;0;0
"13/04/2017";"07:50:00";"91";"com vítima";"227";"BR-163/MS";"Sul";"Tombamento de moto";0;0;0;1;0;0;0;0;0;0;1;1;0;0;0
"13/04/2017";"08:53:00";"130";"sem vítima";"490";"BR-163/MS";"Norte";"Colisão com veículos (traseira)";1;0;1;0;0;0;0;0;0;0;2;0;0;0;0
"13/04/2017";"10:57:00";"190";"sem vítima";"87";"BR-163/MS";"Norte";"Colisão c/ obstáculos";1;0;0;0;0;0;0;0;0;0;2;0;0;0;0
"13/04/2017";"18:47:00";"353";"sem vítima";"803";"BR-163/MS";"Norte";"Atropelamento de animais";0;0;0;0;0;0;0;0;0;1;6;0;0;0;0
"13/04/2017";"19:32:00";"370";"sem vítima";"766";"BR-163/MS";"Sul";"Atropelamento de animais";1;0;0;0;0;0;0;0;0;0;3;0;0;0;0
"13/04/2017";"21:24:00";"397";"com vítima";"785";"BR-163/MS";"Norte";"Colisão com veículos (traseira)";0;0;2;0;0;0;0;0;0;0;1;2;0;0;0
"14/04/2017";"01:23:00";"10";"sem vítima";"458,7";"BR-163/MS";"Sul";"Atropelamento de animais";1;0;0;0;0;0;0;0;0;0;1;0;0;0;0
"14/04/2017";"01:34:00";"11";"com vítima";"19,8";"BR-163/MS";"Norte";"Tombamento de moto";0;0;0;1;0;0;0;0;0;0;0;1;0;0;0
"14/04/2017";"02:12:00";"15";"com vítima";"675";"BR-163/MS";"Norte";"Tombamento";1;0;0;0;0;0;0;0;0;0;2;1;0;0;0
"14/04/2017";"02:41:00";"18";"com vítima";"656";"BR-163/MS";"Sul";"Tombamento";0;0;1;0;0;1;0;0;0;0;1;1;0;0;0
"14/04/2017";"05:35:00";"41";"com vítima";"336";"BR-163/MS";"Norte";"Colisão c/ obstáculos";0;0;0;1;0;0;0;0;0;0;0;1;0;0;0
"14/04/2017";"05:39:00";"42";"sem vítima";"227,993";"BR-163/MS";"Norte";"Colisão com veículos (traseira)";1;0;0;0;0;0;0;0;0;1;5;0;0;0;0
"14/04/2017";"06:29:00";"49";"sem vítima";"257";"BR-163/MS";"Sul";"Colisão c/ obstáculos";1;0;0;0;0;0;0;0;0;0;1;0;0;0;0
"14/04/2017";"09:22:00";"110";"com vítima";"269,1";"BR-163/MS";"Norte";"Colisão c/ obstáculos";0;0;0;1;0;0;0;0;0;0;0;1;0;0;0
"14/04/2017";"15:17:00";"244";"com vítima";"373";"BR-163/MS";"Sul";"Capotamento";1;0;0;0;0;0;0;0;0;0;0;1;0;0;0
"14/04/2017";"18:38:00";"304";"sem vítima";"479";"BR-163/MS";"Sul";"Colisão com veículos (traseira)";1;0;1;0;0;0;0;0;0;0;3;0;0;0;0
"15/04/2017";"07:51:00";"65";"sem vítima";"2,3";"BR-163/MS";"Norte";"Engavetamento";3;0;0;0;0;0;0;0;0;0;10;0;0;0;0
"15/04/2017";"20:55:00";"305";"sem vítima";"700,327";"BR-163/MS";"Norte";"Atropelamento de animais";0;0;0;0;0;0;0;0;0;1;1;0;0;0;0
"15/04/2017";"21:44:00";"314";"com vítima";"482,84";"BR-163/MS";"Sul";"Colisão lateral no mesmo sentido";1;0;0;2;0;0;0;0;0;0;3;2;0;0;0
"15/04/2017";"22:06:00";"317";"sem vítima";"459,23";"BR-163/MS";"Norte";"Atropelamento de animais";1;0;0;0;0;0;0;0;0;0;1;0;0;0;0
"15/04/2017";"22:12:00";"318";"sem vítima";"387,6";"BR-163/MS";"Sul";"Colisão lateral no mesmo sentido";1;0;0;0;0;1;0;0;0;0;2;0;0;0;0
"16/04/2017";"00:46:00";"8";"sem vítima";"503,377";"BR-163/MS";"Norte";"Colisão com veículos (traseira)";1;0;0;0;0;0;0;0;0;1;2;0;0;0;0
"16/04/2017";"10:09:00";"98";"sem vítima";"94";"BR-163/MS";"Sul";"Colisão com veículos (traseira)";0;0;0;0;0;0;0;0;0;2;5;0;0;0;0
"16/04/2017";"13:31:00";"138";"sem vítima";"397";"BR-163/MS";"Norte";"Saídas de pista";1;0;0;0;0;0;0;0;0;0;3;0;0;0;0
"16/04/2017";"16:39:00";"195";"sem vítima";"336";"BR-163/MS";"Sul";"Colisão c/ obstáculos";1;0;0;0;0;0;0;0;0;0;3;0;0;0;0
"16/04/2017";"16:45:00";"200";"sem vítima";"375";"BR-163/MS";"Norte";"Capotamento";0;0;0;0;0;0;0;0;0;1;1;0;0;0;0
"16/04/2017";"17:00:00";"207";"sem vítima";"374,176";"BR-163/MS";"Sul";"Colisão com veículos (traseira)";2;0;0;0;0;0;0;0;0;0;8;0;0;0;0
"16/04/2017";"18:17:00";"232";"sem vítima";"112,898";"BR-163/MS";"Norte";"Colisão c/ obstáculos";1;0;0;0;0;0;0;0;0;0;1;0;0;0;0
"16/04/2017";"18:50:00";"245";"sem vítima";"626,645";"BR-163/MS";"Norte";"Capotamento";0;0;1;0;0;2;0;0;0;0;3;0;0;0;0
"16/04/2017";"19:34:00";"250";"sem vítima";"280,933";"BR-163/MS";"Sul";"Atropelamento de animais";1;0;0;0;0;0;0;0;0;0;1;0;0;0;0
"16/04/2017";"23:21:00";"288";"sem vítima";"24,576";"BR-163/MS";"Norte";"Atropelamento de animais";1;0;0;0;0;0;0;0;0;0;1;0;0;0;0
"17/04/2017";"09:47:00";"136";"sem vítima";"445,86";"BR-163/MS";"Sul";"Capotamento";1;0;0;0;0;0;0;0;0;1;4;0;0;0;0
"17/04/2017";"11:16:00";"163";"sem vítima";"433";"BR-163/MS";"Norte";"Colisão com veículos (traseira)";1;0;1;0;0;0;0;0;0;0;3;0;0;0;0
"17/04/2017";"11:43:00";"181";"sem vítima";"544";"BR-163/MS";"Sul";"Colisão com veículos (traseira)";1;0;0;0;0;0;0;0;0;1;6;0;0;0;0
"17/04/2017";"18:15:00";"282";"com vítima";"475";"BR-163/MS";"Norte";"Colisão lateral no mesmo sentido";1;0;1;0;0;0;0;0;0;0;1;1;0;0;0
"18/04/2017";"04:05:00";"26";"sem vítima";"640";"BR-163/MS";"Norte";"Saídas de pista";1;0;0;0;0;0;0;0;0;0;1;0;0;0;0
"18/04/2017";"05:10:00";"37";"sem vítima";"192";"BR-163/MS";"Sul";"Tombamento";0;0;1;0;0;0;0;0;0;0;1;0;0;0;0
"18/04/2017";"05:12:00";"38";"sem vítima";"384,9";"BR-163/MS";"Norte";"Saídas de pista";0;0;1;0;0;0;0;0;0;0;1;0;0;0;0
"18/04/2017";"11:28:00";"185";"com vítima";"77";"BR-163/MS";"Norte";"Colisão lateral no mesmo sentido";1;0;0;1;0;0;0;0;0;0;0;1;0;1;0
"18/04/2017";"11:56:00";"191";"com vítima";"466";"BR-163/MS";"Norte";"Tombamento de moto";0;0;0;1;0;0;0;0;0;0;0;1;0;0;0
"18/04/2017";"17:09:00";"284";"com vítima";"682";"BR-163/MS";"Norte";"Colisão com veículos (traseira)";1;0;0;0;0;0;0;0;0;1;3;1;0;0;0
"19/04/2017";"01:20:00";"7";"com vítima";"12";"BR-163/MS";"Norte";"Colisão com veículos (frontal)";1;0;1;0;0;0;0;0;0;0;1;0;0;1;0
"19/04/2017";"04:19:00";"24";"sem vítima";"51,8";"BR-163/MS";"Norte";"Atropelamento de animais";1;0;0;0;0;0;0;0;0;0;1;0;0;0;0
"19/04/2017";"18:41:00";"339";"sem vítima";"276,36";"BR-163/MS";"Sul";"Colisão c/ obstáculos";1;0;0;0;0;0;0;0;0;0;1;0;0;0;0
"19/04/2017";"23:23:00";"381";"com vítima";"477,768";"BR-163/MS";"Sul";"Colisão lateral no sentido contrário";1;0;1;0;0;0;0;0;0;0;4;1;0;0;0
"20/04/2017";"00:31:00";"6";"sem vítima";"693,297";"BR-163/MS";"Norte";"Colisão c/ obstáculos";1;0;0;0;0;0;0;0;0;0;3;0;0;0;0
"20/04/2017";"08:09:00";"76";"sem vítima";"542,393";"BR-163/MS";"Sul";"Colisão c/ obstáculos";0;0;0;0;0;0;0;0;0;2;2;0;0;0;0
"20/04/2017";"08:57:00";"97";"sem vítima";"397,504";"BR-163/MS";"Norte";"Colisão c/ obstáculos";1;0;0;0;0;0;0;0;0;0;1;0;0;0;0
"20/04/2017";"09:15:00";"105";"com vítima";"150,6";"BR-163/MS";"Sul";"Colisão c/ obstáculos";1;0;0;0;0;0;0;0;0;0;0;2;0;0;0
"20/04/2017";"11:13:00";"141";"sem vítima";"507,854";"BR-163/MS";"Norte";"Colisão com veículos (frontal)";2;0;0;0;0;0;0;0;0;0;3;0;0;0;0
"20/04/2017";"14:15:00";"194";"sem vítima";"484";"BR-163/MS";"Norte";"Colisão lateral no mesmo sentido";1;0;1;0;0;0;0;0;0;0;2;0;0;0;0
"20/04/2017";"22:20:00";"304";"sem vítima";"523";"BR-163/MS";"Norte";"Atropelamento de animais";1;0;0;0;0;0;0;0;0;0;4;0;0;0;0
"20/04/2017";"23:17:00";"316";"com vítima";"260,444";"BR-163/MS";"Norte";"Colisão com veículos (traseira)";2;0;0;0;0;0;0;0;0;0;6;0;1;0;0
"21/04/2017";"07:49:00";"76";"sem vítima";"543,1";"BR-163/MS";"Norte";"Colisão com veículos (traseira)";1;0;0;0;0;0;0;0;0;1;3;0;0;0;0
"21/04/2017";"12:30:00";"177";"sem vítima";"316,5";"BR-163/MS";"Norte";"Colisão lateral no mesmo sentido";1;0;1;0;0;0;0;0;0;0;2;0;0;0;0
"21/04/2017";"18:34:00";"267";"com vítima";"263";"BR-163/MS";"Norte";"Colisão com veículos (traseira)";1;0;0;1;0;0;0;0;0;0;1;0;0;1;0
"22/04/2017";"01:03:00";"5";"sem vítima";"497";"BR-163/MS";"Sul";"Saídas de pista";1;0;0;0;0;0;0;0;0;0;1;0;0;0;0
"22/04/2017";"10:10:00";"88";"com vítima";"186";"BR-163/MS";"Norte";"Tombamento";0;0;1;0;0;0;0;0;0;0;0;1;0;0;0
"22/04/2017";"18:43:00";"248";"sem vítima";"19,4";"BR-163/MS";"Sul";"Saídas de pista";1;0;0;0;0;0;0;0;0;1;2;0;0;0;0
"23/04/2017";"06:21:00";"38";"sem vítima";"265";"BR-163/MS";"Sul";"Colisão com veículos (traseira)";1;0;0;0;0;0;0;0;0;1;4;0;0;0;0
"23/04/2017";"07:25:00";"52";"com vítima";"111";"BR-163/MS";"Sul";"Capotamento";1;0;0;0;0;0;0;0;0;0;0;1;0;0;0
"23/04/2017";"18:29:00";"249";"sem vítima";"90,231";"BR-163/MS";"Sul";"Colisão com veículos (traseira)";1;0;1;0;0;0;0;0;0;0;3;0;0;0;0
"23/04/2017";"21:11:00";"284";"sem vítima";"486,2";"BR-163/MS";"Sul";"Colisão com veículos (traseira)";1;0;0;0;0;1;0;0;0;0;4;0;0;0;0
"24/04/2017";"02:27:00";"14";"sem vítima";"489,773";"BR-163/MS";"Sul";"Tombamento";1;0;0;0;0;1;0;0;0;0;2;0;0;0;0
"24/04/2017";"06:30:00";"31";"sem vítima";"159";"BR-163/MS";"Norte";"Capotamento";1;0;0;0;0;0;0;0;0;0;1;0;0;0;0
"24/04/2017";"06:32:00";"32";"sem vítima";"277";"BR-163/MS";"Sul";"Colisão com veículos (traseira)";1;0;0;0;1;0;0;0;0;0;2;0;0;0;0
"24/04/2017";"19:12:00";"311";"sem vítima";"523,286";"BR-163/MS";"Sul";"Colisão lateral no mesmo sentido";1;0;0;0;0;1;0;0;0;0;2;0;0;0;0
"24/04/2017";"22:02:00";"338";"sem vítima";"492,677";"BR-163/MS";"Sul";"Colisão c/ obstáculos";0;0;1;0;0;0;0;0;0;0;1;0;0;0;0
"24/04/2017";"22:49:00";"345";"sem vítima";"283,759";"BR-163/MS";"Sul";"Colisão com veículos (traseira)";0;0;0;1;0;1;0;0;0;0;2;0;0;0;0
"25/04/2017";"00:04:00";"2";"sem vítima";"600,983";"BR-163/MS";"Norte";"Atropelamento de animais";1;0;0;0;0;0;0;0;0;0;1;0;0;0;0
"25/04/2017";"02:24:00";"14";"sem vítima";"406,699";"BR-163/MS";"Norte";"Atropelamento de animais";1;0;0;0;0;0;0;0;0;0;1;0;0;0;0
"25/04/2017";"04:02:00";"23";"sem vítima";"664,9";"BR-163/MS";"Sul";"Atropelamento de animais";0;0;0;0;0;0;0;0;0;1;1;0;0;0;0
"25/04/2017";"14:44:00";"237";"com vítima";"559,95";"BR-163/MS";"Sul";"Colisão lateral no sentido contrário";1;0;0;0;0;0;0;0;0;1;1;1;1;1;1
"25/04/2017";"17:39:00";"297";"com vítima";"481";"BR-163/MS";"Norte";"Colisão com veículos (traseira)";0;0;0;2;0;0;0;0;0;0;1;1;0;0;0
"25/04/2017";"17:39:00";"298";"sem vítima";"256";"BR-163/MS";"Norte";"Colisão lateral no mesmo sentido";0;0;0;1;0;0;0;0;0;1;2;0;0;0;0
"25/04/2017";"17:47:00";"299";"sem vítima";"480";"BR-163/MS";"Norte";"Colisão com veículos (traseira)";0;0;1;1;0;0;0;0;0;0;2;0;0;0;0
"25/04/2017";"17:59:00";"302";"sem vítima";"484";"BR-163/MS";"Norte";"Engavetamento";1;0;1;1;0;0;0;0;0;0;3;0;0;0;0
"26/04/2017";"04:36:00";"34";"sem vítima";"572";"BR-163/MS";"Norte";"Atropelamento de animais";0;0;0;0;0;0;0;0;0;1;1;0;0;0;0
"26/04/2017";"05:29:00";"44";"sem vítima";"286,5";"BR-163/MS";"Norte";"Colisão c/ obstáculos";0;0;0;0;0;0;0;0;0;1;1;0;0;0;0
"26/04/2017";"13:49:00";"235";"com vítima";"661,5";"BR-163/MS";"Norte";"Capotamento";1;0;0;0;0;0;0;0;0;0;0;0;1;1;0
"26/04/2017";"13:53:00";"236";"sem vítima";"482";"BR-163/MS";"Norte";"Colisão com veículos (traseira)";0;0;2;0;0;0;0;0;0;0;2;0;0;0;0