data;horario;n_da_ocorrencia;tipo_de_ocorrencia;km;trecho;sentido;tipo_de_acidente;automovel;bicicleta;caminhao;moto;onibus;outros;tracao_animal;transporte_de_cargas_especiais;trator_maquinas;utilitarios;ilesos;levemente_feridos;moderadamente_feridos;gravemente_feridos;mortos
"26/04/2017";"22:57:00";"371";"sem vítima";"276,28";"BR-163/MS";"Norte";"Atropelamento de animais";1;0;0;0;0;0;0;0;0;0;1;0;0;0;0
"27/04/2017";"06:27:00";"55";"com vítima";"267,758";"BR-163/MS";"Norte";"Capotamento";1;0;0;0;0;0;0;0;0;0;0;0;1;0;0
"27/04/2017";"09:02:00";"128";"sem vítima";"223";"BR-163/MS";"Norte";"Atropelamento de animais";0;0;0;0;0;0;0;0;0;1;1;0;0;0;0
"27/04/2017";"14:08:00";"276";"com vítima";"811,3";"BR-163/MS";"Sul";"Saídas de pista";0;0;0;1;0;0;0;0;0;0;0;2;0;0;0
"27/04/2017";"14:41:00";"291";"sem vítima";"514,9";"BR-163/MS";"Norte";"Saídas de pista";0;0;1;0;0;0;0;0;0;0;1;0;0;0;0
"27/04/2017";"15:39:00";"322";"sem vítima";"554,8";"BR-163/MS";"Norte";"Colisão lateral no mesmo sentido";1;0;1;0;0;0;0;0;0;0;5;0;0;0;0
"27/04/2017";"18:26:00";"396";"com vítima";"819,696";"BR-163/MS";"Norte";"Colisão com veículos (traseira)";1;0;1;0;0;0;0;0;0;0;1;1;0;0;0
"27/04/2017";"22:52:00";"445";"sem vítima";"331,413";"BR-163/MS";"Sul";"Atropelamento de animais";0;0;0;0;0;0;0;0;0;1;1;0;0;0;0
"28/04/2017";"15:06:00";"234";"com vítima";"274";"BR-163/MS";"Norte";"Tombamento de moto";0;0;0;1;0;0;0;0;0;0;1;1;0;0;0
"28/04/2017";"18:18:00";"309";"com vítima";"479,226";"BR-163/MS";"Norte";"Colisão lateral no sentido contrário";2;1;1;0;0;0;0;0;0;0;4;1;1;0;1
"28/04/2017";"20:57:00";"349";"sem vítima";"263,29";"BR-163/MS";"Sul";"Colisão c/ obstáculos";0;0;0;0;0;0;0;0;0;1;1;0;0;0;0
"28/04/2017";"22:24:00";"359";"sem vítima";"451,765";"BR-163/MS";"Norte";"Atropelamento de animais";1;0;0;0;0;0;0;0;0;0;1;0;0;0;0
"29/04/2017";"01:04:00";"8";"com vítima";"542,871";"BR-163/MS";"Norte";"Engavetamento";2;0;1;0;0;0;0;0;0;0;2;5;1;0;0
"29/04/2017";"07:07:00";"61";"com vítima";"63";"BR-163/MS";"Norte";"Tombamento";1;0;0;0;0;0;0;0;0;0;1;2;0;0;0
"29/04/2017";"11:14:00";"152";"sem vítima";"7";"BR-163/MS";"Norte";"Engavetamento";3;0;0;0;0;0;0;0;0;0;9;0;0;0;0
"29/04/2017";"18:21:00";"276";"com vítima";"267";"BR-163/MS";"Norte";"Colisão c/ obstáculos";0;0;0;1;0;0;0;0;0;0;0;1;0;0;0
"29/04/2017";"22:50:00";"326";"sem vítima";"517";"BR-163/MS";"Norte";"Colisão c/ obstáculos";1;0;0;0;0;0;0;0;0;1;2;0;0;0;0
"30/04/2017";"08:50:00";"96";"sem vítima";"6";"BR-163/MS";"Norte";"Engavetamento";1;0;0;0;0;0;0;0;0;1;8;0;0;0;0
"30/04/2017";"12:30:00";"165";"sem vítima";"723";"BR-163/MS";"Norte";"Saídas de pista";0;0;0;0;0;1;0;0;0;1;5;0;0;0;0
"01/05/2017";"03:09:00";"29";"sem vítima";"347";"BR-163/MS";"Norte";"Saídas de pista";1;0;0;0;0;0;0;0;0;0;1;0;0;0;0
"01/05/2017";"04:15:00";"33";"com vítima";"487";"BR-163/MS";"Norte";"Engavetamento";2;0;0;0;0;4;0;0;0;0;7;1;0;0;0
"01/05/2017";"07:51:00";"65";"com vítima";"258";"BR-163/MS";"Sul";"Tombamento de moto";0;0;0;1;0;0;0;0;0;0;0;1;0;0;0
"01/05/2017";"13:11:00";"182";"sem vítima";"506";"BR-163/MS";"Sul";"Colisão lateral no mesmo sentido";1;0;0;0;0;0;0;0;0;1;4;0;0;0;0
"02/05/2017";"11:20:00";"207";"com vítima";"429";"BR-163/MS";"Norte";"Colisão c/ obstáculos";1;0;0;0;0;1;0;0;0;0;2;1;0;0;0
"02/05/2017";"18:18:00";"352";"com vítima";"551,45";"BR-163/MS";"Norte";"Tombamento de moto";0;0;0;1;0;0;0;0;0;0;0;1;0;0;0
"03/05/2017";"08:56:00";"122";"sem vítima";"313";"BR-163/MS";"Sul";"Colisão com veículos (traseira)";1;0;0;0;0;0;0;0;0;1;4;0;0;0;0
"03/05/2017";"10:23:00";"163";"sem vítima";"225";"BR-163/MS";"Sul";"Colisão com veículos (traseira)";2;0;0;0;0;0;0;0;0;0;4;0;0;0;0
"03/05/2017";"12:51:00";"211";"sem vítima";"485,7";"BR-163/MS";"Sul";"Colisão com veículos (traseira)";1;0;0;1;0;0;0;0;0;0;2;0;0;0;0
"04/05/2017";"01:14:00";"8";"sem vítima";"600,575";"BR-163/MS";"Sul";"Atropelamento de animais";0;0;0;0;0;0;0;0;0;1;2;0;0;0;0
"04/05/2017";"12:42:00";"195";"sem vítima";"173";"BR-163/MS";"Sul";"Saídas de pista";0;0;0;0;0;1;0;0;0;1;2;0;0;0;0
"04/05/2017";"16:01:00";"263";"sem vítima";"373";"BR-163/MS";"Sul";"Colisão com veículos (traseira)";1;0;0;0;0;0;0;0;0;1;16;0;0;0;0
"04/05/2017";"19:29:00";"313";"com vítima";"261";"BR-163/MS";"Sul";"Colisão com veículos (traseira)";0;1;0;1;0;0;0;0;0;0;1;1;0;0;0
"04/05/2017";"20:00:00";"318";"sem vítima";"382";"BR-163/MS";"Norte";"Atropelamento de animais";0;0;1;0;0;0;0;0;0;0;1;0;0;0;0
"05/05/2017";"08:26:00";"95";"sem vítima";"507";"BR-163/MS";"Sul";"Capotamento";0;0;0;0;0;0;0;0;0;1;1;0;0;0;0
"05/05/2017";"10:56:00";"174";"sem vítima";"550";"BR-163/MS";"Sul";"Colisão com veículos (traseira)";1;0;0;0;0;0;0;0;0;1;3;0;0;0;0
"05/05/2017";"11:57:00";"186";"sem vítima";"355";"BR-163/MS";"Sul";"Colisão c/ obstáculos";1;0;0;0;0;0;0;0;0;0;1;0;0;0;0
"05/05/2017";"17:28:00";"291";"sem vítima";"283";"BR-163/MS";"Sul";"Colisão com veículos (traseira)";2;0;0;0;0;0;0;0;0;0;2;0;0;0;0
"05/05/2017";"17:32:00";"293";"sem vítima";"70,191";"BR-163/MS";"Sul";"Saídas de pista";1;0;0;0;0;0;0;0;0;0;1;0;0;0;0
"05/05/2017";"18:14:00";"301";"sem vítima";"278,138";"BR-163/MS";"Norte";"Colisão c/ obstáculos";1;0;0;0;0;0;0;0;0;0;1;0;0;0;0
"05/05/2017";"18:55:00";"313";"com vítima";"542,523";"BR-163/MS";"Norte";"Colisão c/ obstáculos";0;0;1;1;0;0;0;0;0;0;2;0;0;0;1
"05/05/2017";"20:32:00";"330";"sem vítima";"383,5";"BR-163/MS";"Sul";"Atropelamento de animais";1;0;0;0;0;0;0;0;0;0;1;0;0;0;0
"06/05/2017";"03:09:00";"19";"sem vítima";"621,52";"BR-163/MS";"Norte";"Atropelamento de animais";1;0;0;0;0;0;0;0;0;0;1;0;0;0;0
"06/05/2017";"04:57:00";"34";"sem vítima";"444,261";"BR-163/MS";"Sul";"Tombamento";0;0;1;0;0;0;0;0;0;0;1;0;0;0;0
"06/05/2017";"08:18:00";"97";"sem vítima";"426,455";"BR-163/MS";"Norte";"Colisão c/ obstáculos";2;0;0;0;0;0;0;0;0;0;3;0;0;0;0
"06/05/2017";"18:26:00";"278";"sem vítima";"667,296";"BR-163/MS";"Norte";"Atropelamento de animais";0;0;2;0;0;0;0;0;0;0;2;0;0;0;0
"06/05/2017";"21:53:00";"319";"sem vítima";"439,551";"BR-163/MS";"Norte";"Atropelamento de animais";0;0;0;0;0;0;0;0;0;1;1;0;0;0;0
"06/05/2017";"22:19:00";"321";"sem vítima";"435,306";"BR-163/MS";"Sul";"Atropelamento de animais";1;0;0;0;0;0;0;0;0;0;2;0;0;0;0
"07/05/2017";"00:09:00";"3";"sem vítima";"442,594";"BR-163/MS";"Norte";"Atropelamento de animais";0;0;1;0;0;0;0;0;0;0;1;0;0;0;0
"07/05/2017";"00:35:00";"10";"sem vítima";"503,431";"BR-163/MS";"Norte";"Colisão c/ obstáculos";1;0;0;0;0;0;0;0;0;0;1;0;0;0;0
"07/05/2017";"01:03:00";"13";"com vítima";"491,103";"BR-163/MS";"Norte";"Colisão com veículos (traseira)";0;1;0;0;0;1;0;0;0;0;1;0;1;0;0
"07/05/2017";"14:16:00";"190";"com vítima";"259";"BR-163/MS";"Sul";"Tombamento de moto";0;0;0;1;0;0;0;0;0;0;1;1;0;0;0
"07/05/2017";"23:31:00";"314";"sem vítima";"599";"BR-163/MS";"Norte";"Atropelamento de animais";0;0;0;0;1;0;0;0;0;0;19;0;0;0;0
"08/05/2017";"06:27:00";"52";"sem vítima";"104";"BR-163/MS";"Norte";"Tombamento";0;0;1;0;0;2;0;0;0;0;3;0;0;0;0
"08/05/2017";"15:28:00";"252";"sem vítima";"682";"BR-163/MS";"Norte";"Colisão com veículos (traseira)";1;0;0;0;0;0;0;0;0;1;2;0;0;0;0
"08/05/2017";"17:45:00";"280";"sem vítima";"766";"BR-163/MS";"Norte";"Atropelamento de animais";0;0;0;1;0;0;0;0;0;0;1;0;0;0;0
"08/05/2017";"19:21:00";"300";"com vítima";"542,83";"BR-163/MS";"Norte";"Engavetamento";0;0;2;0;0;0;0;0;0;1;2;1;0;0;0
"08/05/2017";"21:12:00";"310";"sem vítima";"317";"BR-163/MS";"Norte";"Tombamento";0;0;1;0;0;0;0;0;0;0;1;0;0;0;0
"09/05/2017";"07:21:00";"83";"com vítima";"611";"BR-163/MS";"Norte";"Tombamento";0;0;1;0;0;0;0;0;0;0;0;1;0;0;0
"09/05/2017";"12:47:00";"234";"sem vítima";"214";"BR-163/MS";"Norte";"Colisão com veículos (traseira)";2;0;0;0;0;0;0;0;0;0;4;0;0;0;0
"09/05/2017";"13:08:00";"240";"com vítima";"491,72";"BR-163/MS";"Norte";"Colisão lateral no sentido contrário";2;0;0;0;0;0;0;0;0;0;3;0;2;0;0
"09/05/2017";"17:26:00";"313";"com vítima";"484,409";"BR-163/MS";"Norte";"Colisão lateral no sentido contrário";2;0;0;1;0;0;0;0;0;0;3;1;0;0;0
"09/05/2017";"23:06:00";"372";"sem vítima";"400,125";"BR-163/MS";"Norte";"Atropelamento de animais";0;0;0;0;0;0;0;0;0;1;1;0;0;0;0
"10/05/2017";"05:58:00";"19";"sem vítima";"461,601";"BR-163/MS";"Norte";"Colisão lateral no mesmo sentido";1;0;0;0;0;0;0;0;0;1;2;0;0;0;0
"10/05/2017";"13:19:00";"216";"com vítima";"288";"BR-163/MS";"Norte";"Colisão lateral no sentido contrário";1;1;0;0;0;0;0;0;0;0;1;0;1;0;0
"10/05/2017";"13:39:00";"223";"com vítima";"259,7";"BR-163/MS";"Sul";"Colisão com veículos (traseira)";0;0;1;1;0;0;0;0;0;0;1;0;1;0;0
"10/05/2017";"14:44:00";"253";"sem vítima";"144";"BR-163/MS";"Norte";"Colisão com veículos (traseira)";2;0;0;0;0;0;0;0;0;0;2;0;0;0;0
"10/05/2017";"15:09:00";"263";"sem vítima";"28";"BR-163/MS";"Norte";"Tombamento";0;0;1;0;0;1;0;0;0;0;2;0;0;0;0
"10/05/2017";"19:11:00";"332";"sem vítima";"550,15";"BR-163/MS";"Norte";"Colisão com veículos (traseira)";1;0;0;0;1;0;0;0;0;0;16;0;0;0;0
"10/05/2017";"21:33:00";"360";"sem vítima";"82,735";"BR-163/MS";"Sul";"Atropelamento de animais";0;0;0;0;0;0;0;0;0;1;1;0;0;0;0
"10/05/2017";"23:26:00";"373";"sem vítima";"448,401";"BR-163/MS";"Norte";"Colisão c/ obstáculos";1;0;0;0;0;0;0;0;0;0;1;0;0;0;0
"11/05/2017";"00:48:00";"9";"sem vítima";"336,153";"BR-163/MS";"Sul";"Tombamento";0;0;1;0;0;1;0;0;0;0;2;0;0;0;0
"11/05/2017";"00:49:00";"10";"sem vítima";"316,548";"BR-163/MS";"Sul";"Saídas de pista";0;0;0;0;0;0;0;0;0;1;1;0;0;0;0
"11/05/2017";"15:58:00";"244";"sem vítima";"490,3";"BR-163/MS";"Norte";"Colisão lateral no mesmo sentido";0;0;0;0;0;0;0;0;0;2;6;0;0;0;0
"11/05/2017";"19:17:00";"300";"sem vítima";"355";"BR-163/MS";"Sul";"Atropelamento de animais";1;0;0;0;0;0;0;0;0;0;2;0;0;0;0
"12/05/2017";"02:26:00";"28";"sem vítima";"783";"BR-163/MS";"Norte";"Atropelamento de animais";1;0;0;0;0;0;0;0;0;0;1;0;0;0;0
"12/05/2017";"04:42:00";"47";"sem vítima";"432";"BR-163/MS";"Sul";"Atropelamento de animais";0;0;1;0;0;0;0;0;0;0;1;0;0;0;0
"12/05/2017";"11:29:00";"196";"sem vítima";"476,2";"BR-163/MS";"Norte";"Colisão com veículos (traseira)";1;0;1;0;0;0;0;0;0;0;2;0;0;0;0
"12/05/2017";"18:43:00";"319";"sem vítima";"176";"BR-163/MS";"Sul";"Saídas de pista";0;0;0;0;0;0;0;0;0;1;2;0;0;0;0
"13/05/2017";"04:05:00";"38";"com vítima";"710";"BR-163/MS";"Norte";"Atropelamento de animais";1;0;0;0;0;0;0;0;0;0;0;3;0;0;0
"13/05/2017";"17:00:00";"275";"com vítima";"813,967";"BR-163/MS";"Norte";"Colisão com veículos (traseira)";1;0;1;0;0;0;0;0;0;0;1;4;1;0;0
"13/05/2017";"17:31:00";"285";"com vítima";"484,458";"BR-163/MS";"Norte";"Colisão lateral no sentido contrário";1;0;0;1;0;0;0;0;0;0;1;1;1;0;0
"15/05/2017";"04:34:00";"16";"com vítima";"601,7";"BR-163/MS";"Sul";"Colisão c/ obstáculos";0;0;0;0;0;0;0;0;0;1;1;1;0;0;0
"15/05/2017";"14:07:00";"203";"sem vítima";"429";"BR-163/MS";"Norte";"Colisão c/ obstáculos";1;0;1;0;0;2;0;0;0;0;5;0;0;0;0
"15/05/2017";"16:10:00";"254";"sem vítima";"533";"BR-163/MS";"Sul";"Colisão lateral no mesmo sentido";0;0;1;0;0;0;0;0;0;1;5;0;0;0;0
"15/05/2017";"21:10:00";"312";"sem vítima";"124";"BR-163/MS";"Sul";"Atropelamento de animais";0;0;2;0;0;0;0;0;0;0;2;0;0;0;0
"15/05/2017";"21:25:00";"313";"sem vítima";"493";"BR-163/MS";"Norte";"Atropelamento de animais";1;0;0;0;0;0;0;0;0;0;5;0;0;0;0
"16/05/2017";"03:54:00";"23";"sem vítima";"344";"BR-163/MS";"Sul";"Atropelamento de animais";1;0;0;0;0;0;0;0;0;0;4;0;0;0;0
"16/05/2017";"16:20:00";"289";"sem vítima";"490,66";"BR-163/MS";"Norte";"Tombamento";0;0;1;0;0;1;0;0;0;0;2;0;0;0;0
"16/05/2017";"19:39:00";"330";"sem vítima";"593,2";"BR-163/MS";"Norte";"Colisão c/ obstáculos";0;0;1;0;0;0;0;0;0;0;1;0;0;0;0
"17/05/2017";"04:08:00";"24";"com vítima";"561,326";"BR-163/MS";"Norte";"Colisão com veículos (traseira)";1;0;0;0;0;1;0;0;0;0;2;1;0;0;0
"17/05/2017";"18:10:00";"298";"com vítima";"696,443";"BR-163/MS";"Norte";"Colisão com veículos (traseira)";1;0;1;0;0;0;0;0;0;0;1;1;0;0;0
"17/05/2017";"18:39:00";"307";"sem vítima";"290,5";"BR-163/MS";"Sul";"Colisão c/ obstáculos";0;0;0;0;0;0;0;0;0;1;2;0;0;0;0
"17/05/2017";"20:48:00";"327";"com vítima";"423,64";"BR-163/MS";"Norte";"Atropelamento de pedestre";0;0;0;1;0;0;0;0;0;0;1;0;1;0;0
"17/05/2017";"23:10:00";"337";"sem vítima";"263,403";"BR-163/MS";"Norte";"Saídas de pista";1;0;0;0;0;0;0;0;0;0;1;0;0;0;0
"18/05/2017";"02:14:00";"15";"sem vítima";"463,144";"BR-163/MS";"Norte";"Tombamento";0;0;0;0;0;1;0;0;0;1;3;0;0;0;0
"18/05/2017";"03:21:00";"18";"sem vítima";"614,778";"BR-163/MS";"Sul";"Colisão lateral no sentido contrário";2;0;0;0;0;0;0;0;0;0;2;0;0;0;0
"18/05/2017";"04:10:00";"20";"com vítima";"208,895";"BR-163/MS";"Sul";"Colisão lateral no sentido contrário";1;0;1;0;0;0;0;0;0;0;1;0;2;0;0
"18/05/2017";"07:45:00";"94";"com vítima";"484,408";"BR-163/MS";"Norte";"Tombamento de moto";0;0;0;1;0;1;0;0;0;0;1;1;0;0;0
"18/05/2017";"15:22:00";"292";"sem vítima";"365";"BR-163/MS";"Sul";"Colisão lateral no mesmo sentido";1;0;1;0;0;0;0;0;0;0;4;0;0;0;0
"18/05/2017";"18:04:00";"337";"sem vítima";"364,895";"BR-163/MS";"Norte";"Colisão c/ obstáculos";1;0;0;0;0;0;0;0;0;0;1;0;0;0;0
"19/05/2017";"00:00:00";"5";"sem vítima";"598,133";"BR-163/MS";"Norte";"Atropelamento de animais";0;0;0;0;0;0;0;0;0;1;1;0;0;0;0
"19/05/2017";"00:49:00";"7";"com vítima";"823,56";"BR-163/MS";"Sul";"Colisão c/ obstáculos";1;0;0;0;0;1;0;0;0;0;2;3;0;0;0
"19/05/2017";"09:53:00";"138";"com vítima";"466";"BR-163/MS";"Norte";"Colisão com veículos (traseira)";1;0;1;0;0;0;0;0;0;0;4;1;0;0;0
"19/05/2017";"14:00:00";"223";"sem vítima";"53";"BR-163/MS";"Norte";"Saídas de pista";1;0;0;0;0;0;0;0;0;0;5;0;0;0;0
"19/05/2017";"16:23:00";"269";"com vítima";"368";"BR-163/MS";"Sul";"Capotamento";1;0;0;0;0;0;0;0;0;0;0;0;1;0;0
"19/05/2017";"16:50:00";"277";"sem vítima";"255";"BR-163/MS";"Norte";"Colisão lateral no mesmo sentido";0;0;0;0;0;0;0;0;0;2;6;0;0;0;0
"19/05/2017";"17:03:00";"279";"sem vítima";"123";"BR-163/MS";"Norte";"Colisão com veículos (traseira)";1;0;1;0;0;0;0;0;0;0;4;0;0;0;0
"19/05/2017";"18:28:00";"300";"sem vítima";"206";"BR-163/MS";"Sul";"Saídas de pista";0;0;1;0;0;0;0;0;0;0;1;0;0;0;0
"19/05/2017";"18:51:00";"308";"sem vítima";"290";"BR-163/MS";"Norte";"Tombamento de moto";0;0;0;1;0;0;0;0;0;0;1;0;0;0;0
"19/05/2017";"22:40:00";"344";"sem vítima";"20";"BR-163/MS";"Norte";"Colisão com veículos (frontal)";1;0;0;0;1;0;0;0;0;0;10;0;0;0;0
"20/05/2017";"04:43:00";"20";"sem vítima";"348";"BR-163/MS";"Norte";"Saídas de pista";1;0;0;0;0;0;0;0;0;0;1;0;0;0;0
"20/05/2017";"07:27:00";"51";"com vítima";"844";"BR-163/MS";"Norte";"Saídas de pista";1;0;0;0;0;0;0;0;0;0;0;1;0;0;0
"20/05/2017";"15:45:00";"209";"sem vítima";"397";"BR-163/MS";"Sul";"Saídas de pista";1;0;0;0;0;0;0;0;0;0;4;0;0;0;0
"20/05/2017";"18:38:00";"253";"com vítima";"617";"BR-163/MS";"Norte";"Colisão lateral no sentido contrário";0;1;0;0;0;1;0;0;0;0;1;1;0;0;0
"21/05/2017";"11:29:00";"123";"com vítima";"536";"BR-163/MS";"Norte";"Capotamento";0;0;0;0;0;0;0;0;0;1;0;1;0;0;0
"21/05/2017";"11:50:00";"126";"sem vítima";"356,5";"BR-163/MS";"Sul";"Capotamento";1;0;0;0;0;0;0;0;0;0;2;0;0;0;0
"21/05/2017";"13:01:00";"140";"sem vítima";"397";"BR-163/MS";"Sul";"Colisão c/ obstáculos";0;0;0;0;0;0;0;0;0;1;2;0;0;0;0
"21/05/2017";"14:05:00";"157";"com vítima";"648";"BR-163/MS";"Norte";"Engavetamento";1;0;1;0;0;0;0;0;0;1;5;1;0;0;0
"21/05/2017";"18:44:00";"231";"com vítima";"617,214";"BR-163/MS";"Norte";"Colisão com veículos (traseira)";1;0;0;1;0;0;0;0;0;0;1;1;0;0;0
"21/05/2017";"20:29:00";"250";"com vítima";"257,333";"BR-163/MS";"Sul";"Colisão lateral no mesmo sentido";1;0;0;1;0;1;0;0;0;0;2;1;0;0;0
"22/05/2017";"05:57:00";"23";"com vítima";"481,68";"BR-163/MS";"Sul";"Tombamento de moto";0;0;0;1;0;1;0;0;0;0;1;1;0;0;0
"22/05/2017";"08:55:00";"119";"sem vítima";"5,5";"BR-163/MS";"Norte";"Colisão com veículos (traseira)";1;0;0;0;0;0;0;0;0;1;7;0;0;0;0
"23/05/2017";"05:48:00";"33";"com vítima";"558";"BR-163/MS";"Norte";"Colisão com veículos (frontal)";2;0;1;0;0;0;0;0;0;0;2;2;2;0;0
"23/05/2017";"09:56:00";"145";"com vítima";"479";"BR-163/MS";"Norte";"Colisão com veículos (frontal)";0;0;2;0;0;3;0;0;0;0;4;0;1;0;0
"23/05/2017";"11:17:00";"176";"sem vítima";"458,3";"BR-163/MS";"Norte";"Tombamento";0;0;1;0;0;2;0;0;0;0;3;0;0;0;0
"23/05/2017";"13:42:00";"219";"com vítima";"738";"BR-163/MS";"Norte";"Capotamento";0;0;0;0;0;0;0;0;0;1;0;1;0;0;0
"23/05/2017";"13:45:00";"220";"com vítima";"432";"BR-163/MS";"Sul";"Colisão c/ obstáculos";0;0;2;0;0;0;0;0;0;0;1;1;0;0;0
"23/05/2017";"18:13:00";"301";"sem vítima";"718,9";"BR-163/MS";"Norte";"Atropelamento de animais";1;0;0;0;0;0;0;0;0;0;2;0;0;0;0
"23/05/2017";"21:48:00";"349";"com vítima";"256";"BR-163/MS";"Sul";"Atropelamento de animais";0;0;0;1;0;0;0;0;0;0;0;1;0;0;0
"24/05/2017";"08:01:00";"102";"com vítima";"456,547";"BR-163/MS";"Sul";"Colisão com veículos (traseira)";1;0;0;1;0;0;0;0;0;0;1;1;0;0;0
"24/05/2017";"09:51:00";"160";"sem vítima";"663,1";"BR-163/MS";"Norte";"Colisão com veículos (traseira)";1;0;0;0;0;1;0;0;0;0;2;0;0;0;0
"24/05/2017";"19:22:00";"340";"sem vítima";"119";"BR-163/MS";"Sul";"Capotamento";0;0;0;0;0;0;0;0;0;1;2;0;0;0;0
"25/05/2017";"05:53:00";"29";"com vítima";"490";"BR-163/MS";"Norte";"Colisão com veículos (traseira)";1;0;0;1;0;0;0;0;0;0;2;0;1;0;0
"25/05/2017";"08:39:00";"121";"com vítima";"474,731";"BR-163/MS";"Sul";"Colisão lateral no mesmo sentido";0;0;1;1;0;1;0;0;0;0;4;1;0;0;0
"25/05/2017";"08:51:00";"126";"sem vítima";"364";"BR-163/MS";"Sul";"Tombamento";0;0;1;0;0;0;0;0;0;0;1;0;0;0;0
"25/05/2017";"11:24:00";"203";"sem vítima";"542";"BR-163/MS";"Sul";"Colisão com veículos (traseira)";0;0;2;0;0;3;0;0;0;0;5;0;0;0;0
"25/05/2017";"19:00:00";"333";"sem vítima";"258,967";"BR-163/MS";"Norte";"Colisão c/ obstáculos";1;0;0;1;0;0;0;0;0;0;2;0;0;0;0
"25/05/2017";"19:37:00";"339";"sem vítima";"105,55";"BR-163/MS";"Norte";"Colisão lateral no mesmo sentido";2;0;0;0;0;0;0;0;0;0;2;0;0;0;0
"26/05/2017";"01:20:00";"15";"sem vítima";"282,615";"BR-163/MS";"Norte";"Atropelamento de animais";1;0;0;0;0;0;0;0;0;0;1;0;0;0;0
"26/05/2017";"02:21:00";"24";"sem vítima";"416,899";"BR-163/MS";"Sul";"Atropelamento de animais";1;0;0;0;0;0;0;0;0;0;2;0;0;0;0
"26/05/2017";"05:03:00";"35";"com vítima";"625,415";"BR-163/MS";"Sul";"Colisão c/ obstáculos";0;0;0;0;1;1;0;0;0;0;1;1;0;0;0
"26/05/2017";"19:05:00";"350";"com vítima";"472,759";"BR-163/MS";"Norte";"Colisão lateral no mesmo sentido";0;0;0;0;0;1;0;0;0;1;1;1;0;0;0
"27/05/2017";"08:58:00";"105";"sem vítima";"276";"BR-163/MS";"Norte";"Colisão com veículos (traseira)";2;0;0;0;0;0;0;0;0;0;8;0;0;0;0
"27/05/2017";"22:11:00";"320";"com vítima";"427";"BR-163/MS";"Sul";"Capotamento";1;0;0;0;0;0;0;0;0;0;3;2;0;0;0
"28/05/2017";"03:59:00";"25";"sem vítima";"538,448";"BR-163/MS";"Norte";"Atropelamento de animais";1;0;0;0;0;0;0;0;0;0;2;0;0;0;0
"28/05/2017";"05:01:00";"30";"com vítima";"479";"BR-163/MS";"Norte";"Colisão com veículos (frontal)";1;0;1;0;0;1;0;0;0;0;2;2;0;0;0
"28/05/2017";"05:13:00";"31";"com vítima";"503,338";"BR-163/MS";"Sul";"Colisão lateral no sentido contrário";1;0;1;0;0;0;0;0;0;0;1;0;1;0;0
"28/05/2017";"11:35:00";"130";"sem vítima";"533";"BR-163/MS";"Sul";"Colisão com veículos (traseira)";1;0;1;0;0;0;0;0;0;0;4;0;0;0;0
"28/05/2017";"17:57:00";"244";"com vítima";"270";"BR-163/MS";"Sul";"Atropelamento de animais";0;0;0;1;0;0;0;0;0;0;0;1;0;0;0
"28/05/2017";"19:38:00";"266";"com vítima";"814";"BR-163/MS";"Norte";"Colisão com veículos (frontal)";1;0;1;0;0;2;0;0;0;0;2;1;1;0;1
"29/05/2017";"01:14:00";"9";"sem vítima";"62,7";"BR-163/MS";"Norte";"Colisão c/ obstáculos";1;0;0;0;0;0;0;0;0;0;3;0;0;0;0
"29/05/2017";"08:08:00";"108";"sem vítima";"482";"BR-163/MS";"Norte";"Tombamento de moto";0;0;0;1;0;0;0;0;0;0;2;0;0;0;0
"29/05/2017";"17:33:00";"303";"com vítima";"483,104";"BR-163/MS";"Sul";"Saídas de pista";0;0;1;0;0;0;0;0;0;0;0;1;0;0;0
"29/05/2017";"19:51:00";"334";"sem vítima";"301,349";"BR-163/MS";"Norte";"Colisão com veículos (traseira)";1;0;0;0;0;0;0;0;0;1;2;0;0;0;0
"29/05/2017";"20:33:00";"340";"com vítima";"787,861";"BR-163/MS";"Norte";"Atropelamento de animais";1;0;0;0;0;0;0;0;0;0;1;1;0;0;0
"30/05/2017";"03:26:00";"14";"sem vítima";"22,497";"BR-163/MS";"Sul";"Atropelamento de animais";0;0;1;0;0;0;0;0;0;0;1;0;0;0;0
"30/05/2017";"19:27:00";"297";"com vítima";"126,863";"BR-163/MS";"Sul";"Tombamento de moto";0;0;0;1;0;0;0;0;0;0;0;1;1;0;0
"30/05/2017";"23:17:00";"351";"sem vítima";"319,13";"BR-163/MS";"Sul";"Atropelamento de animais";1;0;0;0;0;0;0;0;0;0;1;0;0;0;0
"31/05/2017";"15:15:00";"232";"com vítima";"367";"BR-163/MS";"Sul";"Colisão com veículos (frontal)";0;0;1;1;0;1;0;0;0;0;1;1;0;0;1
"31/05/2017";"18:45:00";"282";"com vítima";"286";"BR-163/MS";"Norte";"Colisão c/ obstáculos";2;0;0;0;0;0;0;0;0;0;1;0;0;1;0
"31/05/2017";"19:06:00";"288";"sem vítima";"225";"BR-163/MS";"Sul";"Colisão c/ obstáculos";1;0;0;0;0;0;0;0;0;0;1;0;0;0;0