data;horario;n_da_ocorrencia;tipo_de_ocorrencia;km;trecho;sentido;tipo_de_acidente;automovel;bicicleta;caminhao;moto;onibus;outros;tracao_animal;transporte_de_cargas_especiais;trator_maquinas;utilitarios;ilesos;levemente_feridos;moderadamente_feridos;gravemente_feridos;mortos
"04/01/2018";"19:21:00";"336";"com vítima";"258,324";"BR-163/MS";"Norte";"Colisão lateral no mesmo sentido";0;0;0;1;0;1;0;0;0;0;1;1;0;0;0
"04/01/2018";"22:14:00";"371";"sem vítima";"238";"BR-163/MS";"Sul";"Atropelamento de animais";1;0;0;0;0;0;0;0;0;0;3;0;0;0;0
"04/01/2018";"22:17:00";"374";"sem vítima";"21,71";"BR-163/MS";"Norte";"Colisão c/ obstáculos";0;0;1;0;0;0;0;0;0;0;1;0;0;0;0
"04/01/2018";"23:31:00";"388";"com vítima";"688,184";"BR-163/MS";"Norte";"Atropelamento de animais";0;0;0;1;0;0;0;0;0;0;0;0;1;0;0
"04/01/2018";"23:59:00";"395";"com vítima";"614,708";"BR-163/MS";"Norte";"Colisão lateral no sentido contrário";0;0;1;1;0;0;0;0;0;0;1;1;0;0;0
"05/01/2018";"06:57:00";"79";"com vítima";"366";"BR-163/MS";"Sul";"Colisão com veículos (traseira)";2;0;0;0;0;0;0;0;0;0;5;1;0;0;0
"05/01/2018";"13:44:00";"261";"sem vítima";"444,5";"BR-163/MS";"Norte";"Colisão c/ obstáculos";0;0;1;0;0;0;0;0;0;0;1;0;0;0;0
"05/01/2018";"16:57:00";"332";"sem vítima";"376,66";"BR-163/MS";"Sul";"Colisão c/ obstáculos";1;0;0;0;0;0;0;0;0;1;2;0;0;0;0
"05/01/2018";"18:06:00";"350";"sem vítima";"656,44";"BR-163/MS";"Norte";"Capotamento";1;0;0;0;0;0;0;0;0;0;4;0;0;0;0
"05/01/2018";"18:37:00";"358";"sem vítima";"19";"BR-163/MS";"Sul";"Colisão lateral no sentido contrário";2;0;0;0;0;0;0;0;0;0;2;0;0;0;0
"06/01/2018";"06:33:00";"64";"com vítima";"430,155";"BR-163/MS";"Norte";"Tombamento de moto";0;0;0;1;0;1;0;0;0;0;1;1;0;0;0
"06/01/2018";"10:17:00";"165";"com vítima";"697,8";"BR-163/MS";"Norte";"Capotamento";0;0;0;0;0;0;0;0;0;1;1;1;0;0;0
"07/01/2018";"03:10:00";"12";"sem vítima";"270,7";"BR-163/MS";"Norte";"Atropelamento de animais";1;0;0;0;0;0;0;0;0;0;1;0;0;0;0
"07/01/2018";"05:37:00";"21";"sem vítima";"192,8";"BR-163/MS";"Sul";"Saídas de pista";1;0;0;0;0;0;0;0;0;0;2;0;0;0;0
"07/01/2018";"18:04:00";"277";"com vítima";"350";"BR-163/MS";"Sul";"Saídas de pista";0;0;1;0;0;1;0;0;0;0;1;1;0;0;0
"08/01/2018";"16:30:00";"254";"sem vítima";"676";"BR-163/MS";"Sul";"Colisão c/ obstáculos";0;0;1;0;0;0;0;0;0;0;1;0;0;0;0
"09/01/2018";"13:25:00";"211";"sem vítima";"393";"BR-163/MS";"Norte";"Colisão com veículos (traseira)";0;0;0;0;0;0;0;0;0;2;2;0;0;0;0
"10/01/2018";"01:18:00";"11";"sem vítima";"279,566";"BR-163/MS";"Sul";"Atropelamento de animais";1;0;0;0;0;0;0;0;0;0;1;0;0;0;0
"10/01/2018";"20:41:00";"353";"com vítima";"420,5";"BR-163/MS";"Norte";"Colisão c/ obstáculos";0;0;0;1;0;0;0;0;0;1;1;0;1;0;0
"11/01/2018";"23:58:00";"416";"com vítima";"667,113";"BR-163/MS";"Norte";"Tombamento";0;0;1;0;0;1;0;0;0;0;1;1;0;0;0
"12/01/2018";"09:30:00";"127";"sem vítima";"727";"BR-163/MS";"Sul";"Colisão lateral no sentido contrário";1;0;1;0;0;0;0;0;0;0;2;0;0;0;0
"12/01/2018";"16:37:00";"270";"com vítima";"807";"BR-163/MS";"Norte";"Colisão c/ obstáculos";1;0;0;0;0;0;0;0;0;0;0;4;1;0;0
"12/01/2018";"20:12:00";"336";"com vítima";"476,258";"BR-163/MS";"Sul";"Atropelamento de animais";0;0;0;1;0;0;0;0;0;0;0;1;0;0;0
"13/01/2018";"03:42:00";"17";"com vítima";"430,152";"BR-163/MS";"Norte";"Colisão c/ obstáculos";0;0;1;0;0;1;0;0;0;0;1;1;0;0;0
"13/01/2018";"21:10:00";"287";"com vítima";"683,961";"BR-163/MS";"Norte";"Saídas de pista";1;0;0;0;0;0;0;0;0;0;0;2;0;0;0
"13/01/2018";"22:37:00";"306";"com vítima";"290,636";"BR-163/MS";"Norte";"Capotamento";1;0;0;0;0;0;0;0;0;0;0;1;0;0;0
"14/01/2018";"09:00:00";"90";"sem vítima";"677";"BR-163/MS";"Norte";"Colisão com veículos (traseira)";0;0;3;0;0;4;0;0;0;0;7;0;0;0;0
"14/01/2018";"14:56:00";"181";"com vítima";"650";"BR-163/MS";"Norte";"Tombamento";0;0;0;0;0;0;0;0;0;1;0;1;0;0;0
"14/01/2018";"18:40:00";"240";"sem vítima";"558,872";"BR-163/MS";"Sul";"Colisão c/ obstáculos";0;0;1;0;0;2;0;0;0;0;3;0;0;0;0
"14/01/2018";"20:28:00";"271";"sem vítima";"534,6";"BR-163/MS";"Norte";"Atropelamento de animais";0;0;0;0;0;0;0;0;0;1;1;0;0;0;0
"14/01/2018";"21:03:00";"280";"com vítima";"435,84";"BR-163/MS";"Sul";"Saídas de pista";0;0;0;0;1;0;0;0;0;0;39;1;0;0;0
"16/01/2018";"05:39:00";"58";"com vítima";"542,4";"BR-163/MS";"Norte";"Capotamento";0;0;0;0;0;0;0;0;0;1;2;1;0;0;0
"16/01/2018";"09:05:00";"160";"com vítima";"383,221";"BR-163/MS";"Sul";"Colisão com veículos (frontal)";1;0;0;0;1;0;0;0;0;0;41;1;0;0;0
"16/01/2018";"23:02:00";"439";"com vítima";"416,878";"BR-163/MS";"Norte";"Colisão com veículos (frontal)";0;0;0;1;1;0;0;0;0;0;25;0;0;2;0
"17/01/2018";"08:39:00";"94";"com vítima";"732,106";"BR-163/MS";"Sul";"Colisão com veículos (frontal)";2;0;0;0;0;0;0;0;0;0;0;1;0;2;0
"17/01/2018";"11:44:00";"172";"com vítima";"469";"BR-163/MS";"Norte";"Tombamento de moto";0;0;0;1;0;0;0;0;0;0;0;1;0;0;0
"17/01/2018";"14:34:00";"210";"sem vítima";"221";"BR-163/MS";"Sul";"Tombamento de moto";0;0;0;1;0;0;0;0;0;0;1;0;0;0;0
"18/01/2018";"08:14:00";"87";"com vítima";"478,488";"BR-163/MS";"Norte";"Tombamento de moto";0;0;0;1;0;0;0;0;0;0;0;1;0;0;0
"18/01/2018";"09:51:00";"134";"com vítima";"596,5";"BR-163/MS";"Norte";"Colisão c/ obstáculos";1;0;0;0;0;0;0;0;0;0;0;0;0;1;0
"18/01/2018";"10:49:00";"155";"com vítima";"255,391";"BR-163/MS";"Sul";"Colisão com veículos (traseira)";0;0;2;0;0;1;0;0;0;0;2;1;0;0;0
"18/01/2018";"14:28:00";"230";"com vítima";"1,5";"BR-163/MS";"Norte";"Engavetamento";3;0;0;0;0;0;0;0;0;0;6;1;0;0;0
"18/01/2018";"17:35:00";"297";"com vítima";"382,368";"BR-163/MS";"Norte";"Colisão lateral no mesmo sentido";2;0;0;0;0;0;0;0;0;0;6;2;0;0;0
"18/01/2018";"17:44:00";"303";"com vítima";"485";"BR-163/MS";"Norte";"Colisão com veículos (traseira)";1;0;0;1;0;0;0;0;0;0;1;1;0;0;0
"18/01/2018";"19:33:00";"341";"com vítima";"837";"BR-163/MS";"Sul";"Colisão com veículos (traseira)";0;0;1;0;1;1;0;0;0;0;40;1;0;0;0
"19/01/2018";"14:54:00";"305";"sem vítima";"243";"BR-163/MS";"Norte";"Colisão lateral no mesmo sentido";0;0;1;0;0;2;0;0;0;1;6;0;0;0;0
"19/01/2018";"18:31:00";"379";"com vítima";"600,87";"BR-163/MS";"Sul";"Colisão com veículos (traseira)";2;0;0;0;0;0;0;0;0;0;0;2;0;0;0
"20/01/2018";"08:11:00";"94";"com vítima";"52,9";"BR-163/MS";"Norte";"Capotamento";1;0;0;0;0;0;0;0;0;0;0;2;3;0;0
"20/01/2018";"09:41:00";"134";"com vítima";"364";"BR-163/MS";"Norte";"Tombamento";0;0;1;0;0;1;0;0;0;0;1;1;0;0;0
"20/01/2018";"09:43:00";"136";"com vítima";"493,384";"BR-163/MS";"Sul";"Colisão com veículos (traseira)";0;0;0;2;0;0;0;0;0;0;1;1;0;0;0
"20/01/2018";"18:05:00";"328";"sem vítima";"75";"BR-163/MS";"Sul";"Saídas de pista";1;0;0;0;0;0;0;0;0;0;1;0;0;0;0
"20/01/2018";"19:05:00";"337";"com vítima";"602,11";"BR-163/MS";"Norte";"Tombamento de moto";0;0;0;1;0;0;0;0;0;0;1;1;0;0;0
"20/01/2018";"22:36:00";"379";"sem vítima";"347";"BR-163/MS";"Norte";"Atropelamento de animais";0;0;0;0;1;0;0;0;0;0;32;0;0;0;0
"21/01/2018";"01:35:00";"16";"com vítima";"312,3";"BR-163/MS";"Sul";"Atropelamento de animais";1;0;0;0;0;0;0;0;0;0;0;0;1;0;0
"21/01/2018";"10:50:00";"149";"com vítima";"575";"BR-163/MS";"Norte";"Colisão lateral no sentido contrário";2;0;0;0;0;0;0;0;0;0;7;1;0;0;0
"21/01/2018";"19:27:00";"332";"com vítima";"270";"BR-163/MS";"Norte";"Colisão lateral no mesmo sentido";0;0;0;1;0;1;0;0;0;0;1;1;0;0;0
"21/01/2018";"23:00:00";"373";"sem vítima";"321";"BR-163/MS";"Sul";"Saídas de pista";1;0;0;0;0;0;0;0;0;0;1;0;0;0;0
"22/01/2018";"06:29:00";"56";"com vítima";"265";"BR-163/MS";"Sul";"Tombamento de moto";0;0;0;1;0;0;0;0;0;0;1;1;0;0;0
"22/01/2018";"09:06:00";"141";"com vítima";"698,292";"BR-163/MS";"Sul";"Tombamento";0;0;2;0;0;1;0;0;0;0;2;1;0;0;0
"22/01/2018";"16:38:00";"305";"sem vítima";"575,234";"BR-163/MS";"Sul";"Colisão lateral no sentido contrário";0;0;2;0;0;2;0;0;0;0;5;0;0;0;0
"22/01/2018";"20:14:00";"349";"sem vítima";"609,931";"BR-163/MS";"Norte";"Atropelamento de animais";1;0;0;0;0;0;0;0;0;0;4;0;0;0;0
"23/01/2018";"04:07:00";"46";"com vítima";"626,578";"BR-163/MS";"Sul";"Tombamento";0;0;1;0;0;0;0;0;0;0;0;2;0;0;0
"23/01/2018";"04:11:00";"49";"sem vítima";"654,301";"BR-163/MS";"Sul";"Atropelamento de animais";0;0;1;0;0;0;0;0;0;0;2;0;0;0;0
"23/01/2018";"07:56:00";"103";"sem vítima";"620";"BR-163/MS";"Sul";"Engavetamento";0;0;3;0;0;6;0;0;0;0;9;0;0;0;0
"23/01/2018";"10:45:00";"176";"sem vítima";"248,451";"BR-163/MS";"Sul";"Colisão c/ obstáculos";1;0;0;0;0;0;0;0;0;0;1;0;0;0;0
"24/01/2018";"01:53:00";"9";"sem vítima";"132,77";"BR-163/MS";"Norte";"Atropelamento de animais";1;0;0;0;0;0;0;0;0;0;4;0;0;0;0
"24/01/2018";"04:16:00";"20";"sem vítima";"318,5";"BR-163/MS";"Norte";"Atropelamento de animais";1;0;0;0;0;0;0;0;0;0;2;0;0;0;0
"24/01/2018";"10:20:00";"170";"sem vítima";"67";"BR-163/MS";"Norte";"Colisão com veículos (traseira)";0;0;2;0;0;3;0;0;0;0;5;0;0;0;0
"24/01/2018";"10:58:00";"186";"sem vítima";"466,433";"BR-163/MS";"Norte";"Tombamento";0;0;1;0;0;3;0;0;0;0;4;0;0;0;0
"24/01/2018";"13:00:00";"217";"sem vítima";"444,374";"BR-163/MS";"Sul";"Colisão com veículos (traseira)";1;0;2;0;0;1;0;0;0;0;6;0;0;0;0
"25/01/2018";"05:18:00";"29";"sem vítima";"501,44";"BR-163/MS";"Norte";"Atropelamento de animais";1;0;0;0;0;0;0;0;0;0;3;0;0;0;0
"25/01/2018";"16:53:00";"369";"com vítima";"258";"BR-163/MS";"Norte";"Colisão lateral no sentido contrário";1;0;0;1;0;0;0;0;0;0;1;1;0;0;0
"25/01/2018";"18:17:00";"391";"sem vítima";"498,8";"BR-163/MS";"Sul";"Colisão com veículos (traseira)";1;0;2;0;0;2;0;0;0;0;5;0;0;0;0
"26/01/2018";"18:07:00";"340";"sem vítima";"600,567";"BR-163/MS";"Sul";"Colisão c/ obstáculos";1;0;0;0;0;0;0;0;0;0;1;0;0;0;0
"26/01/2018";"20:30:00";"384";"com vítima";"797,537";"BR-163/MS";"Sul";"Tombamento de moto";0;0;0;1;0;0;0;0;0;0;0;0;1;0;0
"26/01/2018";"23:22:00";"415";"sem vítima";"225,293";"BR-163/MS";"Norte";"Colisão c/ obstáculos";1;0;1;0;0;0;0;0;0;0;2;0;0;0;0
"27/01/2018";"10:34:00";"157";"sem vítima";"6";"BR-163/MS";"Sul";"Engavetamento";3;0;0;0;0;0;0;0;0;0;4;0;0;0;0
"27/01/2018";"16:40:00";"266";"com vítima";"277";"BR-163/MS";"Norte";"Tombamento de moto";0;0;0;1;0;0;0;0;0;0;0;0;1;0;0
"27/01/2018";"18:59:00";"319";"com vítima";"809,48";"BR-163/MS";"Norte";"Colisão lateral no mesmo sentido";0;0;2;0;0;2;0;0;0;0;3;1;0;0;0
"28/01/2018";"02:53:00";"15";"sem vítima";"823,584";"BR-163/MS";"Sul";"Colisão c/ obstáculos";0;0;1;0;0;1;0;0;0;0;4;0;0;0;0
"28/01/2018";"03:13:00";"16";"com vítima";"225,493";"BR-163/MS";"Norte";"Colisão c/ obstáculos";0;0;0;1;0;0;0;0;0;0;0;1;1;0;0
"29/01/2018";"08:02:00";"89";"com vítima";"730";"BR-163/MS";"Sul";"Colisão lateral no sentido contrário";0;0;0;2;0;0;0;0;0;0;0;2;0;0;0
"29/01/2018";"13:12:00";"256";"sem vítima";"214";"BR-163/MS";"Norte";"Tombamento";0;0;0;0;0;0;0;0;0;1;1;0;0;0;0
"29/01/2018";"15:11:00";"297";"sem vítima";"748,877";"BR-163/MS";"Sul";"Colisão lateral no mesmo sentido";1;0;1;0;0;2;0;0;0;0;6;0;0;0;0
"30/01/2018";"11:06:00";"154";"sem vítima";"89";"BR-163/MS";"Norte";"Saídas de pista";0;0;1;0;0;1;0;0;0;0;4;0;0;0;0
"30/01/2018";"11:12:00";"156";"com vítima";"248";"BR-163/MS";"Sul";"Tombamento de moto";0;0;0;1;0;0;0;0;0;0;0;1;0;0;0
"30/01/2018";"11:38:00";"166";"com vítima";"478,64";"BR-163/MS";"Sul";"Colisão lateral no sentido contrário";1;0;0;1;0;0;0;0;0;0;1;0;0;1;0
"30/01/2018";"13:22:00";"202";"sem vítima";"837,352";"BR-163/MS";"Norte";"Colisão com veículos (traseira)";1;0;0;0;0;1;0;0;0;0;3;0;0;0;0
"30/01/2018";"16:43:00";"268";"sem vítima";"248";"BR-163/MS";"Norte";"Colisão c/ obstáculos";1;0;0;0;0;0;0;0;0;0;2;0;0;0;0
"30/01/2018";"22:55:00";"349";"sem vítima";"238,73";"BR-163/MS";"Norte";"Tombamento";1;0;0;0;0;0;0;0;0;0;4;0;0;0;0
"31/01/2018";"01:04:00";"17";"sem vítima";"385";"BR-163/MS";"Norte";"Capotamento";0;0;1;0;0;0;0;0;0;0;1;0;0;0;0
"31/01/2018";"06:17:00";"50";"sem vítima";"295";"BR-163/MS";"Norte";"Atropelamento de animais";0;0;0;0;0;0;0;0;0;1;1;0;0;0;0
"01/02/2018";"07:35:00";"68";"com vítima";"475,779";"BR-163/MS";"Sul";"Colisão lateral no sentido contrário";0;0;2;0;0;2;0;0;0;0;3;1;0;0;0
"01/02/2018";"07:55:00";"78";"sem vítima";"299";"BR-163/MS";"Norte";"Colisão com veículos (traseira)";0;0;1;0;0;0;0;0;0;1;2;0;0;0;0
"01/02/2018";"10:10:00";"153";"com vítima";"25,8";"BR-163/MS";"Norte";"Colisão lateral no sentido contrário";0;0;0;0;0;0;0;0;0;2;1;1;0;0;0
"02/02/2018";"02:14:00";"16";"sem vítima";"576,237";"BR-163/MS";"Norte";"Atropelamento de animais";1;0;0;0;0;0;0;0;0;0;5;0;0;0;0
"02/02/2018";"10:00:00";"161";"com vítima";"355";"BR-163/MS";"Norte";"Colisão lateral no mesmo sentido";1;0;1;0;0;2;0;0;0;0;4;1;0;0;0
"02/02/2018";"17:40:00";"353";"com vítima";"714";"BR-163/MS";"Norte";"Tombamento de moto";0;0;0;1;0;0;0;0;0;0;0;1;0;0;0
"02/02/2018";"18:43:00";"373";"com vítima";"463,5";"BR-163/MS";"Norte";"Tombamento de moto";0;0;0;1;0;0;0;0;0;0;0;1;0;0;0
"02/02/2018";"21:03:00";"413";"sem vítima";"154,457";"BR-163/MS";"Norte";"Engavetamento";0;0;3;0;0;3;0;0;0;0;6;0;0;0;0
"03/02/2018";"10:31:00";"162";"com vítima";"728,844";"BR-163/MS";"Norte";"Colisão com veículos (traseira)";0;0;0;1;0;1;0;0;0;0;1;1;0;0;0
"03/02/2018";"11:46:00";"191";"com vítima";"599,34";"BR-163/MS";"Sul";"Colisão lateral no sentido contrário";1;0;1;0;0;1;0;0;0;0;4;3;0;0;0
"03/02/2018";"17:29:00";"300";"com vítima";"254,6";"BR-163/MS";"Sul";"Tombamento de moto";0;0;0;1;0;0;0;0;0;0;1;1;0;0;0
"03/02/2018";"17:33:00";"303";"sem vítima";"645,8";"BR-163/MS";"Norte";"Tombamento";0;0;1;0;0;0;0;0;0;0;1;0;0;0;0
"04/02/2018";"07:03:00";"52";"com vítima";"609,259";"BR-163/MS";"Sul";"Tombamento";0;0;1;0;0;2;0;0;0;0;2;1;0;0;0
"04/02/2018";"18:17:00";"306";"sem vítima";"359";"BR-163/MS";"Sul";"Atropelamento de animais";0;0;0;0;0;0;0;0;0;1;1;0;0;0;0
"04/02/2018";"21:31:00";"353";"com vítima";"689";"BR-163/MS";"Norte";"Colisão lateral no sentido contrário";0;0;0;1;0;0;0;0;0;1;1;0;0;1;0
"05/02/2018";"19:42:00";"317";"com vítima";"324,519";"BR-163/MS";"Norte";"Colisão lateral no sentido contrário";1;0;1;0;0;1;0;0;0;0;2;4;1;0;0
"06/02/2018";"03:07:00";"25";"sem vítima";"787,461";"BR-163/MS";"Norte";"Atropelamento de animais";0;0;1;0;0;0;0;0;0;0;1;0;0;0;0
"06/02/2018";"07:16:00";"74";"sem vítima";"466";"BR-163/MS";"Norte";"Colisão com veículos (traseira)";0;0;1;0;0;0;0;0;0;1;3;0;0;0;0
"06/02/2018";"13:40:00";"228";"com vítima";"77";"BR-163/MS";"Norte";"Colisão com veículos (traseira)";1;0;0;1;0;0;0;0;0;0;0;2;0;0;0
"06/02/2018";"15:59:00";"269";"com vítima";"742,484";"BR-163/MS";"Sul";"Colisão c/ obstáculos";1;0;0;0;0;0;0;0;0;0;1;3;0;0;0
"06/02/2018";"18:12:00";"316";"sem vítima";"453,972";"BR-163/MS";"Sul";"Colisão c/ obstáculos";0;0;1;0;0;0;0;0;0;0;1;0;0;0;0
"07/02/2018";"14:00:00";"249";"sem vítima";"254,6";"BR-163/MS";"Sul";"Colisão com veículos (traseira)";0;0;1;0;0;0;0;0;0;1;2;0;0;0;0
"07/02/2018";"14:42:00";"267";"sem vítima";"124";"BR-163/MS";"Norte";"Tombamento";0;0;1;0;0;1;0;0;0;0;2;0;0;0;0
"07/02/2018";"15:42:00";"294";"com vítima";"601,795";"BR-163/MS";"Sul";"Colisão lateral no mesmo sentido";1;0;1;0;0;2;0;0;0;0;6;1;0;0;0
"07/02/2018";"15:55:00";"299";"sem vítima";"508,476";"BR-163/MS";"Norte";"Colisão lateral no sentido contrário";2;0;0;0;0;0;0;0;0;0;6;0;0;0;0
"07/02/2018";"20:47:00";"375";"sem vítima";"367,231";"BR-163/MS";"Sul";"Tombamento";0;0;1;0;0;1;0;0;0;0;2;0;0;0;0
"08/02/2018";"02:42:00";"30";"sem vítima";"344,5";"BR-163/MS";"Sul";"Atropelamento de animais";1;0;0;0;0;0;0;0;0;0;1;0;0;0;0
"08/02/2018";"18:13:00";"338";"sem vítima";"466";"BR-163/MS";"Norte";"Tombamento de moto";0;0;0;1;0;0;0;0;0;0;1;0;0;0;0
"08/02/2018";"23:40:00";"403";"com vítima";"357";"BR-163/MS";"Sul";"Colisão lateral no mesmo sentido";1;0;0;1;0;0;0;0;0;0;1;0;1;0;0
"09/02/2018";"15:12:00";"244";"sem vítima";"186";"BR-163/MS";"Norte";"Colisão lateral no mesmo sentido";1;0;1;0;0;0;0;0;0;0;4;0;0;0;0
"10/02/2018";"05:38:00";"26";"sem vítima";"439,269";"BR-163/MS";"Norte";"Colisão lateral no mesmo sentido";2;0;0;0;0;0;0;0;0;0;3;0;0;0;0
"10/02/2018";"08:06:00";"64";"sem vítima";"639";"BR-163/MS";"Norte";"Colisão c/ obstáculos";1;0;0;0;0;0;0;0;0;0;3;0;0;0;0
"10/02/2018";"10:59:00";"123";"sem vítima";"670";"BR-163/MS";"Norte";"Colisão lateral no sentido contrário";1;0;1;0;0;1;0;0;0;0;5;0;0;0;0
"10/02/2018";"21:01:00";"288";"sem vítima";"270";"BR-163/MS";"Norte";"Tombamento de moto";0;0;0;1;0;0;0;0;0;0;1;0;0;0;0
"11/02/2018";"11:06:00";"130";"sem vítima";"784,933";"BR-163/MS";"Norte";"Tombamento";0;0;1;0;0;2;0;0;0;0;4;0;0;0;0
"11/02/2018";"14:09:00";"184";"com vítima";"611";"BR-163/MS";"Norte";"Tombamento de moto";0;0;0;1;0;0;0;0;0;0;0;2;0;0;0
"11/02/2018";"20:46:00";"271";"sem vítima";"718,888";"BR-163/MS";"Norte";"Atropelamento de animais";0;0;0;0;0;0;0;0;0;1;3;0;0;0;0
"12/02/2018";"04:47:00";"40";"sem vítima";"698,845";"BR-163/MS";"Norte";"Atropelamento de animais";0;0;0;0;0;0;0;0;0;1;1;0;0;0;0
"12/02/2018";"09:10:00";"106";"com vítima";"585";"BR-163/MS";"Norte";"Capotamento";1;0;0;0;0;0;0;0;0;0;0;3;0;0;0
"12/02/2018";"15:03:00";"228";"sem vítima";"561";"BR-163/MS";"Norte";"Saídas de pista";1;0;0;0;0;0;0;0;0;0;3;0;0;0;0
"12/02/2018";"18:59:00";"305";"com vítima";"487";"BR-163/MS";"Norte";"Tombamento de moto";0;0;0;1;0;0;0;0;0;0;0;1;0;0;0
"12/02/2018";"20:02:00";"321";"sem vítima";"198,35";"BR-163/MS";"Norte";"Atropelamento de animais";0;0;0;0;0;0;0;0;0;1;2;0;0;0;0
"13/02/2018";"01:15:00";"7";"sem vítima";"442";"BR-163/MS";"Norte";"Engavetamento";2;0;0;0;0;0;0;0;0;1;7;0;0;0;0
"14/02/2018";"03:50:00";"43";"com vítima";"327,848";"BR-163/MS";"Norte";"Colisão com veículos (traseira)";1;0;1;0;0;1;0;0;0;0;2;1;0;0;0
"14/02/2018";"11:14:00";"134";"com vítima";"373,465";"BR-163/MS";"Norte";"Atropelamento de pedestre";0;0;0;0;0;0;0;0;0;1;1;0;0;0;1
"14/02/2018";"16:06:00";"205";"com vítima";"287,289";"BR-163/MS";"Norte";"Colisão lateral no mesmo sentido";1;0;0;1;0;0;0;0;0;0;2;1;0;0;0
"14/02/2018";"20:27:00";"281";"sem vítima";"440,118";"BR-163/MS";"Norte";"Atropelamento de animais";1;0;0;0;0;0;0;0;0;0;4;0;0;0;0
"15/02/2018";"06:07:00";"61";"sem vítima";"523,873";"BR-163/MS";"Sul";"Colisão com veículos (traseira)";2;0;0;0;0;0;0;0;0;0;2;0;0;0;0
"15/02/2018";"11:41:00";"178";"sem vítima";"615";"BR-163/MS";"Norte";"Colisão lateral no sentido contrário";0;0;1;1;0;0;0;0;0;0;2;0;0;0;0
"17/02/2018";"05:13:00";"26";"sem vítima";"267";"BR-163/MS";"Norte";"Capotamento";0;0;0;0;0;0;0;0;0;1;1;0;0;0;0
"17/02/2018";"15:39:00";"223";"sem vítima";"776";"BR-163/MS";"Sul";"Saídas de pista";1;0;0;0;0;0;0;0;0;0;4;0;0;0;0
"18/02/2018";"13:38:00";"171";"com vítima";"251,7";"BR-163/MS";"Sul";"Tombamento de moto";0;0;0;1;0;0;0;0;0;0;1;1;0;0;0
"18/02/2018";"13:52:00";"175";"com vítima";"462";"BR-163/MS";"Norte";"Colisão com veículos (traseira)";1;0;0;1;0;0;0;0;0;0;4;1;0;0;0
"18/02/2018";"20:30:00";"269";"sem vítima";"529";"BR-163/MS";"Norte";"Colisão lateral no sentido contrário";1;0;1;0;0;1;0;0;0;0;4;0;0;0;0
"18/02/2018";"21:41:00";"277";"com vítima";"499,6";"BR-163/MS";"Sul";"Engavetamento";0;0;0;0;0;0;0;0;0;3;1;7;0;0;0
"19/02/2018";"05:11:00";"20";"sem vítima";"313";"BR-163/MS";"Norte";"Colisão c/ obstáculos";1;0;0;0;0;0;0;0;0;0;1;0;0;0;0
"19/02/2018";"09:35:00";"98";"sem vítima";"348,175";"BR-163/MS";"Sul";"Colisão c/ obstáculos";1;0;0;0;0;0;0;0;0;0;1;0;0;0;0
"19/02/2018";"11:20:00";"129";"com vítima";"451,781";"BR-163/MS";"Sul";"Tombamento";0;0;1;0;0;2;0;0;0;0;2;1;0;0;0
"19/02/2018";"19:26:00";"247";"sem vítima";"49,539";"BR-163/MS";"Norte";"Colisão c/ obstáculos";1;0;0;0;0;0;0;0;0;1;3;0;0;0;0
"19/02/2018";"22:16:00";"277";"sem vítima";"144,859";"BR-163/MS";"Norte";"Colisão c/ obstáculos";1;0;0;0;0;0;0;0;0;0;2;0;0;0;0
"20/02/2018";"07:07:00";"46";"com vítima";"462,548";"BR-163/MS";"Norte";"Colisão com veículos (frontal)";2;0;0;0;0;0;0;0;0;0;0;1;1;0;0
"21/02/2018";"16:50:00";"329";"sem vítima";"521";"BR-163/MS";"Norte";"Tombamento";1;0;0;0;0;0;0;0;0;0;2;0;0;0;0
"22/02/2018";"03:17:00";"14";"sem vítima";"561,5";"BR-163/MS";"Norte";"Atropelamento de animais";1;0;0;0;0;0;0;0;0;0;3;0;0;0;0
"22/02/2018";"13:56:00";"228";"com vítima";"483,316";"BR-163/MS";"Norte";"Colisão lateral no mesmo sentido";1;0;0;1;0;0;0;0;0;0;1;0;0;1;0
"22/02/2018";"13:57:00";"229";"sem vítima";"737";"BR-163/MS";"Sul";"Saídas de pista";0;0;1;0;0;0;0;0;0;0;2;0;0;0;0
"22/02/2018";"22:56:00";"389";"sem vítima";"701,15";"BR-163/MS";"Sul";"Atropelamento de animais";0;0;1;0;0;0;0;0;0;0;1;0;0;0;0
"23/02/2018";"06:31:00";"54";"com vítima";"255,974";"BR-163/MS";"Norte";"Colisão com veículos (traseira)";0;1;0;1;0;0;0;0;0;0;0;3;0;0;0
"24/02/2018";"14:39:00";"207";"com vítima";"806,706";"BR-163/MS";"Norte";"Saídas de pista";0;0;1;0;0;0;0;0;0;0;0;2;0;0;0
"24/02/2018";"21:04:00";"318";"com vítima";"261,8";"BR-163/MS";"Norte";"Tombamento de moto";0;0;0;1;0;0;0;0;0;0;0;1;0;0;0