data;horario;n_da_ocorrencia;tipo_de_ocorrencia;km;trecho;sentido;tipo_de_acidente;automovel;bicicleta;caminhao;moto;onibus;outros;tracao_animal;transporte_de_cargas_especiais;trator_maquinas;utilitarios;ilesos;levemente_feridos;moderadamente_feridos;gravemente_feridos;mortos
"25/02/2018";"00:46:00";"4";"com vítima";"575,2";"BR-163/MS";"Norte";"Colisão lateral no mesmo sentido";0;0;0;1;0;0;0;0;0;0;0;1;0;0;0
"25/02/2018";"01:45:00";"11";"com vítima";"629";"BR-163/MS";"Norte";"Colisão c/ obstáculos";1;0;0;0;0;0;0;0;0;0;1;1;0;0;0
"25/02/2018";"04:50:00";"22";"sem vítima";"158,75";"BR-163/MS";"Norte";"Colisão c/ obstáculos";1;0;0;0;0;0;0;0;0;0;1;0;0;0;0
"25/02/2018";"14:42:00";"162";"com vítima";"350,255";"BR-163/MS";"Norte";"Capotamento";0;0;0;0;0;0;0;0;0;1;3;1;0;0;0
"25/02/2018";"15:14:00";"175";"com vítima";"525,475";"BR-163/MS";"Norte";"Tombamento";0;0;1;0;0;1;0;0;0;0;1;1;0;0;0
"26/02/2018";"10:58:00";"165";"com vítima";"477";"BR-163/MS";"Norte";"Tombamento de moto";0;0;0;1;0;0;0;0;0;0;1;1;0;0;0
"26/02/2018";"20:00:00";"322";"sem vítima";"18,9";"BR-163/MS";"Sul";"Colisão lateral no mesmo sentido";1;0;0;0;0;1;0;0;0;0;2;0;0;0;0
"27/02/2018";"02:36:00";"14";"com vítima";"436";"BR-163/MS";"Norte";"Colisão c/ obstáculos";1;0;0;0;0;0;0;0;0;0;2;1;0;0;0
"27/02/2018";"05:05:00";"29";"com vítima";"722";"BR-163/MS";"Norte";"Colisão com veículos (frontal)";0;0;2;0;0;1;0;0;0;0;1;1;0;0;1
"27/02/2018";"05:36:00";"31";"com vítima";"276";"BR-163/MS";"Sul";"Tombamento";0;0;1;0;0;2;0;0;0;0;2;0;0;0;1
"27/02/2018";"06:01:00";"35";"com vítima";"575";"BR-163/MS";"Sul";"Colisão lateral no sentido contrário";0;0;1;0;0;1;0;0;0;1;4;1;0;0;0
"27/02/2018";"11:17:00";"173";"com vítima";"356,608";"BR-163/MS";"Norte";"Colisão com veículos (frontal)";1;0;0;1;0;0;0;0;0;0;1;0;0;2;0
"27/02/2018";"18:38:00";"321";"sem vítima";"490,633";"BR-163/MS";"Norte";"Colisão com veículos (traseira)";0;0;1;0;0;0;0;0;0;2;4;0;0;0;0
"27/02/2018";"20:11:00";"347";"sem vítima";"239";"BR-163/MS";"Norte";"Atropelamento de animais";1;0;0;0;0;0;0;0;0;0;2;0;0;0;0
"27/02/2018";"20:30:00";"352";"sem vítima";"476,701";"BR-163/MS";"Sul";"Engavetamento";1;0;1;0;0;1;0;0;0;1;7;0;0;0;0
"27/02/2018";"20:33:00";"354";"sem vítima";"240";"BR-163/MS";"Sul";"Colisão lateral no mesmo sentido";1;0;0;0;0;1;0;0;0;0;3;0;0;0;0
"28/02/2018";"00:45:00";"6";"sem vítima";"768,31";"BR-163/MS";"Sul";"Atropelamento de animais";0;0;0;0;1;0;0;0;0;0;15;0;0;0;0
"28/02/2018";"14:34:00";"248";"com vítima";"266,88";"BR-163/MS";"Norte";"Colisão com veículos (frontal)";0;0;0;0;0;0;0;0;0;2;3;0;1;0;0
"01/03/2018";"00:30:00";"5";"sem vítima";"379";"BR-163/MS";"Sul";"Atropelamento de animais";1;0;0;0;0;0;0;0;0;0;2;0;0;0;0
"01/03/2018";"07:23:00";"72";"com vítima";"475";"BR-163/MS";"Norte";"Tombamento de moto";0;0;0;1;0;0;0;0;0;0;0;1;0;0;0
"02/03/2018";"15:28:00";"332";"com vítima";"681,448";"BR-163/MS";"Norte";"Colisão lateral no sentido contrário";0;0;1;1;0;2;0;0;0;0;3;1;0;0;0
"02/03/2018";"16:06:00";"344";"com vítima";"600,567";"BR-163/MS";"Sul";"Tombamento";0;0;1;0;0;1;0;0;0;0;1;0;0;1;0
"02/03/2018";"19:50:00";"406";"sem vítima";"753";"BR-163/MS";"Norte";"Atropelamento de animais";0;0;0;0;0;0;0;0;0;1;1;0;0;0;0
"02/03/2018";"23:29:00";"429";"sem vítima";"740,774";"BR-163/MS";"Norte";"Atropelamento de animais";1;0;0;0;0;0;0;0;0;0;1;0;0;0;0
"03/03/2018";"06:25:00";"42";"com vítima";"556,26";"BR-163/MS";"Norte";"Colisão com veículos (frontal)";1;0;1;0;0;1;0;0;0;0;2;0;0;0;1
"03/03/2018";"10:25:00";"156";"com vítima";"21,1";"BR-163/MS";"Sul";"Colisão lateral no sentido contrário";1;0;0;0;0;0;0;0;0;1;0;2;1;0;0
"03/03/2018";"11:15:00";"176";"sem vítima";"365,48";"BR-163/MS";"Norte";"Colisão lateral no sentido contrário";2;0;0;0;0;0;0;0;0;0;3;0;0;0;0
"03/03/2018";"16:42:00";"295";"com vítima";"268";"BR-163/MS";"Sul";"Tombamento de moto";0;0;0;1;0;0;0;0;0;0;0;0;0;1;0
"03/03/2018";"20:50:00";"366";"com vítima";"351,82";"BR-163/MS";"Sul";"Capotamento";1;0;0;0;0;1;0;0;0;0;1;1;0;0;0
"04/03/2018";"06:49:00";"45";"com vítima";"365";"BR-163/MS";"Sul";"Colisão com veículos (traseira)";2;0;0;0;0;0;0;0;0;0;5;1;0;0;0
"04/03/2018";"08:27:00";"84";"com vítima";"6,2";"BR-163/MS";"Sul";"Colisão com veículos (traseira)";1;0;0;0;0;0;0;0;0;1;4;1;0;0;0
"04/03/2018";"19:28:00";"295";"com vítima";"373,924";"BR-163/MS";"Norte";"Tombamento de moto";0;0;0;1;0;0;0;0;0;0;0;2;0;0;0
"04/03/2018";"23:10:00";"332";"sem vítima";"570,574";"BR-163/MS";"Norte";"Colisão c/ obstáculos";0;0;1;0;0;2;0;0;0;0;4;0;0;0;0
"05/03/2018";"00:56:00";"4";"com vítima";"482,354";"BR-163/MS";"Norte";"Colisão com veículos (frontal)";0;0;0;0;0;0;0;0;0;2;0;0;0;1;1
"05/03/2018";"11:04:00";"163";"sem vítima";"15,993";"BR-163/MS";"Norte";"Colisão com veículos (traseira)";1;0;1;0;0;2;0;0;0;0;5;0;0;0;0
"05/03/2018";"16:10:00";"252";"com vítima";"548";"BR-163/MS";"Norte";"Colisão lateral no sentido contrário";0;0;1;0;0;2;0;0;0;0;2;1;0;0;0
"06/03/2018";"10:35:00";"142";"com vítima";"462";"BR-163/MS";"Norte";"Capotamento";0;0;1;0;0;0;0;0;0;0;0;1;1;0;0
"06/03/2018";"10:58:00";"148";"com vítima";"591,943";"BR-163/MS";"Norte";"Colisão c/ obstáculos";0;0;0;0;0;0;0;0;0;1;0;1;0;0;0
"06/03/2018";"18:52:00";"296";"sem vítima";"616";"BR-163/MS";"Norte";"Colisão lateral no sentido contrário";1;0;1;0;0;0;0;0;0;0;3;0;0;0;0
"06/03/2018";"18:54:00";"298";"com vítima";"810,7";"BR-163/MS";"Norte";"Atropelamento de animais";0;0;0;0;0;0;0;0;0;1;2;1;0;0;0
"07/03/2018";"06:40:00";"44";"com vítima";"268";"BR-163/MS";"Sul";"Colisão com veículos (traseira)";1;0;0;1;0;0;0;0;0;0;1;1;0;0;0
"07/03/2018";"07:36:00";"73";"sem vítima";"411,12";"BR-163/MS";"Norte";"Atropelamento de animais";1;0;0;0;0;0;0;0;0;0;1;0;0;0;0
"07/03/2018";"07:40:00";"76";"com vítima";"479";"BR-163/MS";"Norte";"Colisão com veículos (traseira)";1;0;0;1;0;0;0;0;0;0;1;1;0;0;0
"07/03/2018";"17:06:00";"306";"com vítima";"39";"BR-163/MS";"Sul";"Colisão lateral no sentido contrário";0;0;0;1;0;1;0;0;0;0;1;0;1;0;0
"08/03/2018";"04:07:00";"27";"sem vítima";"248";"BR-163/MS";"Norte";"Saídas de pista";0;0;0;0;0;0;0;0;0;1;1;0;0;0;0
"08/03/2018";"16:09:00";"303";"sem vítima";"222";"BR-163/MS";"Sul";"Colisão com veículos (traseira)";1;0;1;0;0;0;0;0;0;0;6;0;0;0;0
"08/03/2018";"18:26:00";"347";"com vítima";"479,647";"BR-163/MS";"Sul";"Colisão com veículos (traseira)";0;1;0;1;0;0;0;0;0;0;1;1;0;0;0
"08/03/2018";"20:53:00";"371";"sem vítima";"693,203";"BR-163/MS";"Norte";"Atropelamento de animais";1;0;0;0;0;0;0;0;0;0;4;0;0;0;0
"09/03/2018";"00:28:00";"6";"com vítima";"695,84";"BR-163/MS";"Norte";"Atropelamento de animais";0;0;0;0;0;0;0;0;0;1;0;1;0;0;0
"09/03/2018";"01:06:00";"13";"sem vítima";"280,407";"BR-163/MS";"Norte";"Colisão c/ obstáculos";2;0;0;0;0;0;0;0;0;0;2;0;0;0;0
"09/03/2018";"12:38:00";"187";"sem vítima";"287,212";"BR-163/MS";"Norte";"Colisão lateral no mesmo sentido";1;0;0;0;0;0;0;0;0;1;3;0;0;0;0
"09/03/2018";"14:20:00";"225";"sem vítima";"433,9";"BR-163/MS";"Norte";"Colisão c/ obstáculos";0;0;0;0;0;0;0;0;0;1;1;0;0;0;0
"10/03/2018";"05:21:00";"51";"com vítima";"626,566";"BR-163/MS";"Sul";"Capotamento";1;0;0;0;0;0;0;0;0;0;0;0;1;0;0
"11/03/2018";"05:30:00";"38";"com vítima";"777,44";"BR-163/MS";"Norte";"Colisão com veículos (traseira)";0;0;1;0;0;2;0;0;0;1;3;2;0;0;0
"11/03/2018";"08:46:00";"90";"com vítima";"263,5";"BR-163/MS";"Norte";"Colisão lateral no sentido contrário";1;0;0;1;0;0;0;0;0;0;2;3;0;0;0
"11/03/2018";"17:03:00";"211";"com vítima";"629,585";"BR-163/MS";"Norte";"Capotamento";1;0;0;0;0;0;0;0;0;0;0;1;0;0;0
"12/03/2018";"00:16:00";"4";"sem vítima";"503";"BR-163/MS";"Sul";"Capotamento";0;0;0;0;0;0;0;0;0;1;1;0;0;0;0
"12/03/2018";"12:33:00";"224";"com vítima";"818";"BR-163/MS";"Sul";"Colisão c/ obstáculos";0;0;2;0;0;0;0;0;0;0;1;1;0;0;0
"12/03/2018";"16:25:00";"319";"sem vítima";"653,502";"BR-163/MS";"Norte";"Saídas de pista";1;0;0;0;0;0;0;0;0;0;1;0;0;0;0
"13/03/2018";"00:28:00";"5";"sem vítima";"575";"BR-163/MS";"Sul";"Atropelamento de animais";0;0;1;0;0;1;0;0;0;0;2;0;0;0;0
"13/03/2018";"05:13:00";"42";"sem vítima";"643";"BR-163/MS";"Sul";"Tombamento de moto";0;0;0;1;0;0;0;0;0;0;1;0;0;0;0
"13/03/2018";"15:52:00";"315";"com vítima";"331,7";"BR-163/MS";"Norte";"Capotamento";1;0;0;0;0;0;0;0;0;0;1;2;0;0;0
"13/03/2018";"21:27:00";"394";"sem vítima";"465";"BR-163/MS";"Sul";"Atropelamento de animais";0;0;1;0;0;0;0;0;0;0;2;0;0;0;0
"13/03/2018";"21:44:00";"400";"com vítima";"239,683";"BR-163/MS";"Sul";"Colisão c/ obstáculos";1;0;0;0;0;0;0;0;0;0;0;2;0;0;0
"15/03/2018";"04:30:00";"28";"sem vítima";"576";"BR-163/MS";"Norte";"Atropelamento de animais";1;0;0;0;0;0;0;0;0;0;1;0;0;0;0
"16/03/2018";"03:29:00";"42";"com vítima";"258";"BR-163/MS";"Norte";"Tombamento de moto";0;0;0;1;0;0;0;0;0;1;9;0;1;0;0
"16/03/2018";"19:45:00";"379";"com vítima";"28,871";"BR-163/MS";"Norte";"Colisão c/ obstáculos";1;0;0;0;0;0;0;0;0;0;0;1;1;0;0
"17/03/2018";"01:29:00";"23";"sem vítima";"560,115";"BR-163/MS";"Norte";"Atropelamento de animais";1;0;0;0;0;0;0;0;0;0;3;0;0;0;0
"17/03/2018";"03:19:00";"32";"sem vítima";"477,607";"BR-163/MS";"Sul";"Capotamento";1;0;0;0;0;0;0;0;0;0;1;0;0;0;0
"17/03/2018";"04:40:00";"37";"com vítima";"628,503";"BR-163/MS";"Sul";"Colisão c/ obstáculos";0;0;0;1;0;0;0;0;0;0;0;1;0;0;0
"17/03/2018";"08:59:00";"110";"sem vítima";"474,6";"BR-163/MS";"Norte";"Colisão c/ obstáculos";0;0;0;0;0;0;0;0;0;1;1;0;0;0;0
"17/03/2018";"12:18:00";"172";"sem vítima";"57";"BR-163/MS";"Norte";"Colisão c/ obstáculos";0;0;0;0;0;0;0;0;0;1;1;0;0;0;0
"17/03/2018";"16:16:00";"262";"sem vítima";"238,2";"BR-163/MS";"Sul";"Capotamento";1;0;0;0;0;0;0;0;0;0;1;0;0;0;0
"17/03/2018";"18:57:00";"323";"com vítima";"365,1";"BR-163/MS";"Norte";"Colisão com veículos (traseira)";1;0;0;1;0;0;0;0;0;0;5;1;0;0;0
"17/03/2018";"22:53:00";"374";"sem vítima";"366";"BR-163/MS";"Sul";"Colisão c/ obstáculos";1;0;0;0;0;0;0;0;0;0;3;0;0;0;0
"18/03/2018";"06:05:00";"40";"com vítima";"380,86";"BR-163/MS";"Norte";"Capotamento";1;0;0;0;0;0;0;0;0;0;0;0;0;1;0
"18/03/2018";"16:08:00";"222";"sem vítima";"306,307";"BR-163/MS";"Norte";"Saídas de pista";0;0;0;0;0;0;0;0;0;1;1;0;0;0;0
"19/03/2018";"05:30:00";"52";"sem vítima";"649,69";"BR-163/MS";"Sul";"Tombamento";0;0;1;0;0;1;0;0;0;0;2;0;0;0;0
"19/03/2018";"11:42:00";"194";"com vítima";"492,75";"BR-163/MS";"Norte";"Capotamento";1;0;0;0;0;0;0;0;0;0;1;3;0;0;0
"19/03/2018";"12:26:00";"207";"sem vítima";"654,65";"BR-163/MS";"Norte";"Colisão c/ obstáculos";0;0;0;0;0;0;0;0;0;1;5;0;0;0;0
"19/03/2018";"19:29:00";"336";"sem vítima";"698";"BR-163/MS";"Norte";"Atropelamento de animais";1;0;0;0;0;0;0;0;0;0;3;0;0;0;0
"20/03/2018";"00:24:00";"8";"sem vítima";"486";"BR-163/MS";"Norte";"Atropelamento de animais";1;0;0;0;0;0;0;0;0;0;1;0;0;0;0
"20/03/2018";"08:07:00";"110";"com vítima";"523";"BR-163/MS";"Norte";"Tombamento de moto";0;0;0;1;0;0;0;0;0;0;0;1;0;0;0
"20/03/2018";"08:12:00";"114";"sem vítima";"712,843";"BR-163/MS";"Sul";"Colisão c/ obstáculos";0;0;1;0;0;0;0;0;0;0;1;0;0;0;0
"20/03/2018";"16:29:00";"256";"sem vítima";"9,85";"BR-163/MS";"Sul";"Colisão lateral no sentido contrário";1;0;0;0;0;0;0;0;0;1;3;0;0;0;0
"20/03/2018";"16:48:00";"264";"sem vítima";"99";"BR-163/MS";"Norte";"Colisão c/ obstáculos";0;0;1;0;0;1;0;0;0;1;5;0;0;0;0
"22/03/2018";"14:45:00";"251";"com vítima";"480,2";"BR-163/MS";"Norte";"Colisão com veículos (traseira)";1;0;2;0;0;1;0;0;0;0;3;1;0;0;0
"22/03/2018";"18:10:00";"310";"com vítima";"342";"BR-163/MS";"Norte";"Colisão lateral no mesmo sentido";1;0;0;1;0;0;0;0;0;0;2;0;1;1;0
"22/03/2018";"19:20:00";"326";"sem vítima";"382";"BR-163/MS";"Norte";"Colisão com veículos (traseira)";0;0;3;0;0;0;0;0;0;0;4;0;0;0;0
"22/03/2018";"20:01:00";"335";"com vítima";"131,99";"BR-163/MS";"Sul";"Engavetamento";1;0;1;0;0;1;0;0;0;1;1;3;0;0;0
"23/03/2018";"01:09:00";"12";"com vítima";"817,195";"BR-163/MS";"Norte";"Colisão c/ obstáculos";0;0;0;0;0;0;0;0;0;1;0;1;0;0;0
"23/03/2018";"14:08:00";"214";"sem vítima";"266";"BR-163/MS";"Sul";"Colisão com veículos (traseira)";0;0;2;0;0;1;0;0;0;0;3;0;0;0;0
"23/03/2018";"18:23:00";"288";"com vítima";"475";"BR-163/MS";"Norte";"Tombamento de moto";0;0;0;1;0;0;0;0;0;0;0;1;0;0;0
"24/03/2018";"02:41:00";"32";"com vítima";"600";"BR-163/MS";"Norte";"Tombamento";0;0;1;0;0;2;0;0;0;0;2;2;0;0;0
"24/03/2018";"04:07:00";"38";"sem vítima";"284";"BR-163/MS";"Norte";"Colisão c/ obstáculos";1;0;0;0;0;0;0;0;0;0;1;0;0;0;0
"24/03/2018";"12:43:00";"165";"sem vítima";"227";"BR-163/MS";"Norte";"Colisão c/ obstáculos";2;0;0;0;0;0;0;0;0;0;4;0;0;0;0
"24/03/2018";"17:56:00";"257";"com vítima";"402";"BR-163/MS";"Norte";"Colisão c/ obstáculos";0;0;0;0;0;0;0;0;0;1;2;1;2;0;0
"24/03/2018";"19:44:00";"277";"sem vítima";"85,5";"BR-163/MS";"Sul";"Atropelamento de animais";1;0;0;0;0;0;0;0;0;0;1;0;0;0;0
"25/03/2018";"06:27:00";"48";"sem vítima";"16";"BR-163/MS";"Sul";"Saídas de pista";1;0;0;0;0;0;0;0;0;0;5;0;0;0;0
"25/03/2018";"07:18:00";"65";"sem vítima";"93,312";"BR-163/MS";"Sul";"Saídas de pista";0;0;0;0;0;0;0;0;0;1;1;0;0;0;0
"25/03/2018";"19:35:00";"222";"com vítima";"205";"BR-163/MS";"Sul";"Tombamento";0;0;1;0;0;0;0;0;0;0;0;0;1;0;0
"26/03/2018";"19:59:00";"341";"sem vítima";"220";"BR-163/MS";"Sul";"Atropelamento de animais";0;0;0;0;0;0;0;0;0;1;2;0;0;0;0
"27/03/2018";"03:48:00";"29";"sem vítima";"569,2";"BR-163/MS";"Norte";"Atropelamento de animais";0;0;0;0;0;0;0;0;0;1;1;0;0;0;0
"27/03/2018";"08:31:00";"100";"com vítima";"759,621";"BR-163/MS";"Sul";"Tombamento";0;0;0;1;0;0;0;0;0;0;1;1;0;0;0
"27/03/2018";"15:14:00";"216";"sem vítima";"480,895";"BR-163/MS";"Sul";"Colisão c/ obstáculos";0;0;1;0;0;0;0;0;0;0;1;0;0;0;0
"27/03/2018";"18:34:00";"278";"com vítima";"549,617";"BR-163/MS";"Norte";"Capotamento";0;0;0;0;0;0;0;0;0;1;1;1;0;0;0
"28/03/2018";"04:17:00";"15";"sem vítima";"455,4";"BR-163/MS";"Sul";"Saídas de pista";0;0;2;0;0;0;0;0;0;0;5;0;0;0;0
"28/03/2018";"08:34:00";"80";"com vítima";"503,55";"BR-163/MS";"Norte";"Colisão com veículos (traseira)";0;0;1;0;0;0;0;0;0;1;1;1;0;0;0
"28/03/2018";"09:48:00";"103";"com vítima";"457,412";"BR-163/MS";"Norte";"Colisão lateral no sentido contrário";1;0;0;0;0;1;0;0;0;1;2;2;0;0;0
"28/03/2018";"14:39:00";"191";"com vítima";"571";"BR-163/MS";"Sul";"Tombamento";0;0;1;0;0;2;0;0;0;0;2;1;0;0;0
"29/03/2018";"03:32:00";"26";"com vítima";"680";"BR-163/MS";"Sul";"Colisão c/ obstáculos";0;0;1;1;0;2;0;0;0;0;4;0;0;1;0
"29/03/2018";"14:42:00";"226";"com vítima";"536";"BR-163/MS";"Sul";"Capotamento";1;0;0;0;0;0;0;0;0;0;0;1;0;0;0
"29/03/2018";"18:13:00";"288";"sem vítima";"475";"BR-163/MS";"Norte";"Colisão lateral no sentido contrário";2;0;0;0;0;0;0;0;0;0;2;0;0;0;0
"29/03/2018";"18:22:00";"292";"com vítima";"492";"BR-163/MS";"Norte";"Atropelamento de pedestre";1;0;0;0;0;0;0;0;0;0;3;0;0;0;1
"29/03/2018";"19:28:00";"308";"sem vítima";"356";"BR-163/MS";"Norte";"Colisão lateral no mesmo sentido";2;0;0;0;0;0;0;0;0;0;6;0;0;0;0
"30/03/2018";"14:20:00";"213";"com vítima";"821,603";"BR-163/MS";"Sul";"Capotamento";1;0;0;0;0;0;0;0;0;0;0;1;0;0;0
"31/03/2018";"02:19:00";"12";"sem vítima";"423,978";"BR-163/MS";"Norte";"Atropelamento de animais";0;0;0;0;0;0;0;0;0;1;3;0;0;0;0
"31/03/2018";"08:35:00";"85";"sem vítima";"148";"BR-163/MS";"Sul";"Tombamento de moto";0;0;0;1;0;0;0;0;0;0;2;0;0;0;0
"31/03/2018";"18:06:00";"253";"com vítima";"80,54";"BR-163/MS";"Norte";"Atropelamento de pedestre";0;1;0;0;0;1;0;0;0;0;1;0;0;1;0
"01/04/2018";"04:18:00";"20";"sem vítima";"0,8";"BR-163/MS";"Norte";"Colisão c/ obstáculos";1;0;0;0;0;0;0;0;0;0;1;0;0;0;0
"01/04/2018";"06:34:00";"38";"sem vítima";"265";"BR-163/MS";"Sul";"Colisão c/ obstáculos";1;0;0;0;0;0;0;0;0;0;1;0;0;0;0
"01/04/2018";"14:20:00";"138";"sem vítima";"30";"BR-163/MS";"Sul";"Capotamento";0;0;0;0;0;0;0;0;0;1;5;0;0;0;0
"01/04/2018";"22:29:00";"276";"com vítima";"821,658";"BR-163/MS";"Norte";"Capotamento";1;0;0;0;0;0;0;0;0;0;0;1;0;0;0
"02/04/2018";"18:13:00";"285";"com vítima";"304";"BR-163/MS";"Norte";"Colisão lateral no sentido contrário";1;0;0;1;0;0;0;0;0;0;2;0;1;0;0
"02/04/2018";"18:45:00";"297";"sem vítima";"615";"BR-163/MS";"Norte";"Colisão lateral no sentido contrário";1;0;1;0;0;0;0;0;0;0;2;0;0;0;0
"03/04/2018";"06:20:00";"24";"com vítima";"475,737";"BR-163/MS";"Norte";"Colisão lateral no mesmo sentido";1;0;0;1;0;0;0;0;0;0;3;2;0;0;0
"03/04/2018";"13:11:00";"180";"sem vítima";"604,193";"BR-163/MS";"Norte";"Tombamento";0;0;1;0;0;2;0;0;0;0;3;0;0;0;0
"03/04/2018";"13:43:00";"188";"com vítima";"589,441";"BR-163/MS";"Sul";"Tombamento de moto";0;0;0;1;0;0;0;0;0;0;0;1;0;0;0
"03/04/2018";"14:16:00";"201";"com vítima";"123,8";"BR-163/MS";"Norte";"Colisão lateral no mesmo sentido";1;0;1;0;0;0;0;0;0;0;1;1;0;0;0
"03/04/2018";"20:23:00";"288";"com vítima";"238,5";"BR-163/MS";"Sul";"Tombamento de moto";0;0;0;1;0;0;0;0;0;0;0;1;0;0;0
"04/04/2018";"04:46:00";"35";"sem vítima";"21,23";"BR-163/MS";"Norte";"Tombamento";0;0;2;0;0;0;0;0;0;0;2;0;0;0;0
"04/04/2018";"18:09:00";"308";"sem vítima";"317,56";"BR-163/MS";"Sul";"Atropelamento de animais";1;0;0;0;0;0;0;0;0;0;5;0;0;0;0
"05/04/2018";"04:02:00";"39";"com vítima";"511,451";"BR-163/MS";"Norte";"Saídas de pista";1;0;0;0;0;0;0;0;0;0;0;1;0;0;0
"05/04/2018";"06:54:00";"84";"sem vítima";"705";"BR-163/MS";"Norte";"Capotamento";1;0;1;0;0;1;0;0;0;0;3;0;0;0;0
"05/04/2018";"14:57:00";"257";"com vítima";"555,814";"BR-163/MS";"Norte";"Tombamento";0;0;1;0;0;2;0;0;0;0;2;1;0;0;0
"06/04/2018";"07:30:00";"70";"com vítima";"227,29";"BR-163/MS";"Norte";"Capotamento";1;0;0;0;0;0;0;0;0;0;0;1;0;0;0
"06/04/2018";"10:11:00";"151";"com vítima";"306,24";"BR-163/MS";"Sul";"Capotamento";1;0;0;0;0;0;0;0;0;0;1;1;1;0;0
"06/04/2018";"21:24:00";"341";"sem vítima";"301";"BR-163/MS";"Sul";"Saídas de pista";0;0;0;0;0;0;0;0;0;1;1;0;0;0;0
"06/04/2018";"22:24:00";"355";"sem vítima";"575";"BR-163/MS";"Norte";"Atropelamento de animais";1;0;0;0;0;0;0;0;0;0;3;0;0;0;0
"06/04/2018";"23:22:00";"363";"com vítima";"728";"BR-163/MS";"Norte";"Colisão c/ obstáculos";1;0;0;0;0;0;0;0;0;0;0;0;0;1;0
"07/04/2018";"00:18:00";"6";"com vítima";"259";"BR-163/MS";"Sul";"Colisão com veículos (traseira)";0;0;0;2;0;0;0;0;0;0;0;3;0;0;0
"07/04/2018";"13:04:00";"193";"com vítima";"190,442";"BR-163/MS";"Norte";"Capotamento";1;0;0;0;0;0;0;0;0;0;0;1;0;0;0
"07/04/2018";"16:17:00";"260";"com vítima";"354";"BR-163/MS";"Norte";"Capotamento";0;0;0;0;0;0;0;0;0;1;2;2;1;0;0
"07/04/2018";"21:17:00";"318";"sem vítima";"533";"BR-163/MS";"Norte";;1;0;0;0;0;0;0;0;0;0;1;0;0;0;0
"07/04/2018";"21:32:00";"323";"sem vítima";"544";"BR-163/MS";"Norte";"Saídas de pista";1;0;0;0;0;0;0;0;0;0;3;0;0;0;0
"08/04/2018";"13:25:00";"146";"com vítima";"268,272";"BR-163/MS";"Norte";"Tombamento de moto";0;0;0;1;0;0;0;0;0;0;0;2;0;0;0
"08/04/2018";"18:39:00";"225";"com vítima";"479";"BR-163/MS";"Norte";"Colisão lateral no mesmo sentido";1;0;0;1;0;0;0;0;0;0;4;1;1;1;0
"09/04/2018";"01:06:00";"12";"com vítima";"104";"BR-163/MS";"Norte";"Tombamento de moto";0;0;0;1;0;0;0;0;0;0;0;1;0;0;0
"09/04/2018";"11:19:00";"183";"sem vítima";"472";"BR-163/MS";"Norte";"Colisão c/ obstáculos";0;0;1;0;0;0;0;0;0;0;1;0;0;0;0
"09/04/2018";"14:17:00";"244";"com vítima";"306";"BR-163/MS";"Norte";"Tombamento";0;0;1;0;0;0;0;0;0;0;0;1;0;0;0
"10/04/2018";"11:13:00";"172";"com vítima";"481";"BR-163/MS";"Norte";"Colisão com veículos (traseira)";0;0;0;1;0;2;0;0;0;0;2;1;1;0;0
"10/04/2018";"11:36:00";"179";"com vítima";"466";"BR-163/MS";"Norte";"Tombamento de moto";0;0;0;1;0;0;0;0;0;0;0;1;0;0;0
"10/04/2018";"16:59:00";"257";"sem vítima";"479,751";"BR-163/MS";"Sul";"Colisão com veículos (traseira)";1;0;1;0;0;1;0;0;0;0;4;0;0;0;0
"10/04/2018";"22:13:00";"314";"com vítima";"448,43";"BR-163/MS";"Sul";"Capotamento";1;0;0;0;0;0;0;0;0;0;0;2;0;0;0
"11/04/2018";"07:22:00";"84";"sem vítima";"327";"BR-163/MS";"Norte";"Capotamento";2;0;0;0;0;0;0;0;0;0;2;0;0;0;0
"11/04/2018";"17:25:00";"275";"sem vítima";"280";"BR-163/MS";"Sul";;0;0;0;1;0;0;0;0;0;0;1;0;0;0;0
"11/04/2018";"20:53:00";"319";"sem vítima";"563,2";"BR-163/MS";"Sul";"Atropelamento de animais";1;0;0;0;0;0;0;0;0;0;1;0;0;0;0
"12/04/2018";"05:00:00";"34";"sem vítima";"402";"BR-163/MS";"Norte";"Atropelamento de animais";0;0;0;0;0;0;0;0;0;1;8;0;0;0;0
"13/04/2018";"06:45:00";"69";"com vítima";"13";"BR-163/MS";"Sul";"Tombamento de moto";0;0;0;1;0;0;0;0;0;0;0;1;0;0;0
"13/04/2018";"13:27:00";"238";"com vítima";"486";"BR-163/MS";"Norte";"Capotamento";0;0;0;0;0;1;0;0;0;1;1;1;0;0;0
"13/04/2018";"17:48:00";"303";"com vítima";"475,5";"BR-163/MS";"Sul";"Tombamento de moto";0;0;0;1;0;0;0;0;0;0;0;1;0;0;0
"13/04/2018";"18:48:00";"318";"com vítima";"499,8";"BR-163/MS";"Sul";"Atropelamento de pedestre";0;0;0;1;0;0;0;0;0;0;0;2;0;0;0
"14/04/2018";"13:42:00";"222";"com vítima";"219";"BR-163/MS";"Sul";"Colisão lateral no sentido contrário";2;0;0;0;0;0;0;0;0;0;3;1;0;0;0