data;horario;n_da_ocorrencia;tipo_de_ocorrencia;km;trecho;sentido;tipo_de_acidente;automovel;bicicleta;caminhao;moto;onibus;outros;tracao_animal;transporte_de_cargas_especiais;trator_maquinas;utilitarios;ilesos;levemente_feridos;moderadamente_feridos;gravemente_feridos;mortos
"14/04/2018";"18:48:00";"314";"sem vítima";"554,458";"BR-163/MS";"Norte";"Atropelamento de animais";2;0;0;0;0;0;0;0;0;0;5;0;0;0;0
"14/04/2018";"18:56:00";"316";"com vítima";"383,116";"BR-163/MS";"Sul";"Colisão c/ obstáculos";1;0;0;0;0;0;0;0;0;0;0;3;0;1;0
"14/04/2018";"19:34:00";"324";"com vítima";"615,443";"BR-163/MS";"Norte";"Colisão lateral no sentido contrário";1;0;0;0;0;0;0;0;0;1;2;1;0;0;0
"15/04/2018";"03:45:00";"28";"sem vítima";"265,299";"BR-163/MS";"Norte";"Saídas de pista";1;0;0;0;0;0;0;0;0;0;1;0;0;0;0
"15/04/2018";"06:39:00";"60";"sem vítima";"290";"BR-163/MS";"Norte";"Colisão c/ obstáculos";1;0;0;0;0;0;0;0;0;0;1;0;0;0;0
"15/04/2018";"10:25:00";"142";"com vítima";"257";"BR-163/MS";"Sul";"Tombamento";0;1;0;0;0;0;0;0;0;0;0;1;0;0;0
"15/04/2018";"18:03:00";"255";"com vítima";"211,981";"BR-163/MS";"Norte";"Colisão lateral no sentido contrário";2;0;0;0;0;0;0;0;0;0;1;4;0;0;0
"15/04/2018";"19:55:00";"281";"sem vítima";"803,684";"BR-163/MS";"Norte";"Capotamento";1;0;0;0;0;1;0;0;0;0;3;0;0;0;0
"15/04/2018";"22:22:00";"307";"com vítima";"236";"BR-163/MS";"Norte";"Saídas de pista";0;0;0;0;0;0;0;0;0;1;0;1;0;0;0
"16/04/2018";"06:44:00";"66";"sem vítima";"1,6";"BR-163/MS";"Sul";;0;0;0;1;0;0;0;0;0;0;1;0;0;0;0
"17/04/2018";"15:33:00";"256";"sem vítima";"548";"BR-163/MS";"Norte";"Colisão lateral no sentido contrário";0;1;0;1;0;0;0;0;0;0;2;0;0;0;0
"17/04/2018";"18:03:00";"287";"com vítima";"479,59";"BR-163/MS";"Sul";"Colisão com veículos (traseira)";0;1;0;1;0;0;0;0;0;0;1;1;0;0;0
"17/04/2018";"18:22:00";"288";"com vítima";"487,996";"BR-163/MS";"Norte";"Tombamento de moto";0;0;0;1;0;0;0;0;0;0;0;0;1;0;0
"17/04/2018";"18:54:00";"292";"sem vítima";"494";"BR-163/MS";"Norte";"Atropelamento de animais";0;0;0;0;0;0;0;0;0;1;4;0;0;0;0
"17/04/2018";"22:14:00";"316";"sem vítima";"667";"BR-163/MS";"Norte";"Saídas de pista";0;0;1;0;0;2;0;0;0;0;3;0;0;0;0
"18/04/2018";"05:45:00";"31";"sem vítima";"211,2";"BR-163/MS";"Norte";"Atropelamento de animais";0;0;0;0;0;0;0;0;0;1;1;0;0;0;0
"18/04/2018";"06:45:00";"53";"com vítima";"466,49";"BR-163/MS";"Sul";"Tombamento";0;0;1;0;0;1;0;0;0;0;1;1;0;0;0
"18/04/2018";"18:10:00";"331";"com vítima";"728,22";"BR-163/MS";"Sul";"Atropelamento de pedestre";0;0;0;1;0;0;0;0;0;0;0;1;1;0;0
"18/04/2018";"19:01:00";"344";"sem vítima";"395";"BR-163/MS";"Norte";"Atropelamento de animais";0;0;1;0;0;0;0;0;0;0;1;0;0;0;0
"18/04/2018";"22:11:00";"383";"sem vítima";"659,695";"BR-163/MS";"Sul";"Atropelamento de animais";1;0;0;0;0;0;0;0;0;0;2;0;0;0;0
"19/04/2018";"02:05:00";"13";"sem vítima";"290";"BR-163/MS";"Norte";;1;0;0;0;0;0;0;0;0;0;1;0;0;0;0
"19/04/2018";"02:09:00";"14";"sem vítima";"342";"BR-163/MS";"Sul";"Atropelamento de animais";1;0;0;0;0;0;0;0;0;0;1;0;0;0;0
"19/04/2018";"09:17:00";"117";"com vítima";"282,9";"BR-163/MS";"Sul";"Tombamento de moto";0;0;0;1;0;0;0;0;0;0;0;1;0;0;0
"19/04/2018";"10:43:00";"146";"com vítima";"481,641";"BR-163/MS";"Sul";"Colisão com veículos (traseira)";1;0;0;1;0;0;0;0;0;0;2;1;0;0;0
"19/04/2018";"12:33:00";"184";"com vítima";"20";"BR-163/MS";"Sul";"Tombamento";0;0;1;0;0;1;0;0;0;0;1;1;0;0;0
"19/04/2018";"14:53:00";"230";"sem vítima";"359,65";"BR-163/MS";"Norte";"Saídas de pista";1;0;0;0;0;0;0;0;0;0;1;0;0;0;0
"19/04/2018";"18:06:00";"295";"sem vítima";"22,9";"BR-163/MS";"Sul";"Colisão com veículos (traseira)";2;0;0;0;0;0;0;0;0;0;2;0;0;0;0
"20/04/2018";"07:09:00";"47";"com vítima";"575,271";"BR-163/MS";"Norte";"Colisão lateral no sentido contrário";1;0;1;0;0;1;0;0;0;0;2;1;0;0;0
"20/04/2018";"13:54:00";"210";"com vítima";"473";"BR-163/MS";"Norte";"Colisão lateral no mesmo sentido";0;0;2;0;0;1;0;0;0;0;2;1;1;0;0
"20/04/2018";"20:37:00";"304";"sem vítima";"547";"BR-163/MS";"Norte";"Atropelamento de animais";1;0;0;0;0;0;0;0;0;0;3;0;0;0;0
"21/04/2018";"16:14:00";"233";"sem vítima";"1";"BR-163/MS";"Sul";"Colisão com veículos (traseira)";2;0;0;0;0;0;0;0;0;0;7;0;0;0;0
"21/04/2018";"17:20:00";"246";"sem vítima";"22,179";"BR-163/MS";"Norte";"Colisão com veículos (traseira)";1;0;0;0;0;1;0;0;0;0;2;0;0;0;0
"21/04/2018";"18:07:00";"256";"com vítima";"420";"BR-163/MS";"Norte";"Atropelamento de pedestre";1;0;0;0;0;0;0;0;0;0;1;0;0;1;0
"22/04/2018";"01:03:00";"10";"com vítima";"486";"BR-163/MS";"Norte";"Colisão lateral no mesmo sentido";2;0;0;0;0;0;0;0;0;0;6;1;0;0;0
"22/04/2018";"08:58:00";"96";"sem vítima";"255,858";"BR-163/MS";"Sul";"Colisão c/ obstáculos";1;0;0;0;0;0;0;0;0;0;3;0;0;0;0
"22/04/2018";"21:43:00";"247";"com vítima";"666,8";"BR-163/MS";"Norte";"Atropelamento de animais";1;0;0;0;0;0;0;0;0;0;0;1;0;0;0
"22/04/2018";"22:33:00";"263";"com vítima";"6,219";"BR-163/MS";"Sul";"Tombamento de moto";0;0;0;1;0;0;0;0;0;0;0;1;0;0;0
"23/04/2018";"04:58:00";"25";"sem vítima";"96,283";"BR-163/MS";"Norte";"Colisão lateral no mesmo sentido";2;0;0;0;0;0;0;0;0;0;5;0;0;0;0
"23/04/2018";"10:15:00";"164";"com vítima";"75";"BR-163/MS";"Sul";"Tombamento de moto";0;0;0;1;0;0;0;0;0;0;0;1;0;0;0
"23/04/2018";"14:46:00";"256";"com vítima";"482";"BR-163/MS";"Norte";"Tombamento de moto";0;0;0;1;0;0;0;0;0;0;0;1;0;0;0
"23/04/2018";"19:24:00";"333";"sem vítima";"452,346";"BR-163/MS";"Norte";"Atropelamento de animais";1;0;0;0;0;0;0;0;0;0;1;0;0;0;0
"23/04/2018";"20:31:00";"343";"com vítima";"493,938";"BR-163/MS";"Norte";"Colisão com veículos (traseira)";1;0;1;0;0;0;0;0;0;0;1;1;0;0;0
"23/04/2018";"22:38:00";"354";"com vítima";"40";"BR-163/MS";"Sul";"Saídas de pista";1;0;0;0;0;0;0;0;0;0;2;1;0;0;0
"23/04/2018";"23:39:00";"359";"com vítima";"256";"BR-163/MS";"Sul";"Atropelamento de animais";0;0;0;1;0;0;0;0;0;0;0;1;0;0;0
"24/04/2018";"03:59:00";"24";"sem vítima";"466,506";"BR-163/MS";"Sul";"Colisão c/ obstáculos";0;0;0;0;0;0;0;0;0;1;1;0;0;0;0
"24/04/2018";"14:06:00";"232";"sem vítima";"134";"BR-163/MS";"Sul";"Colisão com veículos (traseira)";0;0;2;0;0;0;0;0;0;0;2;0;0;0;0
"25/04/2018";"04:54:00";"25";"sem vítima";"174";"BR-163/MS";"Norte";;0;0;0;1;0;0;0;0;0;0;1;0;0;0;0
"25/04/2018";"08:37:00";"114";"sem vítima";"300,502";"BR-163/MS";"Sul";"Atropelamento de animais";1;0;0;0;0;0;0;0;0;0;1;0;0;0;0
"25/04/2018";"18:28:00";"287";"com vítima";"825,17";"BR-163/MS";"Sul";"Atropelamento de animais";1;0;0;0;0;0;0;0;0;0;3;1;0;0;0
"25/04/2018";"21:06:00";"327";"sem vítima";"452,407";"BR-163/MS";"Norte";"Atropelamento de animais";1;0;0;0;0;0;0;0;0;0;2;0;0;0;0
"25/04/2018";"21:09:00";"328";"com vítima";"603,326";"BR-163/MS";"Norte";"Colisão com veículos (traseira)";0;0;2;0;0;2;0;0;0;0;3;1;0;0;0
"26/04/2018";"08:39:00";"121";"sem vítima";"475,69";"BR-163/MS";"Sul";"Colisão com veículos (traseira)";1;0;1;0;0;0;0;0;0;0;4;0;0;0;0
"26/04/2018";"16:04:00";"272";"com vítima";"595,45";"BR-163/MS";"Norte";"Capotamento";1;0;0;0;0;0;0;0;0;0;0;2;0;0;0
"26/04/2018";"17:51:00";"300";"com vítima";"458,297";"BR-163/MS";"Norte";"Colisão com veículos (traseira)";0;0;0;0;0;1;0;0;0;1;1;0;0;1;0
"26/04/2018";"20:09:00";"324";"sem vítima";"373,888";"BR-163/MS";"Norte";"Colisão c/ obstáculos";0;0;1;0;0;2;0;0;0;0;3;0;0;0;0
"27/04/2018";"08:08:00";"98";"sem vítima";"185,6";"BR-163/MS";"Sul";"Capotamento";0;0;0;0;0;0;0;0;0;1;4;0;0;0;0
"27/04/2018";"09:30:00";"168";"com vítima";"262";"BR-163/MS";"Norte";"Tombamento de moto";0;0;0;1;0;0;0;0;0;0;0;1;0;0;0
"27/04/2018";"10:35:00";"203";"com vítima";"730";"BR-163/MS";"Sul";"Colisão lateral no sentido contrário";1;0;0;1;0;0;0;0;0;0;1;1;0;0;0
"27/04/2018";"14:23:00";"311";"sem vítima";"466,489";"BR-163/MS";"Norte";"Tombamento";0;0;1;0;0;1;0;0;0;0;2;0;0;0;0
"27/04/2018";"14:33:00";"313";"sem vítima";"247";"BR-163/MS";"Sul";"Colisão com veículos (frontal)";1;0;1;0;0;0;0;0;0;0;2;0;0;0;0
"27/04/2018";"22:28:00";"426";"com vítima";"422,581";"BR-163/MS";"Norte";"Colisão lateral no mesmo sentido";0;0;0;1;0;0;0;0;0;1;2;1;0;0;0
"27/04/2018";"23:02:00";"432";"sem vítima";"296";"BR-163/MS";"Norte";"Colisão lateral no mesmo sentido";1;0;1;0;0;1;0;0;0;0;3;0;0;0;0
"28/04/2018";"14:11:00";"237";"com vítima";"244";"BR-163/MS";"Sul";"Capotamento";1;0;0;0;0;0;0;0;0;0;0;1;0;0;0
"28/04/2018";"19:46:00";"327";"com vítima";"484,868";"BR-163/MS";"Sul";"Colisão com veículos (traseira)";0;0;0;2;0;0;0;0;0;0;1;1;0;0;0
"29/04/2018";"06:34:00";"47";"com vítima";"268";"BR-163/MS";"Norte";"Colisão c/ obstáculos";0;2;0;0;0;0;0;0;0;0;0;2;0;0;0
"29/04/2018";"14:04:00";"189";"sem vítima";"584,2";"BR-163/MS";"Sul";"Saídas de pista";1;0;0;0;0;1;0;0;0;0;4;0;0;0;0
"29/04/2018";"18:40:00";"265";"com vítima";"251";"BR-163/MS";"Norte";"Colisão com veículos (traseira)";1;0;0;1;0;0;0;0;0;0;2;0;0;1;0
"29/04/2018";"19:43:00";"282";"sem vítima";"374";"BR-163/MS";"Norte";"Colisão c/ obstáculos";0;0;0;0;0;0;0;0;0;1;1;0;0;0;0
"29/04/2018";"21:30:00";"303";"com vítima";"556,688";"BR-163/MS";"Norte";"Colisão com veículos (traseira)";0;0;2;0;0;1;0;0;0;0;2;0;1;0;0
"29/04/2018";"23:57:00";"324";"sem vítima";"343,5";"BR-163/MS";"Sul";"Atropelamento de animais";1;0;0;0;0;0;0;0;0;0;1;0;0;0;0
"30/04/2018";"02:02:00";"14";"sem vítima";"826,132";"BR-163/MS";"Norte";"Atropelamento de animais";0;0;0;0;0;0;0;0;0;1;3;0;0;0;0
"30/04/2018";"20:47:00";"307";"sem vítima";"103,766";"BR-163/MS";"Sul";"Colisão c/ obstáculos";1;0;0;0;0;0;0;0;0;0;1;0;0;0;0
"30/04/2018";"22:55:00";"325";"sem vítima";"241,239";"BR-163/MS";"Sul";"Colisão com veículos (traseira)";0;0;2;0;0;1;0;0;0;0;3;0;0;0;0
"01/05/2018";"04:52:00";"21";"com vítima";"825,87";"BR-163/MS";"Sul";"Capotamento";0;0;0;0;0;0;0;0;0;1;0;1;0;0;0
"01/05/2018";"05:51:00";"32";"com vítima";"486,355";"BR-163/MS";"Norte";"Colisão lateral no sentido contrário";1;0;1;0;0;0;0;0;0;0;1;1;0;0;0
"01/05/2018";"06:41:00";"40";"sem vítima";"13,95";"BR-163/MS";"Sul";"Tombamento";0;0;1;0;0;1;0;0;0;0;4;0;0;0;0
"01/05/2018";"09:52:00";"95";"com vítima";"111,681";"BR-163/MS";"Norte";"Capotamento";0;0;0;0;0;0;0;0;0;2;4;3;0;0;0
"01/05/2018";"17:04:00";"228";"com vítima";"258";"BR-163/MS";"Norte";"Colisão com veículos (traseira)";1;0;0;1;0;0;0;0;0;0;1;2;0;0;0
"01/05/2018";"20:19:00";"276";"sem vítima";"811";"BR-163/MS";"Norte";"Atropelamento de animais";1;0;0;0;0;0;0;0;0;0;4;0;0;0;0
"01/05/2018";"21:03:00";"283";"sem vítima";"204,753";"BR-163/MS";"Norte";"Atropelamento de animais";1;0;0;0;0;0;0;0;0;0;5;0;0;0;0
"02/05/2018";"09:44:00";"112";"sem vítima";"258";"BR-163/MS";"Sul";"Colisão com veículos (traseira)";1;0;0;0;0;0;0;0;0;1;2;0;0;0;0
"02/05/2018";"18:20:00";"299";"sem vítima";"256";"BR-163/MS";"Norte";"Colisão lateral no mesmo sentido";1;0;1;0;0;0;0;0;0;0;2;0;0;0;0
"02/05/2018";"20:14:00";"324";"sem vítima";"157,2";"BR-163/MS";"Sul";"Colisão c/ obstáculos";0;0;0;0;0;0;0;0;0;2;2;0;0;0;0
"02/05/2018";"21:15:00";"336";"com vítima";"373";"BR-163/MS";"Norte";"Tombamento";0;0;0;0;0;0;0;0;0;1;1;1;0;0;0
"03/05/2018";"15:12:00";"256";"com vítima";"475,761";"BR-163/MS";"Sul";"Colisão lateral no sentido contrário";0;0;0;2;0;0;0;0;0;0;0;2;1;0;0
"04/05/2018";"00:56:00";"9";"sem vítima";"324";"BR-163/MS";"Norte";"Atropelamento de animais";0;0;0;0;0;0;0;0;0;1;4;0;0;0;0
"04/05/2018";"05:43:00";"42";"com vítima";"613,348";"BR-163/MS";"Sul";"Colisão lateral no mesmo sentido";0;0;0;1;0;1;0;0;0;0;1;1;0;0;0
"04/05/2018";"06:29:00";"49";"com vítima";"478,15";"BR-163/MS";"Norte";"Tombamento de moto";0;0;0;1;0;0;0;0;0;0;0;1;0;0;0
"04/05/2018";"14:54:00";"254";"sem vítima";"801";"BR-163/MS";"Norte";"Saídas de pista";0;0;0;0;0;0;0;0;0;1;1;0;0;0;0
"04/05/2018";"22:59:00";"378";"com vítima";"469";"BR-163/MS";"Norte";"Saídas de pista";1;0;0;0;0;0;0;0;0;0;0;1;0;0;0
"05/05/2018";"11:36:00";"184";"sem vítima";"466,322";"BR-163/MS";"Sul";"Tombamento";0;0;1;0;0;1;0;0;0;0;2;0;0;0;0
"05/05/2018";"12:04:00";"190";"com vítima";"266,55";"BR-163/MS";"Norte";"Atropelamento de pedestre";0;0;0;1;0;0;0;0;0;0;0;1;1;0;0
"05/05/2018";"14:20:00";"231";"com vítima";"648,575";"BR-163/MS";"Norte";"Tombamento";0;0;1;0;0;2;0;0;0;0;3;1;0;0;0
"05/05/2018";"16:14:00";"276";"sem vítima";"615,8";"BR-163/MS";"Norte";"Colisão lateral no sentido contrário";0;0;1;0;0;0;0;0;0;1;3;0;0;0;0
"05/05/2018";"20:10:00";"339";"sem vítima";"187,249";"BR-163/MS";"Sul";"Colisão lateral no mesmo sentido";1;0;1;0;0;1;0;0;0;0;4;0;0;0;0
"05/05/2018";"20:23:00";"342";"sem vítima";"489,7";"BR-163/MS";"Sul";"Atropelamento de animais";0;0;0;0;0;0;0;0;0;1;3;0;0;0;0
"05/05/2018";"22:13:00";"356";"sem vítima";"320,619";"BR-163/MS";"Sul";"Saídas de pista";1;0;0;0;0;0;0;0;0;0;3;0;0;0;0
"06/05/2018";"02:34:00";"14";"com vítima";"664";"BR-163/MS";"Norte";"Capotamento";0;0;0;0;0;0;0;0;0;1;0;1;0;0;0
"06/05/2018";"03:45:00";"20";"sem vítima";"462";"BR-163/MS";"Sul";"Atropelamento de animais";0;0;0;0;0;0;0;0;0;1;1;0;0;0;0
"06/05/2018";"04:18:00";"31";"sem vítima";"215,86";"BR-163/MS";"Norte";"Atropelamento de animais";0;0;0;0;0;0;0;0;0;1;2;0;0;0;0
"06/05/2018";"07:39:00";"81";"com vítima";"471,619";"BR-163/MS";"Sul";"Tombamento de moto";0;0;0;1;0;0;0;0;0;0;0;1;0;0;0
"06/05/2018";"12:52:00";"186";"sem vítima";"787,8";"BR-163/MS";"Sul";"Atropelamento de animais";1;0;0;0;0;0;0;0;0;0;2;0;0;0;0
"06/05/2018";"14:30:00";"231";"sem vítima";"348";"BR-163/MS";"Norte";"Colisão c/ obstáculos";1;0;0;0;0;0;0;0;0;0;4;0;0;0;0
"06/05/2018";"18:42:00";"310";"sem vítima";"681,6";"BR-163/MS";"Norte";"Saídas de pista";1;0;0;0;0;0;0;0;0;0;1;0;0;0;0
"06/05/2018";"19:42:00";"321";"com vítima";"204,751";"BR-163/MS";"Sul";"Tombamento de moto";0;0;0;1;0;0;0;0;0;0;0;1;0;0;0
"06/05/2018";"20:45:00";"330";"sem vítima";"390,872";"BR-163/MS";"Norte";"Tombamento de moto";0;0;0;1;0;0;0;0;0;0;1;0;0;0;0
"07/05/2018";"09:45:00";"156";"com vítima";"77";"BR-163/MS";"Sul";"Colisão lateral no mesmo sentido";0;0;1;1;0;0;0;0;0;0;1;1;0;0;0
"07/05/2018";"10:08:00";"161";"com vítima";"842,86";"BR-163/MS";"Sul";"Capotamento";0;0;1;0;0;2;0;0;0;0;2;1;0;0;0
"07/05/2018";"11:10:00";"177";"com vítima";"82,577";"BR-163/MS";"Norte";"Colisão com veículos (traseira)";0;0;3;0;0;1;0;0;0;0;3;1;0;0;0
"08/05/2018";"01:06:00";"10";"com vítima";"676,849";"BR-163/MS";"Norte";"Colisão c/ obstáculos";0;0;0;0;1;0;0;0;0;0;0;1;0;0;0
"08/05/2018";"04:13:00";"31";"sem vítima";"248";"BR-163/MS";"Norte";"Colisão c/ obstáculos";0;0;1;0;0;0;0;0;0;0;1;0;0;0;0
"08/05/2018";"05:19:00";"38";"sem vítima";"577,655";"BR-163/MS";"Norte";"Colisão c/ obstáculos";1;0;0;0;0;0;0;0;0;0;1;0;0;0;0
"08/05/2018";"15:28:00";"296";"com vítima";"248,7";"BR-163/MS";"Sul";"Saídas de pista";1;0;0;0;0;0;0;0;0;0;0;1;0;0;0
"08/05/2018";"19:20:00";"357";"sem vítima";"762,294";"BR-163/MS";"Norte";"Atropelamento de animais";1;0;0;0;0;0;0;0;0;0;1;0;0;0;0
"09/05/2018";"23:37:00";"348";"sem vítima";"523";"BR-163/MS";"Sul";"Colisão c/ obstáculos";0;0;1;0;0;2;0;0;0;0;3;0;0;0;0
"10/05/2018";"10:53:00";"168";"com vítima";"470,692";"BR-163/MS";"Sul";"Colisão com veículos (frontal)";2;0;0;0;0;0;0;0;0;0;0;2;1;0;0
"10/05/2018";"12:57:00";"202";"com vítima";"252,7";"BR-163/MS";"Sul";"Atropelamento de pedestre";0;0;1;0;0;0;0;0;0;0;1;1;0;1;0
"10/05/2018";"13:18:00";"211";"com vítima";"280";"BR-163/MS";"Norte";"Colisão lateral no sentido contrário";1;1;0;0;0;0;0;0;0;0;1;1;0;0;0
"10/05/2018";"20:55:00";"311";"sem vítima";"691";"BR-163/MS";"Norte";"Colisão com veículos (traseira)";0;0;2;0;0;3;0;0;0;0;5;0;0;0;0
"11/05/2018";"01:46:00";"13";"sem vítima";"533,217";"BR-163/MS";"Norte";"Atropelamento de animais";1;0;0;0;0;0;0;0;0;0;5;0;0;0;0
"11/05/2018";"04:58:00";"49";"sem vítima";"387,534";"BR-163/MS";"Norte";"Atropelamento de animais";0;0;0;0;0;0;0;0;0;1;7;0;0;0;0
"11/05/2018";"12:53:00";"204";"com vítima";"403";"BR-163/MS";"Norte";"Engavetamento";2;0;1;0;0;1;0;0;0;1;2;10;0;0;0
"11/05/2018";"13:06:00";"212";"sem vítima";"203";"BR-163/MS";"Sul";"Colisão c/ obstáculos";1;0;0;0;0;0;0;0;0;0;1;0;0;0;0
"11/05/2018";"14:54:00";"241";"com vítima";"468";"BR-163/MS";"Sul";"Colisão c/ obstáculos";1;0;0;0;0;0;0;0;0;0;0;1;0;0;0
"11/05/2018";"21:29:00";"333";"sem vítima";"840,643";"BR-163/MS";"Sul";"Colisão c/ obstáculos";0;0;0;0;0;0;0;0;0;1;2;0;0;0;0
"12/05/2018";"07:37:00";"73";"sem vítima";"256";"BR-163/MS";"Sul";"Colisão com veículos (traseira)";2;0;0;0;0;0;0;0;0;0;3;0;0;0;0
"12/05/2018";"10:16:00";"140";"sem vítima";"438,66";"BR-163/MS";"Sul";"Colisão com veículos (traseira)";2;0;0;0;0;1;0;0;0;0;7;0;0;0;0
"12/05/2018";"20:21:00";"301";"sem vítima";"370";"BR-163/MS";"Norte";"Colisão com veículos (traseira)";1;0;0;0;0;0;0;0;0;1;2;0;0;0;0
"12/05/2018";"22:22:00";"322";"com vítima";"602,118";"BR-163/MS";"Sul";"Colisão c/ obstáculos";0;0;0;1;0;0;0;0;0;0;0;1;1;0;0
"12/05/2018";"23:25:00";"324";"com vítima";"668,481";"BR-163/MS";"Norte";"Atropelamento de animais";0;0;0;1;0;0;0;0;0;0;0;2;0;0;0
"13/05/2018";"02:03:00";"15";"sem vítima";"191";"BR-163/MS";"Norte";"Saídas de pista";1;0;0;0;0;0;0;0;0;0;1;0;0;0;0
"13/05/2018";"06:15:00";"32";"sem vítima";"566";"BR-163/MS";"Sul";"Capotamento";1;0;0;0;0;0;0;0;0;0;1;0;0;0;0
"13/05/2018";"12:34:00";"128";"com vítima";"484,78";"BR-163/MS";"Norte";"Tombamento de moto";0;0;0;1;0;0;0;0;0;0;0;1;0;0;0
"13/05/2018";"16:20:00";"176";"sem vítima";"38";"BR-163/MS";"Norte";"Colisão com veículos (traseira)";2;0;0;0;0;0;0;0;0;0;3;0;0;0;0
"13/05/2018";"18:19:00";"203";"com vítima";"477,695";"BR-163/MS";"Norte";"Tombamento de moto";0;0;0;1;0;0;0;0;0;0;0;2;0;0;0
"13/05/2018";"18:27:00";"205";"sem vítima";"253";"BR-163/MS";"Norte";;1;0;0;0;0;0;0;0;0;0;1;0;0;0;0
"14/05/2018";"01:30:00";"8";"com vítima";"2";"BR-163/MS";"Norte";"Colisão c/ obstáculos";0;0;0;1;0;0;0;0;0;0;0;0;0;2;0
"14/05/2018";"08:57:00";"111";"sem vítima";"341,766";"BR-163/MS";"Norte";"Colisão com veículos (traseira)";1;0;0;0;0;0;0;0;0;1;4;0;0;0;0
"14/05/2018";"13:26:00";"204";"com vítima";"693,114";"BR-163/MS";"Norte";"Tombamento de moto";0;0;0;1;0;0;0;0;0;0;0;1;0;0;0
"14/05/2018";"14:57:00";"230";"sem vítima";"681,946";"BR-163/MS";"Sul";"Colisão lateral no sentido contrário";0;0;0;0;0;0;0;0;0;2;2;0;0;0;0
"14/05/2018";"15:18:00";"235";"com vítima";"440,435";"BR-163/MS";"Sul";"Engavetamento";1;0;2;0;0;1;0;0;0;1;7;4;1;0;0
"14/05/2018";"18:30:00";"285";"com vítima";"271,477";"BR-163/MS";"Norte";"Tombamento de moto";0;0;0;1;0;0;0;0;0;0;0;1;0;0;0
"15/05/2018";"10:02:00";"134";"com vítima";"521";"BR-163/MS";"Norte";"Colisão c/ obstáculos";1;0;0;0;0;0;0;0;0;0;2;1;0;0;0
"15/05/2018";"12:21:00";"181";"com vítima";"478,18";"BR-163/MS";"Norte";"Colisão lateral no mesmo sentido";2;0;0;0;0;0;0;0;0;0;4;1;0;0;0
"15/05/2018";"14:48:00";"210";"com vítima";"264,46";"BR-163/MS";"Norte";"Colisão lateral no mesmo sentido";0;1;0;0;0;0;0;0;0;1;1;1;0;0;0
"15/05/2018";"15:56:00";"222";"com vítima";"10";"BR-163/MS";"Sul";"Tombamento de moto";0;0;0;1;0;0;0;0;0;0;0;2;0;0;0
"15/05/2018";"20:59:00";"301";"sem vítima";"151,919";"BR-163/MS";"Sul";"Tombamento";0;0;1;0;0;2;0;0;0;0;3;0;0;0;0
"16/05/2018";"06:49:00";"47";"com vítima";"570,761";"BR-163/MS";"Sul";"Colisão lateral no mesmo sentido";0;0;2;0;0;3;0;0;0;0;4;1;0;0;0
"16/05/2018";"08:29:00";"105";"sem vítima";"574";"BR-163/MS";"Norte";"Saídas de pista";1;0;0;0;0;0;0;0;0;0;1;0;0;0;0
"16/05/2018";"13:10:00";"235";"com vítima";"255";"BR-163/MS";"Sul";"Colisão lateral no mesmo sentido";1;0;0;1;0;0;0;0;0;0;0;2;0;1;0
"16/05/2018";"17:05:00";"289";"sem vítima";"565,61";"BR-163/MS";"Norte";"Colisão com veículos (traseira)";0;0;0;0;0;1;0;0;0;1;2;0;0;0;0
"17/05/2018";"12:19:00";"209";"com vítima";"818,9";"BR-163/MS";"Sul";"Capotamento";0;0;0;0;0;0;0;0;0;1;0;4;1;0;0
"17/05/2018";"15:38:00";"253";"com vítima";"21,2";"BR-163/MS";"Sul";"Tombamento de moto";0;0;0;1;0;0;0;0;0;0;0;2;0;0;0
"17/05/2018";"18:24:00";"308";"sem vítima";"350,72";"BR-163/MS";"Norte";"Tombamento";0;0;1;0;0;0;0;0;0;1;4;0;0;0;0
"17/05/2018";"21:09:00";"337";"sem vítima";"227";"BR-163/MS";"Sul";"Colisão c/ obstáculos";0;0;0;0;1;0;0;0;0;0;17;0;0;0;0
"18/05/2018";"19:22:00";"372";"com vítima";"484,6";"BR-163/MS";"Sul";"Colisão lateral no mesmo sentido";0;0;0;1;0;1;0;0;0;0;1;2;0;0;0
"18/05/2018";"21:13:00";"390";"sem vítima";"342,774";"BR-163/MS";"Sul";"Atropelamento de animais";1;0;0;0;0;0;0;0;0;0;2;0;0;0;0
"18/05/2018";"21:49:00";"395";"com vítima";"465";"BR-163/MS";"Norte";"Colisão com veículos (traseira)";1;0;0;1;0;0;0;0;0;0;1;2;0;0;0
"19/05/2018";"00:24:00";"4";"com vítima";"262,972";"BR-163/MS";"Norte";"Colisão lateral no mesmo sentido";0;0;0;1;0;0;0;0;0;1;1;1;0;0;0
"19/05/2018";"19:35:00";"295";"sem vítima";"456";"BR-163/MS";"Sul";"Atropelamento de animais";0;0;0;0;0;0;0;0;0;1;2;0;0;0;0
"19/05/2018";"22:34:00";"324";"com vítima";"255,988";"BR-163/MS";"Sul";"Tombamento de moto";0;0;0;1;0;0;0;0;0;0;0;0;2;0;0