data;horario;n_da_ocorrencia;tipo_de_ocorrencia;km;trecho;sentido;tipo_de_acidente;automovel;bicicleta;caminhao;moto;onibus;outros;tracao_animal;transporte_de_cargas_especiais;trator_maquinas;utilitarios;ilesos;levemente_feridos;moderadamente_feridos;gravemente_feridos;mortos
"11/12/2018";"18:02:00";"327";"sem vítima";"699,3";"BR-163/MS";"Norte";"Colisão c/ obstáculos";0;0;1;0;0;0;0;0;0;1;3;0;0;0;0
"12/12/2018";"11:32:00";"222";"sem vítima";"682,28";"BR-163/MS";"Norte";"Colisão com veículos (traseira)";2;0;0;0;0;0;0;0;0;0;3;0;0;0;0
"12/12/2018";"14:01:00";"274";"sem vítima";"180,5";"BR-163/MS";"Norte";"Colisão lateral no mesmo sentido";0;0;2;0;0;2;0;0;0;0;4;0;0;0;0
"13/12/2018";"14:40:00";"278";"sem vítima";"313";"BR-163/MS";"Norte";"Colisão com veículos (traseira)";1;0;1;0;0;1;0;0;0;0;3;0;0;0;0
"13/12/2018";"21:53:00";"385";"sem vítima";"416";"BR-163/MS";"Norte";"Saídas de pista";0;0;0;0;0;0;0;0;0;1;1;0;0;0;0
"14/12/2018";"21:35:00";"375";"sem vítima";"254,308";"BR-163/MS";"Sul";"Atropelamento de animais";0;0;0;0;0;0;0;0;0;1;1;0;0;0;0
"14/12/2018";"22:51:00";"388";"com vítima";"7,4";"BR-163/MS";"Norte";"Colisão c/ obstáculos";0;0;0;0;0;0;0;0;0;1;1;1;0;0;0
"14/12/2018";"22:57:00";"390";"sem vítima";"669";"BR-163/MS";"Norte";"Colisão lateral no mesmo sentido";1;0;0;0;0;1;0;0;0;1;7;0;0;0;0
"15/12/2018";"04:55:00";"40";"sem vítima";"393,715";"BR-163/MS";"Norte";"Saídas de pista";0;0;1;0;0;1;0;0;0;0;2;0;0;0;0
"15/12/2018";"15:05:00";"207";"sem vítima";"35,82";"BR-163/MS";"Sul";"Colisão com veículos (traseira)";1;0;0;0;0;0;0;0;0;1;5;0;0;0;0
"15/12/2018";"15:30:00";"213";"sem vítima";"476";"BR-163/MS";"Norte";"Saídas de pista";1;0;0;0;0;0;0;0;0;0;1;0;0;0;0
"15/12/2018";"15:56:00";"225";"com vítima";"476,45";"BR-163/MS";"Sul";"Colisão c/ obstáculos";0;0;0;1;0;0;0;0;0;0;0;2;0;0;0
"15/12/2018";"19:09:00";"282";"com vítima";"0";"BR-163/MS";"Sul";"Tombamento de moto";0;0;0;1;0;0;0;0;0;0;0;1;0;0;0
"16/12/2018";"04:59:00";"41";"sem vítima";"757,505";"BR-163/MS";"Sul";"Atropelamento de animais";0;0;1;0;0;0;0;0;0;0;1;0;0;0;0
"16/12/2018";"06:20:00";"47";"com vítima";"409,542";"BR-163/MS";"Norte";"Colisão lateral no mesmo sentido";1;0;1;0;0;2;0;0;0;0;4;2;0;0;0
"16/12/2018";"18:48:00";"250";"sem vítima";"762,687";"BR-163/MS";"Norte";"Colisão c/ obstáculos";0;0;1;0;0;0;0;0;0;0;3;0;0;0;0
"16/12/2018";"20:22:00";"274";"com vítima";"257,661";"BR-163/MS";"Sul";"Colisão com veículos (traseira)";1;0;0;1;0;0;0;0;0;0;4;1;0;0;0
"16/12/2018";"21:06:00";"280";"com vítima";"261,176";"BR-163/MS";"Sul";"Colisão com veículos (traseira)";0;0;0;1;0;1;0;0;0;0;1;3;0;0;0
"16/12/2018";"22:39:00";"296";"sem vítima";"281,261";"BR-163/MS";"Sul";"Colisão c/ obstáculos";1;0;0;0;0;0;0;0;0;0;1;0;0;0;0
"17/12/2018";"00:43:00";"7";"sem vítima";"608,821";"BR-163/MS";"Sul";"Atropelamento de animais";0;0;0;0;0;0;0;0;0;1;4;0;0;0;0
"17/12/2018";"03:26:00";"52";"sem vítima";"667,699";"BR-163/MS";"Norte";"Saídas de pista";0;0;1;0;0;0;0;0;0;0;1;0;0;0;0
"17/12/2018";"04:49:00";"56";"com vítima";"608,236";"BR-163/MS";"Norte";"Colisão com veículos (traseira)";0;0;0;0;1;0;0;0;0;1;1;1;0;0;0
"17/12/2018";"08:07:00";"113";"com vítima";"587,8";"BR-163/MS";"Sul";"Capotamento";1;0;0;0;0;0;0;0;0;0;0;2;0;0;0
"17/12/2018";"10:10:00";"159";"sem vítima";"506,945";"BR-163/MS";"Sul";"Capotamento";1;0;0;0;0;0;0;0;0;0;2;0;0;0;0
"17/12/2018";"13:18:00";"214";"com vítima";"626,46";"BR-163/MS";"Norte";"Tombamento de moto";0;0;0;1;0;0;0;0;0;0;0;2;0;0;0
"17/12/2018";"14:30:00";"239";"sem vítima";"36,164";"BR-163/MS";"Norte";"Tombamento";0;0;1;0;0;0;0;0;0;0;1;0;0;0;0
"17/12/2018";"18:23:00";"334";"com vítima";"258";"BR-163/MS";"Sul";"Colisão com veículos (traseira)";0;0;0;1;0;1;0;0;0;0;1;1;0;0;0
"18/12/2018";"02:03:00";"43";"com vítima";"655,225";"BR-163/MS";"Sul";"Tombamento";0;0;1;0;0;1;0;0;0;0;1;1;0;0;0
"18/12/2018";"03:02:00";"48";"com vítima";"55,7";"BR-163/MS";"Norte";"Tombamento";0;0;1;0;0;0;0;0;0;0;0;1;0;0;0
"18/12/2018";"12:15:00";"224";"sem vítima";"245";"BR-163/MS";"Sul";"Colisão com veículos (traseira)";0;0;2;0;0;2;0;0;0;0;6;0;0;0;0
"19/12/2018";"10:30:00";"208";"sem vítima";"660,866";"BR-163/MS";"Sul";"Colisão c/ obstáculos";0;0;1;0;0;0;0;0;0;0;1;0;0;0;0
"19/12/2018";"13:48:00";"281";"com vítima";"490";"BR-163/MS";"Norte";"Colisão lateral no sentido contrário";1;0;0;1;0;0;0;0;0;0;2;1;0;0;0
"20/12/2018";"07:34:00";"109";"com vítima";"239,861";"BR-163/MS";"Sul";"Tombamento de moto";0;0;0;1;0;0;0;0;0;0;1;1;0;0;0
"20/12/2018";"10:37:00";"190";"sem vítima";"188,98";"BR-163/MS";"Norte";"Saídas de pista";1;0;0;0;0;1;0;0;0;0;5;0;0;0;0
"20/12/2018";"13:18:00";"235";"sem vítima";"682";"BR-163/MS";"Norte";"Colisão com veículos (traseira)";0;0;2;0;0;1;0;0;0;0;3;0;0;0;0
"20/12/2018";"17:11:00";"317";"com vítima";"24,843";"BR-163/MS";"Sul";"Colisão c/ obstáculos";1;0;0;0;0;0;0;0;0;0;0;2;0;0;0
"20/12/2018";"22:54:00";"399";"com vítima";"204,937";"BR-163/MS";"Norte";"Atropelamento de animais";0;0;0;0;0;0;0;0;0;1;0;1;0;0;0
"21/12/2018";"02:49:00";"23";"sem vítima";"564";"BR-163/MS";"Norte";"Colisão com veículos (traseira)";0;0;1;0;0;1;0;0;0;0;2;0;0;0;0
"21/12/2018";"07:49:00";"87";"com vítima";"496";"BR-163/MS";"Sul";"Tombamento";1;0;0;0;0;0;0;0;0;0;0;2;0;0;0
"21/12/2018";"20:52:00";"419";"com vítima";"100";"BR-163/MS";"Sul";"Colisão com veículos (traseira)";0;0;0;1;0;1;0;0;0;0;1;1;0;0;0
"21/12/2018";"21:19:00";"424";"com vítima";"326";"BR-163/MS";"Sul";"Saídas de pista";1;0;0;0;0;0;0;0;0;0;0;1;0;0;0
"21/12/2018";"21:40:00";"429";"sem vítima";"436";"BR-163/MS";"Sul";"Atropelamento de animais";1;0;0;0;0;0;0;0;0;0;6;0;0;0;0
"21/12/2018";"22:09:00";"435";"com vítima";"822";"BR-163/MS";"Sul";"Capotamento";1;0;0;0;0;1;0;0;0;0;1;3;1;0;0
"21/12/2018";"23:23:00";"448";"com vítima";"549,75";"BR-163/MS";"Norte";"Colisão lateral no mesmo sentido";2;0;0;0;0;0;0;0;0;0;0;6;1;0;0
"22/12/2018";"12:07:00";"245";"sem vítima";"818,7";"BR-163/MS";"Norte";"Colisão com veículos (traseira)";1;0;0;0;0;0;0;0;0;1;8;0;0;0;0
"22/12/2018";"14:19:00";"301";"sem vítima";"132,227";"BR-163/MS";"Norte";"Capotamento";1;0;0;0;0;0;0;0;0;0;1;0;0;0;0
"22/12/2018";"15:09:00";"327";"com vítima";"49,553";"BR-163/MS";"Norte";"Capotamento";1;0;0;0;0;0;0;0;0;0;1;1;0;0;0
"22/12/2018";"15:36:00";"338";"sem vítima";"246,517";"BR-163/MS";"Norte";"Tombamento";1;0;0;0;0;0;0;0;0;0;5;0;0;0;0
"22/12/2018";"15:59:00";"350";"com vítima";"75,153";"BR-163/MS";"Norte";"Colisão com veículos (frontal)";2;0;0;0;0;0;0;0;0;0;2;0;0;1;0
"22/12/2018";"17:06:00";"382";"sem vítima";"582,5";"BR-163/MS";"Sul";"Atropelamento de animais";0;0;0;0;0;0;0;0;0;1;1;0;0;0;0
"22/12/2018";"21:18:00";"467";"com vítima";"490";"BR-163/MS";"Norte";"Colisão com veículos (frontal)";2;0;0;0;0;0;0;0;0;0;0;2;2;1;0
"22/12/2018";"22:38:00";"485";"sem vítima";"115";"BR-163/MS";"Norte";"Colisão c/ obstáculos";1;0;0;0;0;0;0;0;0;0;1;0;0;0;0
"22/12/2018";"23:45:00";"498";"com vítima";"499,414";"BR-163/MS";"Norte";"Colisão com veículos (traseira)";2;0;0;0;0;0;0;0;0;0;0;3;2;0;0
"23/12/2018";"05:07:00";"49";"sem vítima";"804";"BR-163/MS";"Norte";"Colisão c/ obstáculos";1;0;0;0;0;0;0;0;0;0;1;0;0;0;0
"23/12/2018";"07:21:00";"74";"sem vítima";"290";"BR-163/MS";"Sul";"Colisão c/ obstáculos";1;0;0;0;0;0;0;0;0;0;1;0;0;0;0
"23/12/2018";"07:42:00";"81";"com vítima";"485,592";"BR-163/MS";"Sul";"Colisão com veículos (traseira)";2;0;0;0;0;0;0;0;0;0;0;8;0;0;0
"23/12/2018";"10:02:00";"142";"com vítima";"641";"BR-163/MS";"Norte";"Colisão c/ obstáculos";0;0;0;0;0;0;0;0;0;1;1;1;0;0;0
"23/12/2018";"13:40:00";"228";"com vítima";"373";"BR-163/MS";"Sul";"Tombamento de moto";0;0;0;1;0;0;0;0;0;0;0;1;0;0;0
"23/12/2018";"14:02:00";"234";"com vítima";"475";"BR-163/MS";"Sul";"Capotamento";1;0;0;0;0;0;0;0;0;0;2;2;0;0;0
"23/12/2018";"14:06:00";"235";"com vítima";"110";"BR-163/MS";"Norte";"Saídas de pista";1;0;0;0;0;0;0;0;0;0;1;1;0;0;0
"23/12/2018";"18:35:00";"327";"com vítima";"443,675";"BR-163/MS";"Sul";"Saídas de pista";1;0;0;0;0;0;0;0;0;0;3;1;0;0;0
"23/12/2018";"22:58:00";"376";"sem vítima";"400,755";"BR-163/MS";"Norte";"Atropelamento de animais";1;0;0;0;0;0;0;0;0;0;5;0;0;0;0
"24/12/2018";"14:09:00";"185";"com vítima";"477";"BR-163/MS";"Norte";"Tombamento de moto";0;0;0;1;0;0;0;0;0;0;0;1;0;0;0
"24/12/2018";"15:28:00";"220";"com vítima";"555,496";"BR-163/MS";"Norte";"Capotamento";1;0;0;0;0;0;0;0;0;0;0;1;0;0;0
"25/12/2018";"01:11:00";"9";"sem vítima";"487";"BR-163/MS";"Norte";"Saídas de pista";1;0;0;0;0;0;0;0;0;0;2;0;0;0;0
"25/12/2018";"05:10:00";"29";"sem vítima";"840,869";"BR-163/MS";"Norte";"Saídas de pista";1;0;0;0;0;0;0;0;0;0;4;0;0;0;0
"25/12/2018";"14:16:00";"151";"sem vítima";"85,9";"BR-163/MS";"Sul";"Tombamento";0;0;1;0;0;2;0;0;0;0;3;0;0;0;0
"25/12/2018";"16:13:00";"168";"com vítima";"811,43";"BR-163/MS";"Sul";"Capotamento";1;0;0;0;0;0;0;0;0;0;1;1;0;0;0
"26/12/2018";"00:31:00";"6";"com vítima";"493,479";"BR-163/MS";"Norte";"Capotamento";0;0;1;0;0;0;0;0;0;0;0;0;1;0;0
"26/12/2018";"13:18:00";"190";"sem vítima";"667,39";"BR-163/MS";"Norte";"Capotamento";1;0;0;0;0;0;0;0;0;0;2;0;0;0;0
"26/12/2018";"15:06:00";"225";"com vítima";"367";"BR-163/MS";"Sul";"Colisão com veículos (traseira)";2;0;0;0;0;0;0;0;0;0;4;2;0;0;0
"26/12/2018";"22:28:00";"335";"sem vítima";"740";"BR-163/MS";"Norte";"Atropelamento de animais";1;0;0;0;0;0;0;0;0;0;4;0;0;0;0
"27/12/2018";"11:41:00";"171";"com vítima";"675";"BR-163/MS";"Norte";"Colisão com veículos (traseira)";0;0;1;1;0;0;0;0;0;0;1;2;0;0;0
"27/12/2018";"16:19:00";"266";"com vítima";"478,796";"BR-163/MS";"Norte";"Atropelamento de pedestre";1;0;0;0;0;0;0;0;0;0;1;1;0;0;0
"27/12/2018";"21:26:00";"348";"sem vítima";"28,84";"BR-163/MS";"Norte";"Saídas de pista";1;0;0;0;0;0;0;0;0;0;1;0;0;0;0
"27/12/2018";"21:43:00";"351";"sem vítima";"545,872";"BR-163/MS";"Norte";"Atropelamento de animais";1;0;0;0;0;0;0;0;0;0;3;0;0;0;0
"28/12/2018";"03:23:00";"35";"sem vítima";"609,641";"BR-163/MS";"Sul";"Atropelamento de animais";1;0;0;0;0;0;0;0;0;0;5;0;0;0;0
"28/12/2018";"06:30:00";"72";"com vítima";"371,328";"BR-163/MS";"Sul";"Saídas de pista";0;0;0;0;0;0;0;0;0;1;0;2;0;0;0
"28/12/2018";"16:12:00";"267";"sem vítima";"497";"BR-163/MS";"Norte";"Colisão lateral no sentido contrário";1;0;1;0;0;0;0;0;0;0;2;0;0;0;0
"29/12/2018";"06:36:00";"60";"com vítima";"681";"BR-163/MS";"Sul";"Colisão lateral no mesmo sentido";1;0;0;1;0;0;0;0;0;0;2;1;0;0;0
"29/12/2018";"16:59:00";"242";"com vítima";"247,508";"BR-163/MS";"Norte";"Colisão lateral no sentido contrário";1;0;1;0;0;1;0;0;0;0;2;4;0;1;0
"30/12/2018";"03:51:00";"21";"sem vítima";"463";"BR-163/MS";"Sul";"Atropelamento de animais";1;0;0;0;0;0;0;0;0;0;2;0;0;0;0
"30/12/2018";"11:57:00";"140";"com vítima";"261,783";"BR-163/MS";"Sul";"Saídas de pista";1;0;0;0;0;0;0;0;0;0;0;1;0;0;0
"30/12/2018";"12:01:00";"141";"sem vítima";"366,527";"BR-163/MS";"Sul";"Colisão com veículos (traseira)";1;0;0;0;0;1;0;0;0;0;2;0;0;0;0
"30/12/2018";"18:34:00";"243";"sem vítima";"281,2";"BR-163/MS";"Sul";"Colisão c/ obstáculos";0;0;0;0;0;0;0;0;0;1;2;0;0;0;0
"30/12/2018";"20:31:00";"261";"sem vítima";"734,8";"BR-163/MS";"Norte";"Tombamento de moto";0;0;0;1;0;0;0;0;0;0;1;0;0;0;0
"30/12/2018";"21:38:00";"271";"com vítima";"484";"BR-163/MS";"Norte";"Colisão com veículos (traseira)";0;0;0;1;0;1;0;0;0;0;1;1;1;0;0
"30/12/2018";"23:30:00";"281";"sem vítima";"444,722";"BR-163/MS";"Norte";"Saídas de pista";0;0;1;0;0;1;0;0;0;0;2;0;0;0;0
"31/12/2018";"02:48:00";"13";"com vítima";"729";"BR-163/MS";"Norte";"Colisão com veículos (traseira)";0;0;0;1;1;0;0;0;0;0;1;0;0;1;0
"31/12/2018";"06:50:00";"31";"sem vítima";"618";"BR-163/MS";"Norte";"Saídas de pista";1;0;0;0;0;0;0;0;0;0;2;0;0;0;0
"31/12/2018";"11:39:00";"117";"sem vítima";"727,421";"BR-163/MS";"Norte";"Colisão lateral no mesmo sentido";2;0;0;0;0;0;0;0;0;0;3;0;0;0;0
"31/12/2018";"14:02:00";"151";"sem vítima";"158";"BR-163/MS";"Sul";"Colisão c/ obstáculos";0;0;1;0;0;0;0;0;0;0;1;0;0;0;0
"31/12/2018";"23:45:00";"274";"com vítima";"485";"BR-163/MS";"Norte";"Colisão lateral no sentido contrário";1;0;0;0;0;1;0;0;0;0;1;1;0;0;0
"01/01/2019";"00:32:00";"4";"sem vítima";"721,589";"BR-163/MS";"Norte";"Atropelamento de animais";1;0;0;0;0;0;0;0;0;0;1;0;0;0;0
"01/01/2019";"04:53:00";"20";"com vítima";"654,382";"BR-163/MS";"Sul";"Tombamento de moto";0;0;0;1;0;0;0;0;0;0;0;0;1;0;0
"01/01/2019";"05:00:00";"21";"com vítima";"288";"BR-163/MS";"Norte";"Colisão com veículos (frontal)";1;0;0;1;0;0;0;0;0;0;2;2;0;0;1
"01/01/2019";"09:12:00";"66";"com vítima";"462,272";"BR-163/MS";"Sul";"Tombamento de moto";0;0;0;1;0;0;0;0;0;0;0;2;0;0;0
"01/01/2019";"12:35:00";"113";"sem vítima";"552";"BR-163/MS";"Norte";"Saídas de pista";1;0;0;0;0;0;0;0;0;0;3;0;0;0;0
"01/01/2019";"15:14:00";"143";"com vítima";"726,84";"BR-163/MS";"Sul";"Colisão lateral no mesmo sentido";2;0;0;0;0;0;0;0;0;0;1;8;0;0;0
"01/01/2019";"23:38:00";"249";"sem vítima";"9";"BR-163/MS";"Sul";"Atropelamento de animais";0;0;0;0;0;0;0;0;0;1;1;0;0;0;0
"02/01/2019";"12:25:00";"145";"sem vítima";"548";"BR-163/MS";"Sul";"Colisão lateral no mesmo sentido";1;0;0;0;0;0;0;0;0;1;3;0;0;0;0
"02/01/2019";"16:47:00";"231";"sem vítima";"364,28";"BR-163/MS";"Sul";"Colisão com veículos (traseira)";2;0;0;0;0;0;0;0;0;0;3;0;0;0;0
"02/01/2019";"17:13:00";"239";"com vítima";"362,815";"BR-163/MS";"Norte";"Capotamento";0;0;0;0;0;0;0;0;0;1;0;0;0;2;0
"03/01/2019";"03:40:00";"39";"sem vítima";"361,735";"BR-163/MS";"Sul";"Colisão lateral no sentido contrário";1;0;0;0;1;0;0;0;0;0;40;0;0;0;0
"03/01/2019";"13:37:00";"236";"sem vítima";"617";"BR-163/MS";"Norte";"Colisão com veículos (traseira)";1;0;1;0;0;0;0;0;0;0;9;0;0;0;0
"03/01/2019";"13:38:00";"237";"sem vítima";"485";"BR-163/MS";"Sul";"Colisão com veículos (traseira)";1;0;0;0;0;0;0;0;0;1;7;0;0;0;0
"03/01/2019";"13:46:00";"239";"com vítima";"341,895";"BR-163/MS";"Sul";"Colisão com veículos (traseira)";1;0;1;0;0;1;0;0;0;1;4;1;0;0;0
"03/01/2019";"14:05:00";"243";"com vítima";"735";"BR-163/MS";"Norte";"Capotamento";2;0;0;0;0;0;0;0;0;0;4;2;0;0;0
"04/01/2019";"06:03:00";"57";"sem vítima";"331";"BR-163/MS";"Norte";"Atropelamento de animais";1;0;0;0;0;0;0;0;0;0;2;0;0;0;0
"04/01/2019";"07:14:00";"93";"sem vítima";"116";"BR-163/MS";"Sul";"Colisão com veículos (traseira)";1;0;1;0;0;2;0;0;0;0;7;0;0;0;0
"04/01/2019";"11:11:00";"205";"com vítima";"470,763";"BR-163/MS";"Sul";"Colisão lateral no sentido contrário";0;0;1;1;0;1;0;0;0;0;2;0;0;2;0
"04/01/2019";"20:16:00";"393";"sem vítima";"445,382";"BR-163/MS";"Norte";"Atropelamento de animais";1;0;0;0;0;0;0;0;0;0;4;0;0;0;0
"05/01/2019";"11:10:00";"165";"com vítima";"739";"BR-163/MS";"Norte";"Saídas de pista";1;0;0;0;0;0;0;0;0;0;4;1;0;0;0
"05/01/2019";"11:55:00";"175";"sem vítima";"373,965";"BR-163/MS";"Norte";"Colisão c/ obstáculos";1;0;0;0;0;0;0;0;0;0;1;0;0;0;0
"05/01/2019";"13:52:00";"207";"com vítima";"1,795";"BR-163/MS";"Norte";"Colisão com veículos (traseira)";2;0;0;0;0;0;0;0;0;0;4;1;0;0;0
"06/01/2019";"00:39:00";"4";"sem vítima";"92,5";"BR-163/MS";"Norte";"Atropelamento de animais";1;0;0;0;0;0;0;0;0;0;4;0;0;0;0
"06/01/2019";"01:21:00";"10";"com vítima";"394";"BR-163/MS";"Sul";"Tombamento";0;0;1;0;0;2;0;0;0;0;2;1;0;0;0
"06/01/2019";"11:48:00";"185";"com vítima";"485";"BR-163/MS";"Sul";"Tombamento de moto";0;0;0;1;0;0;0;0;0;0;0;1;1;0;0
"06/01/2019";"16:25:00";"273";"sem vítima";"556,37";"BR-163/MS";"Norte";"Saídas de pista";1;0;0;0;0;0;0;0;0;0;3;0;0;0;0
"07/01/2019";"15:04:00";"216";"sem vítima";"341,772";"BR-163/MS";"Norte";"Colisão com veículos (traseira)";1;0;0;0;0;0;0;0;0;1;7;0;0;0;0
"07/01/2019";"15:15:00";"220";"com vítima";"486";"BR-163/MS";"Norte";"Colisão com veículos (traseira)";0;0;1;0;0;2;0;0;0;1;4;1;0;0;0
"07/01/2019";"17:22:00";"256";"com vítima";"475,756";"BR-163/MS";"Sul";"Colisão lateral no sentido contrário";0;0;0;1;0;0;0;0;0;1;1;1;0;0;0
"08/01/2019";"06:47:00";"56";"sem vítima";"586";"BR-163/MS";"Norte";"Colisão c/ obstáculos";0;0;0;0;0;0;0;0;0;1;1;0;0;0;0
"08/01/2019";"09:57:00";"137";"sem vítima";"703,175";"BR-163/MS";"Sul";"Colisão lateral no mesmo sentido";1;0;1;0;0;0;0;0;0;0;2;0;0;0;0
"08/01/2019";"10:30:00";"150";"com vítima";"108,602";"BR-163/MS";"Norte";"Tombamento de moto";0;0;0;1;0;0;0;0;0;0;0;1;0;0;0
"09/01/2019";"13:05:00";"226";"com vítima";"474,5";"BR-163/MS";"Norte";"Colisão lateral no mesmo sentido";1;0;1;0;0;1;0;0;0;0;2;0;1;0;0
"09/01/2019";"13:49:00";"244";"sem vítima";"443,34";"BR-163/MS";"Norte";"Capotamento";1;0;0;0;0;0;0;0;0;0;4;0;0;0;0
"10/01/2019";"05:23:00";"59";"sem vítima";"464,264";"BR-163/MS";"Norte";"Saídas de pista";0;0;0;0;0;0;0;0;0;1;1;0;0;0;0
"10/01/2019";"14:59:00";"289";"sem vítima";"487,5";"BR-163/MS";"Sul";"Colisão lateral no sentido contrário";1;0;1;0;0;0;0;0;0;0;2;0;0;0;0
"10/01/2019";"16:19:00";"325";"com vítima";"462";"BR-163/MS";"Norte";"Colisão com veículos (traseira)";0;0;1;0;0;0;0;0;0;1;1;4;1;0;0
"10/01/2019";"17:55:00";"352";"sem vítima";"328";"BR-163/MS";"Norte";"Colisão com veículos (traseira)";2;0;0;0;0;0;0;0;0;0;5;0;0;0;0
"10/01/2019";"20:55:00";"394";"sem vítima";"516,608";"BR-163/MS";"Sul";"Atropelamento de animais";0;0;0;0;0;0;0;0;0;1;1;0;0;0;0
"11/01/2019";"15:25:00";"277";"sem vítima";"86,974";"BR-163/MS";"Norte";"Saídas de pista";0;0;1;0;0;1;0;0;0;0;2;0;0;0;0
"11/01/2019";"16:50:00";"315";"sem vítima";"570,686";"BR-163/MS";"Sul";"Capotamento";1;0;0;0;0;0;0;0;0;0;1;0;0;0;0
"12/01/2019";"03:49:00";"51";"sem vítima";"332,268";"BR-163/MS";"Norte";"Atropelamento de animais";0;0;0;0;0;0;0;0;0;1;2;0;0;0;0
"12/01/2019";"06:24:00";"61";"sem vítima";"313,408";"BR-163/MS";"Norte";"Colisão lateral no mesmo sentido";2;0;0;0;0;0;0;0;0;0;7;0;0;0;0
"12/01/2019";"18:30:00";"253";"com vítima";"491,536";"BR-163/MS";"Norte";"Capotamento";0;0;1;0;0;2;0;0;0;1;3;0;0;1;0
"12/01/2019";"18:40:00";"256";"com vítima";"605,142";"BR-163/MS";"Norte";"Tombamento de moto";0;0;0;1;0;0;0;0;0;0;0;2;0;0;0
"13/01/2019";"03:11:00";"32";"sem vítima";"292,867";"BR-163/MS";"Sul";"Colisão c/ obstáculos";1;0;0;0;0;0;0;0;0;0;1;0;0;0;0
"13/01/2019";"15:58:00";"180";"com vítima";"13,87";"BR-163/MS";"Norte";"Colisão lateral no sentido contrário";1;0;1;0;0;1;0;0;0;0;3;1;0;0;0
"13/01/2019";"18:27:00";"219";"com vítima";"672";"BR-163/MS";"Norte";"Colisão lateral no sentido contrário";0;0;1;1;0;2;0;0;0;0;2;0;0;1;0
"13/01/2019";"23:15:00";"269";"com vítima";"679";"BR-163/MS";"Norte";"Atropelamento de pedestre";0;0;0;0;0;1;0;0;0;0;1;0;1;0;0
"14/01/2019";"18:39:00";"339";"sem vítima";"818";"BR-163/MS";"Norte";"Colisão com veículos (traseira)";1;0;1;0;0;0;0;0;0;0;3;0;0;0;0
"14/01/2019";"23:41:00";"402";"com vítima";"480,168";"BR-163/MS";"Norte";"Colisão com veículos (traseira)";1;0;0;1;0;1;0;0;0;0;3;1;0;0;0
"15/01/2019";"10:40:00";"186";"sem vítima";"33,325";"BR-163/MS";"Norte";"Colisão com veículos (traseira)";0;0;0;0;0;0;0;0;0;2;3;0;0;0;0
"15/01/2019";"12:41:00";"232";"com vítima";"575";"BR-163/MS";"Sul";"Colisão com veículos (traseira)";1;0;1;0;0;0;0;0;0;1;8;1;0;0;0
"15/01/2019";"15:12:00";"293";"com vítima";"455";"BR-163/MS";"Norte";"Engavetamento";0;0;2;0;1;4;0;0;0;0;7;3;1;0;1
"15/01/2019";"21:02:00";"392";"sem vítima";"47,7";"BR-163/MS";"Sul";"Colisão com veículos (traseira)";1;0;0;0;0;1;0;0;0;0;2;0;0;0;0
"15/01/2019";"23:58:00";"411";"sem vítima";"281";"BR-163/MS";"Sul";"Atropelamento de animais";1;0;0;0;0;0;0;0;0;0;2;0;0;0;0
"16/01/2019";"15:11:00";"255";"com vítima";"226,653";"BR-163/MS";"Norte";"Colisão c/ obstáculos";0;0;0;1;0;0;0;0;0;0;0;1;0;0;0
"16/01/2019";"16:02:00";"268";"sem vítima";"534";"BR-163/MS";"Norte";"Colisão com veículos (traseira)";1;0;0;0;0;1;0;0;0;0;2;0;0;0;0
"16/01/2019";"19:29:00";"334";"sem vítima";"600,947";"BR-163/MS";"Sul";"Saídas de pista";1;0;0;0;0;0;0;0;0;0;5;0;0;0;0
"16/01/2019";"20:39:00";"349";"com vítima";"618,403";"BR-163/MS";"Norte";"Colisão lateral no sentido contrário";1;0;0;0;0;0;0;0;0;1;4;1;0;0;0
"17/01/2019";"02:27:00";"46";"sem vítima";"508,165";"BR-163/MS";"Norte";"Atropelamento de animais";0;0;0;0;0;0;0;0;0;1;1;0;0;0;0
"17/01/2019";"18:04:00";"334";"com vítima";"661,352";"BR-163/MS";"Norte";"Capotamento";0;0;0;0;0;0;0;0;0;1;0;0;1;1;0
"18/01/2019";"09:36:00";"166";"sem vítima";"341,8";"BR-163/MS";"Norte";"Colisão com veículos (traseira)";0;0;0;0;0;0;0;0;0;2;2;0;0;0;0
"18/01/2019";"14:21:00";"271";"sem vítima";"467";"BR-163/MS";"Sul";"Saídas de pista";0;0;1;0;0;1;0;0;0;0;2;0;0;0;0
"18/01/2019";"20:19:00";"385";"com vítima";"75";"BR-163/MS";"Sul";"Atropelamento de pedestre";0;1;1;0;0;0;0;0;0;0;1;0;0;1;0
"19/01/2019";"03:50:00";"34";"sem vítima";"484";"BR-163/MS";"Sul";"Colisão lateral no mesmo sentido";1;0;1;0;0;0;0;0;0;0;5;0;0;0;0
"19/01/2019";"13:43:00";"185";"com vítima";"128";"BR-163/MS";"Norte";"Tombamento";0;0;0;0;0;0;0;0;0;1;0;1;0;0;0