data;horario;n_da_ocorrencia;tipo_de_ocorrencia;km;trecho;sentido;tipo_de_acidente;automovel;bicicleta;caminhao;moto;onibus;outros;tracao_animal;transporte_de_cargas_especiais;trator_maquinas;utilitarios;ilesos;levemente_feridos;moderadamente_feridos;gravemente_feridos;mortos
"22/11/2020";"17:58:00";"231";"Acidente s";"762,926";"BR-163/MS";"SUL";"Saídas de pista";1;0;0;0;0;0;0;0;0;0;2;0;0;0;0
"22/11/2020";"19:19:00";"254";"Acidente c";"323,171";"BR-163/MS";"SUL";"Capotamento";1;0;0;0;0;0;0;0;0;0;0;1;0;0;0
"22/11/2020";"22:16:00";"279";"Acidente s";"494,469";"BR-163/MS";"NORTE";"Colisão com veículos (traseira)";1;0;1;0;0;1;0;0;0;0;7;0;0;0;0
"23/11/2020";"16:39:00";"226";"Acidente s";"463,816";"BR-163/MS";"NORTE";"Colisão lateral no mesmo sentido";1;0;1;0;0;1;0;0;0;0;4;0;0;0;0
"23/11/2020";"17:40:00";"243";"Acidente c";"477,47";"BR-163/MS";"SUL";"Tombamento de moto";0;0;0;1;0;0;0;0;0;0;0;1;0;0;0
"23/11/2020";"18:58:00";"264";"Acidente s";"9,42";"BR-163/MS";"SUL";"Saídas de pista";1;0;0;0;0;0;0;0;0;0;2;0;0;0;0
"24/11/2020";"03:51:00";"17";"Acidente c";"609,823";"BR-163/MS";"NORTE";"Atropelamento de animais";0;0;0;1;0;0;0;0;0;0;0;1;0;0;0
"24/11/2020";"12:13:00";"202";"Acidente c";"806,517";"BR-163/MS";"NORTE";"Engavetamento";1;0;1;0;0;2;0;0;0;1;5;0;1;0;0
"24/11/2020";"22:17:00";"393";"Acidente s";"66";"BR-163/MS";"NORTE";"Atropelamento de animais";1;0;0;0;0;0;0;0;0;0;2;0;0;0;0
"25/11/2020";"04:12:00";"24";"Acidente s";"587,862";"BR-163/MS";"SUL";"Colisão c/ obstáculos";1;0;0;0;0;0;0;0;0;0;2;0;0;0;0
"25/11/2020";"05:08:00";"35";"Acidente s";"487,429";"BR-163/MS";"SUL";"Colisão lateral no mesmo sentido";0;0;1;0;0;2;0;0;0;1;5;0;0;0;0
"25/11/2020";"13:34:00";"205";"Acidente s";"513";"BR-163/MS";"NORTE";"Capotamento";1;0;0;0;0;0;0;0;0;0;1;0;0;0;0
"25/11/2020";"14:07:00";"213";"Acidente c";"484";"BR-163/MS";"NORTE";"Colisão lateral no mesmo sentido";1;0;0;0;0;0;0;0;0;1;2;1;0;0;0
"26/11/2020";"03:14:00";"8";"Acidente c";"476";"BR-163/MS";"NORTE";"Atropelamento de animais";0;0;0;1;0;0;0;0;0;0;0;1;0;0;0
"26/11/2020";"04:23:00";"16";"Acidente s";"173,451";"BR-163/MS";"SUL";"Atropelamento de animais";0;0;1;0;0;1;0;0;0;0;2;0;0;0;0
"26/11/2020";"06:01:00";"28";"Acidente c";"553";"BR-163/MS";"SUL";"Colisão c/ obstáculos";0;0;1;0;0;1;0;0;0;1;4;1;0;0;0
"27/11/2020";"10:49:00";"155";"Acidente c";"85";"BR-163/MS";"SUL";"Capotamento";1;0;0;0;0;0;0;0;0;0;0;1;0;0;0
"27/11/2020";"18:33:00";"294";"Acidente c";"208,353";"BR-163/MS";"NORTE";"Colisão lateral no sentido contrário";1;0;0;0;0;0;0;0;0;1;0;2;0;0;0
"27/11/2020";"23:03:00";"347";"Acidente s";"662,642";"BR-163/MS";"SUL";"Saídas de pista";0;0;0;0;0;0;0;0;0;1;1;0;0;0;0
"28/11/2020";"07:49:00";"80";"Acidente s";"613";"BR-163/MS";"SUL";"Capotamento";1;0;0;0;0;0;0;0;0;0;1;0;0;0;0
"28/11/2020";"11:44:00";"162";"Acidente c";"481";"BR-163/MS";"NORTE";"Colisão lateral no mesmo sentido";0;0;1;1;0;0;0;0;0;0;1;1;0;0;0
"28/11/2020";"17:14:00";"267";"Acidente s";"620,404";"BR-163/MS";"SUL";"Saídas de pista";0;0;0;0;0;0;0;0;0;1;1;0;0;0;0
"28/11/2020";"21:57:00";"325";"Acidente c";"680,352";"BR-163/MS";"NORTE";"Colisão com veículos (frontal)";1;0;0;1;0;0;0;0;0;0;2;1;0;0;0
"29/11/2020";"04:07:00";"23";"Acidente s";"751";"BR-163/MS";"NORTE";"Atropelamento de animais";1;0;0;0;0;0;0;0;0;0;3;0;0;0;0
"29/11/2020";"08:22:00";"69";"Acidente c";"301,744";"BR-163/MS";"SUL";"Tombamento de moto";0;0;0;1;0;0;0;0;0;0;0;2;0;0;0
"29/11/2020";"10:44:00";"108";"Acidente c";"595,451";"BR-163/MS";"NORTE";"Capotamento";0;0;0;0;0;0;0;0;0;1;0;0;0;1;0
"29/11/2020";"12:36:00";"133";"Acidente s";"801";"BR-163/MS";"NORTE";"Colisão com veículos (traseira)";1;0;0;0;0;1;0;0;0;0;2;0;0;0;0
"29/11/2020";"12:52:00";"135";"Acidente c";"218,52";"BR-163/MS";"SUL";"Colisão lateral no mesmo sentido";1;0;1;0;0;0;0;0;0;0;0;7;0;0;0
"29/11/2020";"18:45:00";"217";"Acidente c";"365,518";"BR-163/MS";"NORTE";"Colisão com veículos (frontal)";0;0;0;2;0;0;0;0;0;0;0;2;0;0;0
"29/11/2020";"21:04:00";"236";"Acidente c";"578,528";"BR-163/MS";"NORTE";"Capotamento";1;0;0;0;0;0;0;0;0;0;3;1;0;0;0
"29/11/2020";"23:50:00";"264";"Acidente s";"586,8";"BR-163/MS";"NORTE";"Atropelamento de animais";1;0;0;0;0;0;0;0;0;0;5;0;0;0;0
"30/11/2020";"03:35:00";"13";"Acidente s";"613,685";"BR-163/MS";"NORTE";"Atropelamento de animais";0;0;0;1;0;0;0;0;0;0;1;0;0;0;0
"30/11/2020";"12:46:00";"184";"Acidente s";"291";"BR-163/MS";"NORTE";"Atropelamento de animais";1;0;0;0;0;0;0;0;0;0;1;0;0;0;0
"30/11/2020";"18:37:00";"275";"Acidente s";"430";"BR-163/MS";"NORTE";"Atropelamento de animais";1;0;0;0;0;0;0;0;0;0;1;0;0;0;0
"01/12/2020";"05:00:00";"25";"Acidente c";"596,3";"BR-163/MS";"NORTE";"Tombamento";1;0;0;0;0;0;0;0;0;0;2;1;0;0;0
"01/12/2020";"06:38:00";"41";"Acidente c";"23";"BR-163/MS";"SUL";"Tombamento de moto";0;0;0;1;0;0;0;0;0;0;0;1;0;0;0
"01/12/2020";"07:23:00";"56";"Acidente s";"23";"BR-163/MS";"SUL";"Colisão com veículos (traseira)";1;0;0;0;0;0;0;0;0;1;2;0;0;0;0
"01/12/2020";"08:36:00";"87";"Acidente c";"464";"BR-163/MS";"NORTE";"Tombamento de moto";1;0;0;1;0;0;0;0;0;0;2;1;0;0;0
"01/12/2020";"13:09:00";"185";"Acidente c";"23";"BR-163/MS";"NORTE";"Colisão com veículos (frontal)";1;0;0;1;0;0;0;0;0;0;4;1;0;0;0
"01/12/2020";"18:21:00";"248";"Acidente s";"689,808";"BR-163/MS";"SUL";"Capotamento";1;0;0;0;0;1;0;0;0;0;2;0;0;0;0
"01/12/2020";"18:38:00";"252";"Acidente c";"478,694";"BR-163/MS";"NORTE";"Tombamento de moto";0;0;0;1;0;0;0;0;0;0;0;1;0;0;0
"01/12/2020";"18:42:00";"253";"Acidente c";"730";"BR-163/MS";"NORTE";"Colisão lateral no mesmo sentido";1;0;1;0;0;0;0;0;0;0;1;1;0;0;0
"01/12/2020";"19:13:00";"257";"Acidente s";"515";"BR-163/MS";"SUL";"Colisão c/ obstáculos";1;0;1;0;0;0;0;0;0;0;7;0;0;0;0
"01/12/2020";"22:19:00";"291";"Acidente s";"500,367";"BR-163/MS";"NORTE";"Colisão c/ obstáculos";0;0;1;0;0;0;0;0;0;0;1;0;0;0;0
"02/12/2020";"10:56:00";"193";"Acidente s";"568";"BR-163/MS";"SUL";"Saídas de pista";0;0;1;0;0;1;0;0;0;0;2;0;0;0;0
"02/12/2020";"17:57:00";"332";"Acidente c";"23,148";"BR-163/MS";"NORTE";"Colisão lateral no mesmo sentido";1;0;0;1;0;1;0;0;0;0;5;1;0;0;0
"02/12/2020";"18:39:00";"341";"Acidente c";"483,53";"BR-163/MS";"SUL";"Colisão com veículos (traseira)";1;0;0;1;0;0;0;0;0;0;1;1;0;0;0
"02/12/2020";"22:38:00";"376";"Acidente c";"454,292";"BR-163/MS";"SUL";"Tombamento de moto";0;0;0;1;0;0;0;0;0;0;0;1;0;0;0
"03/12/2020";"01:17:00";"8";"Acidente c";"209,337";"BR-163/MS";"SUL";"Colisão c/ obstáculos";0;0;0;1;0;0;0;0;0;0;0;1;0;0;0
"03/12/2020";"09:48:00";"127";"Acidente c";"485";"BR-163/MS";"NORTE";"Colisão com veículos (traseira)";2;0;0;0;0;0;0;0;0;0;1;1;0;0;0
"03/12/2020";"16:10:00";"241";"Acidente c";"412";"BR-163/MS";"SUL";"Saídas de pista";0;0;1;0;0;0;0;0;0;0;1;0;0;1;0
"03/12/2020";"16:31:00";"253";"Acidente c";"476";"BR-163/MS";"NORTE";"Colisão com veículos (traseira)";0;0;3;0;0;3;0;0;0;1;7;2;0;0;0
"03/12/2020";"19:04:00";"292";"Acidente c";"114";"BR-163/MS";"NORTE";"Colisão c/ obstáculos";1;0;0;0;0;0;0;0;0;0;0;2;0;0;0
"04/12/2020";"02:35:00";"18";"Acidente s";"399,9";"BR-163/MS";"NORTE";"Tombamento";0;0;1;0;0;1;0;0;0;0;2;0;0;0;0
"04/12/2020";"14:05:00";"263";"Acidente s";"354";"BR-163/MS";"NORTE";"Saídas de pista";0;0;0;0;0;0;0;0;0;1;1;0;0;0;0
"04/12/2020";"15:41:00";"283";"Acidente c";"402,3";"BR-163/MS";"SUL";"Tombamento de moto";0;0;0;1;0;0;0;0;0;0;1;1;0;0;0
"05/12/2020";"02:00:00";"10";"Acidente s";"367,5";"BR-163/MS";"NORTE";"Colisão c/ obstáculos";1;0;0;0;0;0;0;0;0;0;1;0;0;0;0
"05/12/2020";"19:49:00";"253";"Acidente s";"444";"BR-163/MS";"SUL";"Atropelamento de animais";1;0;0;0;0;0;0;0;0;0;2;0;0;0;0
"05/12/2020";"23:13:00";"284";"Acidente c";"250";"BR-163/MS";"NORTE";"Colisão com veículos (frontal)";1;0;0;0;0;0;0;0;0;1;1;1;0;0;0
"05/12/2020";"23:57:00";"288";"Acidente c";"484,375";"BR-163/MS";"SUL";"Colisão lateral no mesmo sentido";0;0;0;2;0;0;0;0;0;0;0;1;1;0;0
"06/12/2020";"00:36:00";"5";"Acidente s";"717,232";"BR-163/MS";"NORTE";"Atropelamento de animais";1;0;0;0;0;0;0;0;0;0;2;0;0;0;0
"06/12/2020";"07:21:00";"52";"Acidente s";"53";"BR-163/MS";"SUL";"Colisão c/ obstáculos";1;0;0;0;0;0;0;0;0;0;2;0;0;0;0
"06/12/2020";"10:52:00";"102";"Acidente s";"774";"BR-163/MS";"SUL";"Atropelamento de animais";1;0;0;0;0;0;0;0;0;0;3;0;0;0;0
"06/12/2020";"18:13:00";"210";"Acidente c";"113,253";"BR-163/MS";"NORTE";"Colisão c/ obstáculos";1;0;0;0;0;0;0;0;0;0;0;1;0;0;0
"08/12/2020";"11:01:00";"193";"Acidente c";"754,896";"BR-163/MS";"NORTE";"Engavetamento";2;0;1;0;0;1;0;0;0;2;11;1;0;0;0
"09/12/2020";"20:47:00";"347";"Acidente c";"273,563";"BR-163/MS";"NORTE";"Atropelamento de pedestre";0;1;0;0;1;0;0;0;0;0;1;1;0;0;0
"09/12/2020";"23:48:00";"373";"Acidente c";"797";"BR-163/MS";"SUL";"Colisão com veículos (traseira)";0;0;2;0;0;0;0;0;0;0;1;1;0;0;0
"10/12/2020";"04:13:00";"25";"Acidente c";"180,262";"BR-163/MS";"NORTE";"Colisão com veículos (frontal)";0;0;1;0;0;0;0;0;0;1;1;0;0;0;2
"10/12/2020";"18:04:00";"282";"Acidente s";"140";"BR-163/MS";"SUL";"Colisão com veículos (traseira)";0;0;1;0;0;2;0;0;0;0;3;0;0;0;0
"10/12/2020";"18:23:00";"289";"Acidente s";"481";"BR-163/MS";"SUL";"Colisão lateral no mesmo sentido";1;0;1;0;0;0;0;0;0;0;3;0;0;0;0
"10/12/2020";"20:57:00";"318";"Atropelame";"260";"BR-163/MS";"NORTE";"Atropelamento de pedestre";0;1;0;0;0;1;0;0;0;0;1;1;0;0;0
"11/12/2020";"05:32:00";"36";"Acidente s";"78";"BR-163/MS";"NORTE";"Colisão lateral no mesmo sentido";0;0;1;0;0;0;0;0;0;1;2;0;0;0;0
"11/12/2020";"19:29:00";"333";"Acidente s";"443,143";"BR-163/MS";"NORTE";"Atropelamento de animais";0;0;0;0;0;0;0;0;0;1;1;0;0;0;0
"12/12/2020";"01:56:00";"10";"Acidente s";"389";"BR-163/MS";"SUL";"Saídas de pista";0;0;0;0;0;0;0;0;0;1;1;0;0;0;0
"12/12/2020";"05:16:00";"34";"Acidente s";"172,9";"BR-163/MS";"NORTE";"Colisão lateral no mesmo sentido";1;0;1;0;0;2;0;0;0;0;5;0;0;0;0
"12/12/2020";"11:43:00";"161";"Acidente s";"432,547";"BR-163/MS";"SUL";"Colisão c/ obstáculos";0;0;0;0;0;0;0;0;0;1;3;0;0;0;0
"12/12/2020";"14:02:00";"201";"Acidente c";"77,8";"BR-163/MS";"NORTE";"Colisão lateral no sentido contrário";0;0;0;1;0;0;0;0;0;1;1;0;1;0;0
"12/12/2020";"14:52:00";"226";"Acidente c";"10,9";"BR-163/MS";"SUL";"Tombamento de moto";0;0;0;1;0;0;0;0;0;0;0;1;0;0;0
"12/12/2020";"18:45:00";"288";"Acidente s";"166,87";"BR-163/MS";"NORTE";"Colisão c/ obstáculos";1;0;0;0;0;0;0;0;0;0;2;0;0;0;0
"12/12/2020";"23:20:00";"334";"Acidente c";"0,285";"BR-163/MS";"NORTE";"Tombamento de moto";0;0;0;1;0;0;0;0;0;0;0;1;0;0;0
"13/12/2020";"03:28:00";"18";"Acidente c";"191,865";"BR-163/MS";"NORTE";"Capotamento";0;0;0;0;0;0;0;0;0;1;0;1;1;0;1
"13/12/2020";"08:41:00";"81";"Acidente s";"364,266";"BR-163/MS";"SUL";"Colisão c/ obstáculos";1;0;0;0;0;0;0;0;0;0;2;0;0;0;0
"13/12/2020";"18:22:00";"276";"Acidente s";"266,9";"BR-163/MS";"SUL";"Colisão c/ obstáculos";1;0;0;0;0;1;0;0;0;0;3;0;0;0;0
"13/12/2020";"18:40:00";"280";"Acidente c";"485,149";"BR-163/MS";"NORTE";"Colisão com veículos (traseira)";0;0;1;0;0;0;0;0;0;1;2;1;0;0;0
"13/12/2020";"19:16:00";"295";"Acidente s";"633,876";"BR-163/MS";"NORTE";"Colisão c/ obstáculos";1;0;0;0;0;0;0;0;0;0;1;0;0;0;0
"13/12/2020";"23:36:00";"347";"Acidente s";"692,845";"BR-163/MS";"SUL";"Atropelamento de animais";0;0;0;0;0;0;0;0;0;1;2;0;0;0;0
"14/12/2020";"04:51:00";"22";"Acidente c";"743,4";"BR-163/MS";"SUL";"Atropelamento de animais";0;0;0;1;0;0;0;0;0;0;0;1;0;0;0
"14/12/2020";"05:47:00";"26";"Acidente s";"249";"BR-163/MS";"SUL";"Colisão c/ obstáculos";0;0;0;0;0;0;0;0;0;1;1;0;0;0;0
"14/12/2020";"06:35:00";"39";"Acidente s";"105";"BR-163/MS";"SUL";"Colisão c/ obstáculos";1;0;0;0;0;0;0;0;0;0;2;0;0;0;0
"14/12/2020";"17:21:00";"239";"Acidente s";"471,7";"BR-163/MS";"NORTE";"Colisão lateral no sentido contrário";2;0;0;0;0;0;0;0;0;0;2;0;0;0;0
"14/12/2020";"18:54:00";"257";"Acidente s";"429,65";"BR-163/MS";"NORTE";"Atropelamento de animais";0;0;0;0;0;0;0;0;0;1;2;0;0;0;0
"14/12/2020";"19:34:00";"267";"Acidente s";"747";"BR-163/MS";"SUL";"Atropelamento de animais";0;0;1;0;0;2;0;0;0;0;3;0;0;0;0
"15/12/2020";"00:05:00";"1";"Acidente c";"510,41";"BR-163/MS";"SUL";"Colisão c/ obstáculos";0;0;0;0;0;0;0;0;0;1;2;1;0;0;0
"15/12/2020";"06:40:00";"43";"Acidente s";"136,735";"BR-163/MS";"NORTE";"Saídas de pista";0;0;0;0;0;0;0;0;0;1;1;0;0;0;0
"15/12/2020";"15:23:00";"252";"Acidente s";"442,86";"BR-163/MS";"SUL";"Engavetamento";1;0;1;0;1;0;0;0;0;1;22;0;0;0;0
"15/12/2020";"17:54:00";"298";"Acidente s";"481,689";"BR-163/MS";"SUL";"Colisão com veículos (traseira)";1;0;0;0;0;0;0;0;0;1;4;0;0;0;0
"15/12/2020";"23:36:00";"350";"Acidente s";"55,46";"BR-163/MS";"SUL";"Capotamento";0;0;0;0;0;0;0;0;0;1;1;0;0;0;0
"16/12/2020";"00:01:00";"2";"Acidente s";"275,255";"BR-163/MS";"NORTE";"Saídas de pista";0;0;0;0;0;0;0;0;0;1;1;0;0;0;0
"16/12/2020";"03:09:00";"11";"Acidente s";"509";"BR-163/MS";"SUL";"Atropelamento de animais";1;0;0;0;0;0;0;0;0;0;1;0;0;0;0
"16/12/2020";"04:06:00";"22";"Acidente s";"293,446";"BR-163/MS";"NORTE";"Atropelamento de animais";1;0;0;0;0;0;0;0;0;0;4;0;0;0;0
"16/12/2020";"11:05:00";"176";"Acidente c";"485";"BR-163/MS";"SUL";"Colisão com veículos (traseira)";1;0;1;0;0;2;0;0;0;0;6;1;0;0;0
"16/12/2020";"18:46:00";"308";"Acidente s";"173,57";"BR-163/MS";"NORTE";"Colisão com veículos (traseira)";1;0;0;0;0;0;0;0;0;1;2;0;0;0;0
"17/12/2020";"00:53:00";"5";"Acidente s";"693,727";"BR-163/MS";"NORTE";"Atropelamento de animais";0;0;0;0;0;1;0;0;0;1;5;0;0;0;0
"17/12/2020";"12:29:00";"235";"Acidente s";"468,556";"BR-163/MS";"SUL";"Colisão c/ obstáculos";0;0;1;0;0;0;0;0;0;0;1;0;0;0;0
"17/12/2020";"19:18:00";"358";"Acidente s";"572,71";"BR-163/MS";"SUL";"Atropelamento de animais";1;0;0;0;0;0;0;0;0;0;1;0;0;0;0
"18/12/2020";"08:20:00";"147";"Acidente s";"461,554";"BR-163/MS";"SUL";"Tombamento de moto";0;0;0;1;0;0;0;0;0;0;1;0;0;0;0
"18/12/2020";"08:46:00";"159";"Acidente s";"672,1";"BR-163/MS";"SUL";"Colisão lateral no mesmo sentido";2;0;0;0;0;0;0;0;0;0;8;0;0;0;0
"18/12/2020";"09:08:00";"174";"Acidente s";"723";"BR-163/MS";"NORTE";"Colisão lateral no sentido contrário";1;0;1;0;0;0;0;0;0;0;7;0;0;0;0
"18/12/2020";"13:46:00";"281";"Acidente s";"365";"BR-163/MS";"SUL";"Colisão com veículos (traseira)";2;0;0;0;0;0;0;0;0;0;6;0;0;0;0
"18/12/2020";"15:40:00";"316";"Acidente s";"263";"BR-163/MS";"SUL";"Colisão com veículos (traseira)";2;0;0;0;0;0;0;0;0;0;3;0;0;0;0
"18/12/2020";"19:28:00";"374";"Acidente s";"555,927";"BR-163/MS";"SUL";"Saídas de pista";0;0;1;0;0;0;0;0;0;0;2;0;0;0;0
"18/12/2020";"20:01:00";"383";"Acidente s";"600";"BR-163/MS";"SUL";"Atropelamento de animais";1;0;0;0;0;0;0;0;0;0;1;0;0;0;0
"18/12/2020";"20:52:00";"391";"Acidente s";"597";"BR-163/MS";"NORTE";"Colisão com veículos (traseira)";1;0;0;0;0;1;0;0;0;0;3;0;0;0;0
"19/12/2020";"06:24:00";"56";"Acidente s";"173";"BR-163/MS";"SUL";"Colisão lateral no mesmo sentido";1;0;2;0;0;0;0;0;0;0;4;0;0;0;0
"19/12/2020";"06:44:00";"66";"Acidente s";"373,468";"BR-163/MS";"NORTE";"Colisão com veículos (traseira)";0;0;2;0;0;1;0;0;0;0;3;0;0;0;0
"19/12/2020";"07:20:00";"74";"Acidente s";"471,126";"BR-163/MS";"SUL";"Colisão com veículos (traseira)";1;0;0;0;0;0;0;0;0;1;3;0;0;0;0
"19/12/2020";"07:44:00";"83";"Acidente c";"258,149";"BR-163/MS";"SUL";"Colisão lateral no mesmo sentido";0;0;0;1;0;0;0;0;0;1;1;1;0;0;0
"19/12/2020";"08:55:00";"114";"Acidente c";"477,365";"BR-163/MS";"SUL";"Colisão lateral no sentido contrário";2;0;0;0;0;0;0;0;0;0;2;1;0;0;0
"19/12/2020";"11:12:00";"168";"Acidente s";"484,296";"BR-163/MS";"SUL";"Colisão com veículos (traseira)";1;0;0;0;0;0;0;0;0;1;2;0;0;0;0
"19/12/2020";"12:57:00";"211";"Acidente s";"522";"BR-163/MS";"NORTE";"Tombamento de moto";0;0;0;1;0;0;0;0;0;0;2;0;0;0;0
"19/12/2020";"18:51:00";"326";"Acidente s";"480,8";"BR-163/MS";"NORTE";"Saídas de pista";1;0;0;0;0;0;0;0;0;0;2;0;0;0;0
"19/12/2020";"21:24:00";"366";"Acidente s";"511";"BR-163/MS";"NORTE";"Saídas de pista";1;0;0;0;0;0;0;0;0;0;4;0;0;0;0
"19/12/2020";"21:38:00";"369";"Acidente s";"256";"BR-163/MS";"NORTE";"Saídas de pista";1;0;0;0;0;0;0;0;0;0;2;0;0;0;0
"19/12/2020";"23:04:00";"381";"Acidente s";"420";"BR-163/MS";"NORTE";"Atropelamento de animais";1;0;0;0;0;0;0;0;0;0;2;0;0;0;0
"19/12/2020";"23:41:00";"393";"Acidente s";"836";"BR-163/MS";"NORTE";"Atropelamento de animais";1;0;0;0;0;0;0;0;0;0;2;0;0;0;0
"20/12/2020";"09:23:00";"131";"Acidente s";"617";"BR-163/MS";"NORTE";"Colisão com veículos (traseira)";1;0;0;0;0;0;0;0;0;1;2;0;0;0;0
"20/12/2020";"10:41:00";"151";"Acidente c";"478";"BR-163/MS";"SUL";"Colisão com veículos (traseira)";1;0;0;1;0;0;0;0;0;0;1;2;0;0;0
"20/12/2020";"10:47:00";"153";"Acidente s";"606,379";"BR-163/MS";"NORTE";"Colisão c/ obstáculos";1;0;0;0;0;0;0;0;0;0;1;0;0;0;0
"20/12/2020";"11:13:00";"159";"Acidente c";"479,115";"BR-163/MS";"NORTE";"Colisão com veículos (traseira)";0;0;0;1;0;0;0;0;0;1;5;1;1;0;0
"20/12/2020";"12:23:00";"182";"Acidente s";"24";"BR-163/MS";"SUL";"Colisão com veículos (traseira)";1;0;0;0;0;0;0;0;0;1;5;0;0;0;0
"20/12/2020";"15:17:00";"225";"Acidente s";"784,44";"BR-163/MS";"NORTE";"Saídas de pista";1;0;0;0;0;0;0;0;0;0;2;0;0;0;0
"20/12/2020";"21:53:00";"344";"Acidente s";"785";"BR-163/MS";"NORTE";"Atropelamento de animais";1;0;0;0;0;0;0;0;0;0;2;0;0;0;0
"20/12/2020";"21:53:00";"343";"Acidente c";"473";"BR-163/MS";"SUL";"Tombamento";0;1;0;0;0;0;0;0;0;0;0;1;0;0;0
"20/12/2020";"21:57:00";"346";"Acidente s";"431,831";"BR-163/MS";"NORTE";"Atropelamento de animais";1;0;0;0;0;0;0;0;0;0;1;0;0;0;0
"20/12/2020";"22:46:00";"351";"Acidente s";"382,5";"BR-163/MS";"NORTE";"Atropelamento de animais";0;0;1;0;0;1;0;0;0;0;3;0;0;0;0
"20/12/2020";"23:53:00";"355";"Acidente s";"508,51";"BR-163/MS";"NORTE";"Atropelamento de animais";1;0;0;0;0;0;0;0;0;0;2;0;0;0;0
"21/12/2020";"08:57:00";"102";"Acidente s";"498";"BR-163/MS";"NORTE";"Colisão lateral no mesmo sentido";1;0;1;0;0;0;0;0;0;0;4;0;0;0;0
"21/12/2020";"11:20:00";"156";"Acidente s";"506";"BR-163/MS";"NORTE";"Saídas de pista";1;0;0;0;0;0;0;0;0;0;5;0;0;0;0
"21/12/2020";"16:00:00";"239";"Acidente s";"371";"BR-163/MS";"SUL";"Saídas de pista";1;0;0;0;0;0;0;0;0;0;1;0;0;0;0
"21/12/2020";"19:56:00";"291";"Acidente s";"574";"BR-163/MS";"NORTE";"Colisão lateral no mesmo sentido";1;0;1;0;0;0;0;0;0;0;2;0;0;0;0
"21/12/2020";"21:04:00";"295";"Acidente s";"677";"BR-163/MS";"NORTE";"Tombamento de moto";0;0;0;1;0;1;0;0;0;0;2;0;0;0;0
"22/12/2020";"04:17:00";"22";"Acidente s";"600,412";"BR-163/MS";"NORTE";"Atropelamento de animais";0;0;0;0;1;0;0;0;0;0;15;0;0;0;0
"22/12/2020";"04:25:00";"23";"Acidente s";"186,279";"BR-163/MS";"SUL";"Tombamento";0;0;1;0;0;0;0;0;0;0;1;0;0;0;0
"22/12/2020";"13:46:00";"224";"Acidente c";"725";"BR-163/MS";"NORTE";"Colisão lateral no sentido contrário";0;0;1;0;0;0;0;0;0;1;1;3;0;0;0
"22/12/2020";"15:49:00";"266";"Acidente c";"612";"BR-163/MS";"NORTE";"Engavetamento";2;0;1;0;0;0;0;0;0;2;3;1;1;0;0
"22/12/2020";"16:05:00";"283";"Acidente s";"586";"BR-163/MS";"NORTE";"Saídas de pista";0;0;1;0;0;0;0;0;0;0;2;0;0;0;0
"22/12/2020";"16:54:00";"305";"Acidente s";"646,6";"BR-163/MS";"NORTE";"Colisão lateral no mesmo sentido";2;0;0;0;0;0;0;0;0;0;6;0;0;0;0
"22/12/2020";"21:11:00";"361";"Acidente c";"487,487";"BR-163/MS";"NORTE";"Tombamento de moto";0;0;0;1;0;0;0;0;0;0;0;1;0;0;0
"22/12/2020";"21:16:00";"362";"Acidente s";"514";"BR-163/MS";"SUL";"Atropelamento de animais";1;0;0;0;0;0;0;0;0;0;1;0;0;0;0
"22/12/2020";"21:33:00";"364";"Acidente s";"514,123";"BR-163/MS";"NORTE";"Atropelamento de animais";1;0;0;0;0;0;0;0;0;0;3;0;0;0;0
"23/12/2020";"04:46:00";"54";"Acidente s";"693,411";"BR-163/MS";"NORTE";"Atropelamento de animais";1;0;0;0;0;0;0;0;0;0;4;0;0;0;0
"23/12/2020";"13:45:00";"280";"Acidente s";"458,8";"BR-163/MS";"SUL";"Engavetamento";3;0;0;0;0;0;0;0;0;0;5;0;0;0;0
"23/12/2020";"20:16:00";"409";"Acidente s";"585";"BR-163/MS";"NORTE";"Saídas de pista";1;0;0;0;0;0;0;0;0;0;4;0;0;0;0
"23/12/2020";"22:36:00";"428";"Acidente s";"38";"BR-163/MS";"NORTE";"Colisão com veículos (traseira)";2;0;0;0;0;0;0;0;0;0;3;0;0;0;0
"24/12/2020";"00:49:00";"10";"Acidente s";"388,376";"BR-163/MS";"NORTE";"Atropelamento de animais";1;0;0;0;0;0;0;0;0;0;1;0;0;0;0
"24/12/2020";"16:26:00";"257";"Acidente s";"498,6";"BR-163/MS";"SUL";"Tombamento de moto";0;0;0;1;0;0;0;0;0;0;1;0;0;0;0
"24/12/2020";"17:42:00";"281";"Acidente s";"492,649";"BR-163/MS";"NORTE";"Capotamento";1;0;0;0;0;0;0;0;0;0;1;0;0;0;0
"24/12/2020";"20:03:00";"315";"Acidente s";"258,412";"BR-163/MS";"SUL";"Colisão c/ obstáculos";1;0;0;0;0;0;0;0;0;0;1;0;0;0;0
"24/12/2020";"23:29:00";"340";"Acidente s";"405,475";"BR-163/MS";"NORTE";"Colisão c/ obstáculos";1;0;0;0;0;0;0;0;0;0;1;0;0;0;0
"25/12/2020";"03:34:00";"12";"Acidente s";"270";"BR-163/MS";"SUL";"Saídas de pista";1;0;0;0;0;0;0;0;0;0;1;0;0;0;0