data;horario;n_da_ocorrencia;tipo_de_ocorrencia;km;trecho;sentido;tipo_de_acidente;automovel;bicicleta;caminhao;moto;onibus;outros;tracao_animal;transporte_de_cargas_especiais;trator_maquinas;utilitarios;ilesos;levemente_feridos;moderadamente_feridos;gravemente_feridos;mortos
"03/05/2021";"12:20:00";"181";"Acidente s";"21,6";"BR-163/MS";"NORTE";"Colisão com veículos (traseira)";0;0;0;0;0;1;0;0;0;2;4;0;0;0;0
"03/05/2021";"17:27:00";"275";"Acidente s";"256";"BR-163/MS";"NORTE";"Colisão lateral no mesmo sentido";1;0;1;0;0;1;0;0;0;0;6;0;0;0;0
"04/05/2021";"06:08:00";"29";"Acidente c";"507,34";"BR-163/MS";"NORTE";"Colisão lateral no sentido contrário";1;0;1;0;0;0;0;0;0;0;2;1;1;0;1
"04/05/2021";"06:53:00";"43";"Acidente s";"286,417";"BR-163/MS";"NORTE";"Atropelamento de animais";0;0;0;0;0;0;0;0;0;1;1;0;0;0;0
"04/05/2021";"07:26:00";"58";"Acidente c";"481,727";"BR-163/MS";"NORTE";"Colisão lateral no mesmo sentido";0;0;1;0;1;0;0;0;0;0;1;1;0;0;0
"04/05/2021";"16:55:00";"285";"Acidente s";"332,756";"BR-163/MS";"NORTE";"Colisão lateral no mesmo sentido";1;0;1;0;0;0;0;0;0;1;3;0;0;0;0
"04/05/2021";"19:50:00";"335";"Acidente s";"76,648";"BR-163/MS";"NORTE";"Colisão com veículos (traseira)";1;0;1;0;0;0;0;0;0;0;2;0;0;0;0
"05/05/2021";"02:43:00";"20";"Acidente s";"152,188";"BR-163/MS";"NORTE";"Atropelamento de animais";0;0;0;0;0;0;0;0;0;1;4;0;0;0;0
"05/05/2021";"10:02:00";"156";"Acidente c";"468";"BR-163/MS";"NORTE";"Capotamento";1;0;0;0;0;0;0;0;0;0;0;0;1;0;0
"05/05/2021";"15:20:00";"269";"Acidente c";"581,9";"BR-163/MS";"NORTE";"Tombamento";0;0;1;0;0;1;0;0;0;0;1;1;0;0;0
"06/05/2021";"07:44:00";"80";"Acidente c";"181,969";"BR-163/MS";"NORTE";"Tombamento de moto";0;0;0;1;0;0;0;0;0;0;0;0;1;0;0
"06/05/2021";"17:37:00";"303";"Acidente s";"480,321";"BR-163/MS";"SUL";"Engavetamento";1;0;1;1;0;0;0;0;0;0;5;0;0;0;0
"06/05/2021";"19:12:00";"326";"Acidente s";"11,834";"BR-163/MS";"NORTE";"Colisão c/ obstáculos";1;0;0;0;0;1;0;0;0;0;2;0;0;0;0
"07/05/2021";"03:56:00";"23";"Acidente s";"26,765";"BR-163/MS";"SUL";"Atropelamento de animais";0;0;0;0;0;0;0;0;0;1;5;0;0;0;0
"07/05/2021";"05:47:00";"35";"Acidente c";"361,61";"BR-163/MS";"NORTE";"Colisão lateral no sentido contrário";1;0;1;0;0;0;0;0;0;0;1;1;0;0;0
"07/05/2021";"13:09:00";"186";"Acidente s";"657";"BR-163/MS";"NORTE";"Colisão c/ obstáculos";1;0;0;0;0;0;0;0;0;0;1;0;0;0;0
"07/05/2021";"14:47:00";"223";"Acidente s";"158,569";"BR-163/MS";"NORTE";"Colisão com veículos (traseira)";2;0;0;0;0;1;0;0;0;0;3;0;0;0;0
"08/05/2021";"02:12:00";"9";"Acidente s";"281,3";"BR-163/MS";"SUL";"Colisão c/ obstáculos";1;0;0;0;0;0;0;0;0;0;1;0;0;0;0
"08/05/2021";"02:38:00";"10";"Acidente s";"735,589";"BR-163/MS";"SUL";"Saídas de pista";1;0;0;0;0;0;0;0;0;0;3;0;0;0;0
"08/05/2021";"07:23:00";"56";"Acidente s";"1,9";"BR-163/MS";"NORTE";"Colisão com veículos (traseira)";2;0;0;0;0;0;0;0;0;0;5;0;0;0;0
"08/05/2021";"11:54:00";"158";"Acidente c";"270";"BR-163/MS";"NORTE";"Colisão c/ obstáculos";0;1;1;0;0;0;0;0;0;0;1;1;0;0;0
"08/05/2021";"13:08:00";"178";"Acidente c";"356,6";"BR-163/MS";"SUL";"Colisão com veículos (traseira)";0;0;1;1;0;2;0;0;0;1;4;0;1;0;0
"09/05/2021";"00:02:00";"1";"Acidente c";"222,497";"BR-163/MS";"SUL";"Colisão com veículos (traseira)";0;0;0;1;0;0;0;0;0;1;1;0;1;0;0
"09/05/2021";"17:14:00";"224";"Acidente c";"275,59";"BR-163/MS";"SUL";"Tombamento de moto";0;0;0;1;0;0;0;0;0;0;0;1;0;0;0
"09/05/2021";"18:18:00";"240";"Acidente c";"726,842";"BR-163/MS";"NORTE";"Colisão com veículos (traseira)";0;0;0;1;0;0;0;0;0;0;0;1;0;0;0
"09/05/2021";"18:43:00";"245";"Acidente c";"462,824";"BR-163/MS";"NORTE";"Colisão com veículos (traseira)";3;0;0;0;0;0;0;0;0;0;3;2;0;0;0
"10/05/2021";"01:34:00";"8";"Acidente s";"424,4";"BR-163/MS";"NORTE";"Atropelamento de animais";1;0;0;0;0;0;0;0;0;0;1;0;0;0;0
"10/05/2021";"07:06:00";"47";"Acidente c";"470,697";"BR-163/MS";"SUL";"Tombamento";0;1;0;0;0;0;0;0;0;0;0;1;0;0;0
"10/05/2021";"13:03:00";"186";"Acidente c";"725";"BR-163/MS";"NORTE";"Tombamento de moto";0;0;0;1;0;0;0;0;0;0;1;1;0;0;0
"10/05/2021";"14:16:00";"207";"Acidente c";"418,147";"BR-163/MS";"NORTE";"Colisão com veículos (traseira)";0;1;1;0;0;0;0;0;0;0;1;0;0;1;0
"10/05/2021";"16:45:00";"250";"Acidente s";"126";"BR-163/MS";"NORTE";"Colisão c/ obstáculos";1;0;0;0;0;0;0;0;0;0;2;0;0;0;0
"11/05/2021";"04:57:00";"29";"Acidente s";"569,107";"BR-163/MS";"SUL";"Atropelamento de animais";0;0;0;0;0;0;0;0;0;1;2;0;0;0;0
"11/05/2021";"05:03:00";"30";"Acidente s";"372,428";"BR-163/MS";"SUL";"Atropelamento de animais";1;0;0;0;0;0;0;0;0;0;3;0;0;0;0
"12/05/2021";"07:07:00";"51";"Acidente s";"19,268";"BR-163/MS";"NORTE";"Saídas de pista";1;0;0;0;0;0;0;0;0;0;1;0;0;0;0
"12/05/2021";"12:55:00";"204";"Acidente s";"841,364";"BR-163/MS";"SUL";"Colisão com veículos (traseira)";1;0;1;0;0;2;0;0;0;0;4;0;0;0;0
"12/05/2021";"15:13:00";"248";"Acidente s";"472,7";"BR-163/MS";"NORTE";"Colisão lateral no sentido contrário";2;0;0;0;0;0;0;0;0;0;2;0;0;0;0
"12/05/2021";"17:55:00";"293";"Acidente c";"475,838";"BR-163/MS";"NORTE";"Colisão com veículos (traseira)";0;0;0;2;0;0;0;0;0;0;1;1;0;0;0
"13/05/2021";"02:20:00";"16";"Acidente s";"151,835";"BR-163/MS";"NORTE";"Tombamento";0;0;1;0;0;0;0;0;0;0;1;0;0;0;0
"13/05/2021";"16:28:00";"224";"Acidente s";"670";"BR-163/MS";"NORTE";"Colisão c/ obstáculos";0;0;0;0;0;0;0;0;0;1;4;0;0;0;0
"13/05/2021";"16:42:00";"231";"Acidente c";"759";"BR-163/MS";"NORTE";"Capotamento";0;0;0;0;0;0;0;0;0;1;0;2;0;0;0
"13/05/2021";"17:50:00";"238";"Acidente s";"489,894";"BR-163/MS";"NORTE";"Colisão lateral no mesmo sentido";2;0;0;0;0;1;0;0;0;0;3;0;0;0;0
"13/05/2021";"19:59:00";"260";"Acidente s";"616,387";"BR-163/MS";"SUL";"Colisão lateral no mesmo sentido";0;0;1;0;0;0;0;0;0;1;2;0;0;0;0
"14/05/2021";"00:18:00";"2";"Acidente s";"382,153";"BR-163/MS";"NORTE";"Atropelamento de animais";0;0;0;0;0;0;0;0;0;1;1;0;0;0;0
"15/05/2021";"19:09:00";"234";"Acidente s";"270,417";"BR-163/MS";"NORTE";"Saídas de pista";1;0;0;0;0;0;0;0;0;0;3;0;0;0;0
"16/05/2021";"00:50:00";"5";"Acidente s";"117,635";"BR-163/MS";"SUL";"Colisão lateral no mesmo sentido";1;0;1;0;0;2;0;0;0;0;8;0;0;0;0
"16/05/2021";"01:26:00";"7";"Acidente s";"462";"BR-163/MS";"NORTE";"Saídas de pista";0;0;0;0;0;0;0;0;0;1;2;0;0;0;0
"16/05/2021";"09:30:00";"85";"Acidente s";"394";"BR-163/MS";"NORTE";"Colisão lateral no mesmo sentido";0;0;1;0;0;0;0;0;0;1;3;0;0;0;0
"16/05/2021";"12:58:00";"125";"Acidente s";"574,774";"BR-163/MS";"NORTE";"Saídas de pista";1;0;0;0;0;0;0;0;0;0;2;0;0;0;0
"16/05/2021";"16:11:00";"170";"Acidente c";"680,433";"BR-163/MS";"NORTE";"Colisão com veículos (traseira)";1;0;0;1;0;0;0;0;0;0;2;1;0;0;0
"17/05/2021";"12:14:00";"161";"Acidente c";"610";"BR-163/MS";"SUL";"Tombamento de moto";0;0;0;1;0;0;0;0;0;0;0;2;0;0;0
"17/05/2021";"12:49:00";"167";"Acidente s";"97,245";"BR-163/MS";"NORTE";"Tombamento";0;0;1;0;0;2;0;0;0;0;3;0;0;0;0
"17/05/2021";"16:53:00";"225";"Acidente s";"483";"BR-163/MS";"NORTE";"Colisão com veículos (frontal)";1;0;1;0;0;1;0;0;0;0;3;0;0;0;0
"17/05/2021";"17:51:00";"239";"Acidente c";"728,859";"BR-163/MS";"NORTE";"Colisão lateral no mesmo sentido";1;0;0;1;0;0;0;0;0;0;1;0;1;0;0
"17/05/2021";"22:47:00";"278";"Acidente c";"383,853";"BR-163/MS";"SUL";"Atropelamento de animais";1;0;0;0;0;0;0;0;0;0;0;1;0;0;0
"18/05/2021";"15:48:00";"258";"Acidente s";"485,703";"BR-163/MS";"SUL";"Colisão com veículos (traseira)";0;0;1;0;0;2;0;0;0;1;4;0;0;0;0
"18/05/2021";"16:44:00";"286";"Acidente c";"597,117";"BR-163/MS";"SUL";"Capotamento";1;0;0;0;0;0;0;0;0;0;0;2;0;0;0
"18/05/2021";"18:34:00";"317";"Atropelame";"512,676";"BR-163/MS";"NORTE";"Atropelamento de pedestre";1;0;0;0;0;0;0;0;0;1;2;0;0;0;1
"18/05/2021";"19:35:00";"332";"Acidente c";"796,726";"BR-163/MS";"SUL";"Colisão com veículos (frontal)";0;0;1;1;0;0;0;0;0;0;1;0;0;0;1
"20/05/2021";"07:14:00";"62";"Acidente s";"365,127";"BR-163/MS";"SUL";"Colisão com veículos (traseira)";0;0;2;0;0;4;0;0;0;0;6;0;0;0;0
"20/05/2021";"17:31:00";"314";"Acidente c";"266,997";"BR-163/MS";"SUL";"Colisão com veículos (traseira)";0;0;0;1;0;0;0;0;0;1;1;1;0;0;0
"21/05/2021";"05:38:00";"31";"Acidente s";"470,59";"BR-163/MS";"SUL";"Colisão lateral no mesmo sentido";0;0;1;0;0;3;0;0;0;1;5;0;0;0;0
"21/05/2021";"08:22:00";"117";"Acidente c";"608,82";"BR-163/MS";"NORTE";"Colisão com veículos (traseira)";0;0;2;0;0;1;0;0;0;0;2;1;0;0;0
"21/05/2021";"09:34:00";"149";"Acidente s";"37,4";"BR-163/MS";"SUL";"Engavetamento";3;0;0;0;0;0;0;0;0;0;5;0;0;0;0
"21/05/2021";"22:12:00";"352";"Atropelame";"209,614";"BR-163/MS";"NORTE";"Atropelamento de pedestre";0;0;0;1;0;0;0;0;0;0;1;2;0;0;0
"21/05/2021";"23:21:00";"361";"Acidente c";"728,1";"BR-163/MS";"SUL";"Atropelamento de animais";1;0;0;0;0;0;0;0;0;0;0;1;0;0;0
"22/05/2021";"03:22:00";"15";"Acidente s";"381,4";"BR-163/MS";"SUL";"Atropelamento de animais";1;0;0;0;0;0;0;0;0;0;2;0;0;0;0
"22/05/2021";"09:40:00";"107";"Acidente c";"363,944";"BR-163/MS";"NORTE";"Tombamento";0;0;1;0;0;1;0;0;0;0;1;1;0;0;0
"22/05/2021";"11:52:00";"139";"Acidente c";"568,668";"BR-163/MS";"NORTE";"Colisão com veículos (frontal)";0;0;2;0;0;1;0;0;0;0;1;1;0;0;2
"23/05/2021";"05:01:00";"14";"Acidente s";"323,191";"BR-163/MS";"NORTE";"Tombamento";1;0;0;0;0;0;0;0;0;0;1;0;0;0;0
"23/05/2021";"18:51:00";"229";"Acidente c";"131,125";"BR-163/MS";"SUL";"Colisão com veículos (frontal)";0;0;1;1;0;1;0;0;0;0;2;0;1;0;0
"23/05/2021";"19:33:00";"236";"Acidente s";"172,755";"BR-163/MS";"SUL";"Atropelamento de animais";1;0;0;0;0;0;0;0;0;0;2;0;0;0;0
"23/05/2021";"19:40:00";"237";"Acidente c";"258,9";"BR-163/MS";"SUL";"Colisão com veículos (traseira)";0;0;0;1;0;1;0;0;0;1;2;1;0;0;0
"23/05/2021";"23:33:00";"271";"Acidente s";"219,9";"BR-163/MS";"SUL";"Atropelamento de animais";0;0;0;0;0;0;0;0;0;1;2;0;0;0;0
"25/05/2021";"07:33:00";"65";"Acidente c";"679,6";"BR-163/MS";"NORTE";"Colisão c/ obstáculos";0;1;0;0;0;0;0;0;0;0;0;0;1;0;0
"25/05/2021";"11:14:00";"153";"Acidente s";"484,6";"BR-163/MS";"NORTE";"Colisão lateral no mesmo sentido";2;0;0;0;0;0;0;0;0;0;4;0;0;0;0
"25/05/2021";"11:32:00";"158";"Acidente s";"453,432";"BR-163/MS";"NORTE";"Saídas de pista";0;0;1;0;0;0;0;0;0;0;3;0;0;0;0
"26/05/2021";"05:13:00";"30";"Acidente c";"266,854";"BR-163/MS";"NORTE";"Tombamento de moto";0;0;0;1;0;1;0;0;0;0;1;0;1;0;0
"26/05/2021";"16:56:00";"288";"Acidente s";"642,316";"BR-163/MS";"SUL";"Saídas de pista";0;0;1;0;0;0;0;0;0;0;1;0;0;0;0
"26/05/2021";"17:54:00";"298";"Acidente s";"485";"BR-163/MS";"NORTE";"Engavetamento";4;0;0;0;0;0;0;0;0;1;10;0;0;0;0
"26/05/2021";"18:05:00";"299";"Acidente s";"35,9";"BR-163/MS";"NORTE";"Atropelamento de animais";1;0;0;0;0;0;0;0;0;0;2;0;0;0;0
"26/05/2021";"18:45:00";"302";"Acidente s";"226,931";"BR-163/MS";"NORTE";"Atropelamento de animais";1;0;0;0;0;0;0;0;0;0;1;0;0;0;0
"27/05/2021";"12:32:00";"207";"Acidente s";"512";"BR-163/MS";"NORTE";"Colisão com veículos (traseira)";0;0;2;0;0;3;0;0;0;0;5;0;0;0;0
"27/05/2021";"19:40:00";"301";"Acidente s";"500,512";"BR-163/MS";"SUL";"Capotamento";0;0;1;0;0;1;0;0;0;1;4;0;0;0;0
"27/05/2021";"21:07:00";"311";"Acidente s";"278,755";"BR-163/MS";"NORTE";"Colisão c/ obstáculos";1;0;0;0;0;0;0;0;0;0;1;0;0;0;0
"27/05/2021";"23:16:00";"326";"Acidente s";"596,193";"BR-163/MS";"SUL";"Tombamento";0;0;1;0;0;2;0;0;0;0;3;0;0;0;0
"28/05/2021";"05:54:00";"21";"Acidente c";"614,208";"BR-163/MS";"SUL";"Colisão com veículos (traseira)";0;0;0;1;0;1;0;0;0;0;1;1;0;0;0
"28/05/2021";"20:01:00";"334";"Acidente c";"492,512";"BR-163/MS";"NORTE";"Capotamento";0;0;0;0;0;0;0;0;0;1;0;2;0;0;0
"29/05/2021";"02:51:00";"18";"Acidente s";"498,734";"BR-163/MS";"SUL";"Saídas de pista";1;0;0;0;0;0;0;0;0;0;1;0;0;0;0
"29/05/2021";"04:41:00";"25";"Acidente c";"476,908";"BR-163/MS";"SUL";"Colisão com veículos (frontal)";2;0;0;0;0;0;0;0;0;0;0;3;0;0;1
"29/05/2021";"07:01:00";"43";"Acidente s";"484";"BR-163/MS";"NORTE";"Colisão com veículos (traseira)";1;0;0;0;0;0;0;0;0;1;4;0;0;0;0
"29/05/2021";"19:04:00";"221";"Acidente c";"482,817";"BR-163/MS";"SUL";"Tombamento de moto";0;0;0;1;0;0;0;0;0;0;0;2;0;0;0
"29/05/2021";"20:40:00";"239";"Acidente s";"124,801";"BR-163/MS";"NORTE";"Colisão c/ obstáculos";0;0;0;0;0;0;0;0;0;1;1;0;0;0;0
"29/05/2021";"20:48:00";"242";"Acidente s";"23,192";"BR-163/MS";"NORTE";"Colisão lateral no sentido contrário";0;0;1;0;0;0;0;0;0;1;2;0;0;0;0
"29/05/2021";"22:09:00";"259";"Acidente c";"731,966";"BR-163/MS";"NORTE";"Tombamento de moto";0;0;0;1;0;1;0;0;0;0;1;0;0;1;0
"29/05/2021";"22:10:00";"260";"Acidente s";"341,706";"BR-163/MS";"SUL";"Colisão com veículos (traseira)";0;0;2;0;0;2;0;0;0;0;4;0;0;0;0
"30/05/2021";"02:09:00";"8";"Acidente s";"272,957";"BR-163/MS";"NORTE";"Colisão c/ obstáculos";1;0;0;0;0;0;0;0;0;0;2;0;0;0;0
"30/05/2021";"05:55:00";"23";"Acidente s";"100,45";"BR-163/MS";"NORTE";"Colisão lateral no mesmo sentido";1;0;1;0;0;1;0;0;0;0;7;0;0;0;0
"30/05/2021";"11:51:00";"121";"Acidente s";"110,115";"BR-163/MS";"SUL";"Saídas de pista";1;0;0;0;0;0;0;0;0;0;1;0;0;0;0
"30/05/2021";"19:08:00";"232";"Acidente s";"436,793";"BR-163/MS";"NORTE";"Atropelamento de animais";0;0;0;0;0;0;0;0;0;1;1;0;0;0;0
"30/05/2021";"21:39:00";"262";"Acidente s";"410,151";"BR-163/MS";"SUL";"Capotamento";1;0;0;0;0;0;0;0;0;0;1;0;0;0;0
"31/05/2021";"06:55:00";"45";"Acidente c";"492,307";"BR-163/MS";"NORTE";"Tombamento de moto";0;0;0;1;0;0;0;0;0;0;0;0;1;0;0
"31/05/2021";"17:38:00";"242";"Acidente c";"486,48";"BR-163/MS";"SUL";"Colisão lateral no sentido contrário";1;0;0;1;0;0;0;0;0;0;1;0;1;0;0
"31/05/2021";"17:48:00";"246";"Acidente c";"217,49";"BR-163/MS";"NORTE";"Colisão com veículos (frontal)";0;0;2;0;0;1;0;0;0;0;2;1;0;0;0
"31/05/2021";"17:55:00";"247";"Acidente s";"486,48";"BR-163/MS";"NORTE";"Colisão lateral no sentido contrário";1;0;1;0;0;0;0;0;0;0;2;0;0;0;0
"31/05/2021";"19:31:00";"261";"Acidente s";"6,826";"BR-163/MS";"SUL";"Colisão c/ obstáculos";0;0;0;0;0;0;0;0;0;1;2;0;0;0;0
"01/06/2021";"07:11:00";"41";"Acidente s";"225,22";"BR-163/MS";"NORTE";"Colisão com veículos (traseira)";0;0;2;0;0;2;0;0;0;0;4;0;0;0;0
"01/06/2021";"13:03:00";"216";"Acidente s";"207,62";"BR-163/MS";"NORTE";"Colisão lateral no sentido contrário";1;0;1;0;0;2;0;0;0;0;4;0;0;0;0
"01/06/2021";"15:23:00";"253";"Acidente s";"368,711";"BR-163/MS";"NORTE";"Tombamento";0;0;1;0;0;2;0;0;0;0;3;0;0;0;0
"01/06/2021";"16:55:00";"292";"Acidente c";"473";"BR-163/MS";"NORTE";"Tombamento de moto";0;0;0;1;0;0;0;0;0;0;0;2;0;0;0
"01/06/2021";"17:22:00";"296";"Acidente s";"477,725";"BR-163/MS";"NORTE";"Colisão lateral no sentido contrário";1;0;0;1;0;0;0;0;0;0;2;0;0;0;0
"01/06/2021";"17:27:00";"298";"Acidente s";"37,192";"BR-163/MS";"NORTE";"Saídas de pista";0;0;0;0;0;0;0;0;0;1;3;0;0;0;0
"02/06/2021";"12:25:00";"202";"Acidente s";"393,762";"BR-163/MS";"SUL";"Colisão c/ obstáculos";0;0;1;0;0;2;0;0;0;1;5;0;0;0;0
"02/06/2021";"13:34:00";"223";"Acidente s";"466";"BR-163/MS";"NORTE";"Tombamento";0;0;1;0;0;2;0;0;0;0;3;0;0;0;0
"02/06/2021";"15:35:00";"254";"Acidente c";"464,8";"BR-163/MS";"SUL";"Colisão com veículos (frontal)";0;0;2;0;0;2;0;0;0;0;5;1;0;0;0
"03/06/2021";"05:41:00";"29";"Acidente s";"806,49";"BR-163/MS";"SUL";"Tombamento";0;0;1;0;0;1;0;0;0;0;2;0;0;0;0
"03/06/2021";"11:04:00";"175";"Acidente s";"31";"BR-163/MS";"NORTE";"Colisão com veículos (traseira)";1;0;1;0;0;0;0;0;0;0;3;0;0;0;0
"03/06/2021";"12:03:00";"198";"Acidente s";"682,287";"BR-163/MS";"SUL";"Colisão com veículos (traseira)";2;0;0;0;0;0;0;0;0;0;5;0;0;0;0
"04/06/2021";"11:41:00";"143";"Acidente s";"492";"BR-163/MS";"NORTE";"Colisão lateral no mesmo sentido";2;0;0;0;0;0;0;0;0;0;3;0;0;0;0
"04/06/2021";"17:49:00";"217";"Acidente c";"75,402";"BR-163/MS";"NORTE";"Colisão com veículos (traseira)";1;0;0;0;0;0;0;0;0;1;2;1;1;1;0
"05/06/2021";"07:06:00";"43";"Acidente c";"519,736";"BR-163/MS";"NORTE";"Tombamento de moto";0;0;0;1;0;0;0;0;0;0;0;1;0;0;0
"05/06/2021";"22:08:00";"245";"Acidente s";"360,978";"BR-163/MS";"SUL";"Atropelamento de animais";1;0;0;0;0;0;0;0;0;0;3;0;0;0;0
"06/06/2021";"03:45:00";"12";"Acidente s";"382,42";"BR-163/MS";"NORTE";"Atropelamento de animais";0;0;0;0;0;0;0;0;0;1;1;0;0;0;0
"06/06/2021";"04:25:00";"16";"Acidente s";"108,497";"BR-163/MS";"NORTE";"Saídas de pista";1;0;0;0;0;0;0;0;0;0;1;0;0;0;0
"06/06/2021";"13:07:00";"107";"Acidente c";"500,698";"BR-163/MS";"SUL";"Tombamento de moto";0;0;0;1;0;0;0;0;0;0;0;1;0;0;0
"06/06/2021";"16:31:00";"138";"Acidente s";"523";"BR-163/MS";"SUL";"Colisão lateral no mesmo sentido";1;0;0;0;0;0;0;0;0;1;4;0;0;0;0
"06/06/2021";"19:14:00";"174";"Acidente c";"729,172";"BR-163/MS";"SUL";"Capotamento";0;0;0;0;0;0;0;0;0;1;0;0;0;1;0
"08/06/2021";"09:03:00";"121";"Acidente s";"425,293";"BR-163/MS";"NORTE";"Colisão lateral no sentido contrário";0;0;0;0;0;0;0;0;0;2;3;0;0;0;0
"08/06/2021";"12:29:00";"181";"Acidente c";"638";"BR-163/MS";"NORTE";"Tombamento de moto";0;0;0;1;0;0;0;0;0;0;0;1;0;0;0
"09/06/2021";"09:13:00";"99";"Acidente c";"659";"BR-163/MS";"SUL";"Tombamento de moto";0;0;0;1;0;0;0;0;0;0;0;0;0;1;0
"09/06/2021";"10:31:00";"125";"Acidente c";"609";"BR-163/MS";"NORTE";"Colisão com veículos (traseira)";2;0;0;0;0;0;0;0;0;0;5;1;0;0;0
"09/06/2021";"14:33:00";"186";"Acidente c";"482,374";"BR-163/MS";"NORTE";"Colisão com veículos (traseira)";0;0;1;1;0;1;0;0;0;0;3;1;0;0;0
"09/06/2021";"16:48:00";"216";"Acidente s";"349,922";"BR-163/MS";"SUL";"Saídas de pista";1;0;0;0;0;0;0;0;0;0;1;0;0;0;0
"09/06/2021";"17:39:00";"230";"Acidente s";"46,67";"BR-163/MS";"NORTE";"Colisão com veículos (traseira)";2;0;0;0;0;0;0;0;0;0;2;0;0;0;0
"09/06/2021";"19:01:00";"243";"Acidente s";"18,301";"BR-163/MS";"SUL";"Colisão lateral no sentido contrário";1;0;1;0;0;2;0;0;0;0;5;0;0;0;0
"09/06/2021";"21:51:00";"264";"Acidente s";"216,784";"BR-163/MS";"SUL";"Saídas de pista";0;0;1;0;0;1;0;0;0;0;2;0;0;0;0
"10/06/2021";"09:29:00";"95";"Acidente c";"373,183";"BR-163/MS";"SUL";"Capotamento";1;0;0;0;0;0;0;0;0;0;0;1;0;0;0
"10/06/2021";"18:17:00";"231";"Acidente s";"533,241";"BR-163/MS";"NORTE";"Colisão com veículos (traseira)";1;0;1;0;0;0;0;0;0;0;2;0;0;0;0
"10/06/2021";"23:20:00";"271";"Acidente s";"450,389";"BR-163/MS";"SUL";"Tombamento";0;0;1;0;0;2;0;0;0;0;3;0;0;0;0
"11/06/2021";"00:04:00";"1";"Acidente s";"486";"BR-163/MS";"NORTE";"Colisão lateral no sentido contrário";2;0;0;0;0;0;0;0;0;0;3;0;0;0;0
"11/06/2021";"05:23:00";"11";"Acidente s";"546,58";"BR-163/MS";"SUL";"Tombamento";0;0;1;0;0;0;0;0;0;0;1;0;0;0;0
"11/06/2021";"07:12:00";"44";"Acidente s";"553,322";"BR-163/MS";"SUL";"Saídas de pista";0;0;1;0;0;0;0;0;0;0;2;0;0;0;0
"11/06/2021";"11:55:00";"190";"Acidente c";"834,662";"BR-163/MS";"NORTE";"Colisão com veículos (traseira)";0;0;0;1;0;1;0;0;0;0;1;1;0;0;0
"11/06/2021";"17:57:00";"294";"Atropelame";"463,911";"BR-163/MS";"NORTE";"Atropelamento de pedestre";0;0;0;1;0;0;0;0;0;0;1;1;0;0;0
"12/06/2021";"03:08:00";"18";"Acidente s";"241,258";"BR-163/MS";"SUL";"Colisão c/ obstáculos";0;0;1;0;0;0;0;0;0;0;1;0;0;0;0
"12/06/2021";"09:44:00";"112";"Acidente s";"822";"BR-163/MS";"NORTE";"Colisão c/ obstáculos";1;0;1;0;0;0;0;0;0;0;2;0;0;0;0
"12/06/2021";"17:53:00";"227";"Acidente c";"263";"BR-163/MS";"NORTE";"Tombamento de moto";0;0;0;1;0;0;0;0;0;0;0;1;0;0;0
"13/06/2021";"05:57:00";"19";"Acidente s";"666,404";"BR-163/MS";"SUL";"Capotamento";0;0;0;0;0;0;0;0;0;1;1;0;0;0;0
"13/06/2021";"18:17:00";"226";"Acidente c";"694,593";"BR-163/MS";"SUL";"Atropelamento de animais";0;0;0;1;0;0;0;0;0;0;0;1;0;0;0
"13/06/2021";"18:45:00";"236";"Acidente s";"267,2";"BR-163/MS";"SUL";"Saídas de pista";0;0;0;0;0;0;0;0;0;1;1;0;0;0;0
"13/06/2021";"20:51:00";"260";"Acidente s";"31,1";"BR-163/MS";"SUL";"Tombamento";0;0;1;0;0;0;0;0;0;0;1;0;0;0;0
"13/06/2021";"21:24:00";"262";"Atropelame";"259,9";"BR-163/MS";"NORTE";"Atropelamento de pedestre";0;0;0;0;0;0;0;0;0;1;1;0;0;0;1
"14/06/2021";"06:16:00";"29";"Acidente c";"196";"BR-163/MS";"NORTE";"Colisão com veículos (traseira)";0;0;0;2;0;0;0;0;0;0;1;1;0;0;0
"14/06/2021";"07:57:00";"70";"Acidente s";"479,639";"BR-163/MS";"NORTE";"Tombamento";0;0;1;0;0;0;0;0;0;0;1;0;0;0;0
"14/06/2021";"12:54:00";"170";"Acidente c";"703";"BR-163/MS";"SUL";"Colisão com veículos (traseira)";1;0;1;0;0;0;0;0;0;0;6;2;0;0;0
"14/06/2021";"13:06:00";"172";"Acidente s";"177";"BR-163/MS";"NORTE";"Colisão com veículos (traseira)";1;0;1;0;0;0;0;0;0;0;2;0;0;0;0
"14/06/2021";"20:47:00";"266";"Acidente s";"294,5";"BR-163/MS";"SUL";"Atropelamento de animais";1;0;0;0;0;0;0;0;0;0;2;0;0;0;0
"14/06/2021";"21:02:00";"267";"Acidente s";"382";"BR-163/MS";"SUL";"Atropelamento de animais";0;0;0;0;0;0;0;0;0;1;1;0;0;0;0
"14/06/2021";"21:08:00";"268";"Acidente s";"303";"BR-163/MS";"SUL";"Atropelamento de animais";1;0;0;0;0;0;0;0;0;0;3;0;0;0;0
"16/06/2021";"04:02:00";"24";"Acidente s";"316,55";"BR-163/MS";"SUL";"Colisão c/ obstáculos";0;0;0;0;0;0;0;0;0;1;2;0;0;0;0