data;horario;n_da_ocorrencia;tipo_de_ocorrencia;km;trecho;sentido;tipo_de_acidente;automovel;bicicleta;caminhao;moto;onibus;outros;tracao_animal;transporte_de_cargas_especiais;trator_maquinas;utilitarios;ilesos;levemente_feridos;moderadamente_feridos;gravemente_feridos;mortos
"06/10/2021";"07:25:00";"53";"Acidente s";"254";"BR-163/MS";"NORTE";"Colisão com veículos (traseira)";0;0;2;0;0;2;0;0;0;0;5;0;0;0;0
"06/10/2021";"20:25:00";"296";"Acidente s";"61,955";"BR-163/MS";"NORTE";"Saídas de pista";1;0;0;0;0;0;0;0;0;1;3;0;0;0;0
"06/10/2021";"20:48:00";"301";"Acidente s";"272,171";"BR-163/MS";"NORTE";"Atropelamento de animais";1;0;0;0;0;0;0;0;0;0;4;0;0;0;0
"07/10/2021";"08:27:00";"75";"Acidente s";"485";"BR-163/MS";"NORTE";"Engavetamento";0;0;1;0;3;0;0;0;0;0;5;0;0;0;0
"07/10/2021";"10:42:00";"127";"Acidente s";"13,8";"BR-163/MS";"NORTE";"Colisão lateral no mesmo sentido";1;0;1;0;0;2;0;0;0;0;6;0;0;0;0
"08/10/2021";"08:01:00";"83";"Acidente c";"333,9";"BR-163/MS";"NORTE";"Saídas de pista";1;0;0;0;0;0;0;0;0;0;0;1;0;0;0
"08/10/2021";"10:08:00";"131";"Acidente s";"216,781";"BR-163/MS";"NORTE";"Colisão com veículos (traseira)";2;0;0;0;0;0;0;0;0;0;5;0;0;0;0
"08/10/2021";"16:37:00";"287";"Acidente s";"167,107";"BR-163/MS";"NORTE";"Colisão c/ obstáculos";0;0;0;0;0;0;0;0;0;1;2;0;0;0;0
"09/10/2021";"01:45:00";"16";"Acidente s";"680,712";"BR-163/MS";"NORTE";"Colisão lateral no sentido contrário";2;0;0;0;0;0;0;0;0;0;4;0;0;0;0
"09/10/2021";"03:08:00";"21";"Acidente c";"681,394";"BR-163/MS";"NORTE";"Colisão lateral no sentido contrário";1;0;1;0;0;1;0;0;0;0;2;1;0;0;0
"09/10/2021";"03:23:00";"24";"Acidente s";"569,814";"BR-163/MS";"NORTE";"Atropelamento de animais";1;0;0;0;0;0;0;0;0;0;2;0;0;0;0
"09/10/2021";"04:19:00";"30";"Acidente c";"408,586";"BR-163/MS";"NORTE";"Colisão com veículos (traseira)";1;0;0;0;0;1;0;0;0;0;1;1;0;0;0
"09/10/2021";"04:54:00";"35";"Acidente s";"683";"BR-163/MS";"SUL";"Atropelamento de animais";1;0;0;1;0;0;0;0;0;0;4;0;0;0;0
"09/10/2021";"05:15:00";"36";"Acidente c";"475";"BR-163/MS";"SUL";"Colisão com veículos (traseira)";0;0;2;0;0;2;0;0;0;0;3;1;0;0;0
"09/10/2021";"06:23:00";"49";"Acidente s";"449";"BR-163/MS";"SUL";"Colisão com veículos (traseira)";2;0;0;0;0;0;0;0;0;0;5;0;0;0;0
"09/10/2021";"13:54:00";"178";"Acidente c";"620,986";"BR-163/MS";"NORTE";"Colisão com veículos (traseira)";1;0;0;0;0;0;0;0;0;1;2;1;0;0;0
"09/10/2021";"14:50:00";"196";"Acidente s";"178";"BR-163/MS";"SUL";"Saídas de pista";1;0;0;0;0;0;0;0;0;0;3;0;0;0;0
"09/10/2021";"16:56:00";"229";"Acidente s";"212,55";"BR-163/MS";"SUL";"Saídas de pista";1;0;0;0;0;0;0;0;0;0;1;0;0;0;0
"09/10/2021";"18:56:00";"258";"Acidente s";"210,484";"BR-163/MS";"SUL";"Colisão c/ obstáculos";1;0;0;0;0;0;0;0;0;0;3;0;0;0;0
"09/10/2021";"19:29:00";"262";"Atropelame";"492,304";"BR-163/MS";"NORTE";"Atropelamento de pedestre";1;0;0;0;0;0;0;0;0;0;3;0;1;0;0
"09/10/2021";"23:23:00";"305";"Acidente s";"274,523";"BR-163/MS";"NORTE";"Colisão c/ obstáculos";1;0;0;0;0;0;0;0;0;0;1;0;0;0;0
"10/10/2021";"04:28:00";"21";"Acidente c";"476,684";"BR-163/MS";"NORTE";"Tombamento de moto";0;0;0;1;0;0;0;0;0;0;0;1;0;0;0
"10/10/2021";"05:26:00";"27";"Acidente s";"242,84";"BR-163/MS";"SUL";"Saídas de pista";0;0;0;0;0;0;0;0;0;1;2;0;0;0;0
"10/10/2021";"06:53:00";"43";"Acidente s";"308,787";"BR-163/MS";"SUL";"Tombamento";0;0;1;0;0;2;0;0;0;0;3;0;0;0;0
"10/10/2021";"07:40:00";"57";"Acidente c";"348,281";"BR-163/MS";"NORTE";"Tombamento";1;0;0;0;0;0;0;0;0;0;2;1;0;0;0
"10/10/2021";"08:45:00";"65";"Acidente s";"436,227";"BR-163/MS";"NORTE";"Capotamento";1;0;0;0;0;0;0;0;0;0;2;0;0;0;0
"10/10/2021";"11:40:00";"106";"Acidente c";"670,841";"BR-163/MS";"SUL";"Colisão lateral no sentido contrário";0;0;0;0;0;0;0;0;0;2;0;1;0;1;1
"10/10/2021";"12:02:00";"109";"Acidente s";"445,413";"BR-163/MS";"SUL";"Saídas de pista";0;0;0;0;1;0;0;0;0;0;1;0;0;0;0
"10/10/2021";"15:22:00";"144";"Acidente c";"821,925";"BR-163/MS";"SUL";"Capotamento";1;0;0;0;0;0;0;0;0;0;3;1;0;0;0
"10/10/2021";"19:48:00";"205";"Acidente s";"264,901";"BR-163/MS";"NORTE";"Colisão c/ obstáculos";1;0;0;0;0;0;0;0;0;0;1;0;0;0;0
"11/10/2021";"03:00:00";"12";"Acidente c";"270,449";"BR-163/MS";"NORTE";"Colisão c/ obstáculos";1;0;0;0;0;0;0;0;0;0;0;1;0;0;0
"11/10/2021";"16:12:00";"274";"Acidente c";"475,846";"BR-163/MS";"NORTE";"Engavetamento";0;0;2;1;0;2;0;0;0;0;5;0;1;0;0
"11/10/2021";"18:50:00";"316";"Acidente s";"485";"BR-163/MS";"NORTE";"Colisão lateral no mesmo sentido";1;0;1;0;0;0;0;0;0;0;2;0;0;0;0
"11/10/2021";"23:25:00";"354";"Acidente s";"310,332";"BR-163/MS";"SUL";"Atropelamento de animais";1;0;0;0;0;0;0;0;0;0;2;0;0;0;0
"12/10/2021";"08:22:00";"73";"Acidente s";"485";"BR-163/MS";"SUL";"Colisão com veículos (traseira)";0;0;1;0;0;1;0;0;0;1;5;0;0;0;0
"12/10/2021";"15:55:00";"290";"Acidente s";"653";"BR-163/MS";"SUL";"Colisão c/ obstáculos";1;0;0;0;0;0;0;0;0;0;1;0;0;0;0
"12/10/2021";"20:08:00";"354";"Acidente s";"703,501";"BR-163/MS";"NORTE";"Colisão c/ obstáculos";1;0;0;0;0;0;0;0;0;0;1;0;0;0;0
"12/10/2021";"21:24:00";"373";"Acidente s";"784";"BR-163/MS";"NORTE";"Atropelamento de animais";1;0;0;0;0;0;0;0;0;0;4;0;0;0;0
"13/10/2021";"21:40:00";"342";"Acidente s";"397,822";"BR-163/MS";"NORTE";"Colisão com veículos (traseira)";0;0;2;0;0;1;0;0;0;0;3;0;0;0;0
"14/10/2021";"00:24:00";"6";"Acidente s";"361,212";"BR-163/MS";"NORTE";"Atropelamento de animais";1;0;0;0;0;0;0;0;0;0;1;0;0;0;0
"14/10/2021";"07:38:00";"74";"Acidente c";"476,65";"BR-163/MS";"NORTE";"Tombamento de moto";0;0;0;1;0;0;0;0;0;0;0;1;0;0;0
"15/10/2021";"14:45:00";"248";"Acidente c";"525,341";"BR-163/MS";"NORTE";"Capotamento";0;0;0;0;0;0;0;0;0;1;0;4;0;0;0
"15/10/2021";"15:27:00";"266";"Acidente s";"25";"BR-163/MS";"SUL";"Colisão com veículos (traseira)";1;0;0;0;0;0;0;0;0;1;2;0;0;0;0
"15/10/2021";"20:09:00";"328";"Acidente c";"91,394";"BR-163/MS";"SUL";"Colisão lateral no mesmo sentido";1;0;1;0;0;0;0;0;0;0;1;1;0;0;0
"15/10/2021";"20:45:00";"333";"Acidente s";"512,925";"BR-163/MS";"NORTE";"Atropelamento de animais";0;0;0;0;0;0;0;0;0;1;1;0;0;0;0
"15/10/2021";"22:17:00";"352";"Acidente s";"170,896";"BR-163/MS";"NORTE";"Atropelamento de animais";0;0;1;0;0;1;0;0;0;0;3;0;0;0;0
"16/10/2021";"07:37:00";"55";"Acidente s";"258";"BR-163/MS";"NORTE";"Colisão lateral no sentido contrário";1;0;0;1;0;0;0;0;0;0;4;0;0;0;0
"16/10/2021";"17:15:00";"274";"Acidente s";"573,811";"BR-163/MS";"SUL";"Saídas de pista";1;0;0;0;0;0;0;0;0;0;2;0;0;0;0
"16/10/2021";"17:24:00";"276";"Acidente c";"246";"BR-163/MS";"NORTE";"Colisão lateral no mesmo sentido";0;0;1;1;0;0;0;0;0;0;1;1;0;0;0
"16/10/2021";"18:18:00";"288";"Acidente s";"160";"BR-163/MS";"NORTE";"Tombamento";0;0;1;0;0;0;0;0;0;0;1;0;0;0;0
"18/10/2021";"06:37:00";"39";"Acidente c";"251,87";"BR-163/MS";"SUL";"Tombamento de moto";0;0;0;1;0;0;0;0;0;0;1;0;1;0;0
"18/10/2021";"09:12:00";"116";"Acidente s";"185,5";"BR-163/MS";"NORTE";"Tombamento";0;0;1;0;0;2;0;0;0;0;3;0;0;0;0
"18/10/2021";"14:47:00";"219";"Acidente s";"680,326";"BR-163/MS";"SUL";"Colisão lateral no mesmo sentido";1;0;0;0;0;0;0;0;0;1;3;0;0;0;0
"18/10/2021";"16:35:00";"252";"Acidente s";"532,747";"BR-163/MS";"NORTE";"Tombamento";0;0;1;0;0;0;0;0;0;0;1;0;0;0;0
"19/10/2021";"08:27:00";"107";"Acidente c";"547,452";"BR-163/MS";"SUL";"Colisão lateral no mesmo sentido";1;0;0;0;0;0;0;0;0;1;2;0;1;0;0
"19/10/2021";"15:58:00";"276";"Acidente c";"470,759";"BR-163/MS";"SUL";"Colisão lateral no sentido contrário";1;0;1;0;0;1;0;0;0;0;2;2;0;0;0
"19/10/2021";"19:59:00";"322";"Acidente c";"521,983";"BR-163/MS";"NORTE";"Capotamento";0;0;1;0;0;2;0;0;0;1;3;1;0;0;0
"19/10/2021";"20:48:00";"323";"Acidente s";"405,78";"BR-163/MS";"SUL";"Atropelamento de animais";1;0;0;0;0;0;0;0;0;0;4;0;0;0;0
"19/10/2021";"21:00:00";"327";"Acidente s";"548,69";"BR-163/MS";"SUL";"Tombamento";0;0;1;0;0;0;0;0;0;0;1;0;0;0;0
"19/10/2021";"22:43:00";"335";"Acidente c";"475";"BR-163/MS";"NORTE";"Tombamento de moto";0;0;0;1;0;0;0;0;0;0;1;1;0;0;0
"20/10/2021";"07:18:00";"66";"Acidente c";"484";"BR-163/MS";"NORTE";"Colisão com veículos (frontal)";0;0;0;1;0;0;0;0;0;1;4;0;1;0;0
"20/10/2021";"17:43:00";"260";"Acidente s";"432,111";"BR-163/MS";"SUL";"Colisão com veículos (traseira)";0;0;1;0;0;2;0;0;0;1;9;0;0;0;0
"20/10/2021";"19:57:00";"282";"Acidente s";"103";"BR-163/MS";"NORTE";"Atropelamento de animais";0;0;0;0;0;0;0;0;0;1;2;0;0;0;0
"21/10/2021";"09:43:00";"120";"Acidente c";"268";"BR-163/MS";"SUL";"Capotamento";0;0;0;0;0;0;0;0;0;1;0;1;0;0;0
"21/10/2021";"11:04:00";"143";"Acidente s";"210";"BR-163/MS";"NORTE";"Colisão lateral no mesmo sentido";0;0;2;0;1;3;0;0;0;0;6;0;0;0;0
"21/10/2021";"14:41:00";"190";"Acidente c";"813,793";"BR-163/MS";"NORTE";"Colisão com veículos (traseira)";0;0;2;0;0;0;0;0;0;0;1;1;0;0;0
"21/10/2021";"19:03:00";"252";"Acidente s";"526";"BR-163/MS";"NORTE";"Saídas de pista";0;0;1;0;0;0;0;0;0;0;2;0;0;0;0
"22/10/2021";"05:03:00";"18";"Acidente c";"344";"BR-163/MS";"NORTE";"Colisão c/ obstáculos";0;0;0;1;0;0;0;0;0;0;0;0;1;0;0
"22/10/2021";"18:29:00";"304";"Acidente s";"110,298";"BR-163/MS";"NORTE";"Colisão c/ obstáculos";0;0;0;0;0;0;0;0;0;1;1;0;0;0;0
"22/10/2021";"19:18:00";"313";"Acidente s";"418,997";"BR-163/MS";"SUL";"Atropelamento de animais";0;0;0;0;0;0;0;0;0;1;3;0;0;0;0
"22/10/2021";"21:03:00";"338";"Acidente s";"275,768";"BR-163/MS";"NORTE";"Atropelamento de animais";0;0;0;0;0;0;0;0;0;1;1;0;0;0;0
"23/10/2021";"01:58:00";"7";"Acidente s";"400,25";"BR-163/MS";"NORTE";"Atropelamento de animais";0;0;0;0;0;0;0;0;0;1;2;0;0;0;0
"23/10/2021";"05:10:00";"19";"Acidente c";"178,9";"BR-163/MS";"NORTE";"Colisão com veículos (frontal)";1;0;1;0;0;2;0;0;0;0;3;0;1;0;1
"23/10/2021";"11:13:00";"134";"Acidente s";"563,422";"BR-163/MS";"NORTE";"Colisão lateral no mesmo sentido";1;0;1;0;0;0;0;0;0;0;2;0;0;0;0
"23/10/2021";"18:51:00";"252";"Acidente c";"466,38";"BR-163/MS";"NORTE";"Tombamento de moto";0;0;0;1;0;0;0;0;0;1;1;0;1;0;0
"23/10/2021";"19:24:00";"264";"Acidente c";"497,9";"BR-163/MS";"SUL";"Tombamento de moto";0;0;0;1;0;0;0;0;0;0;0;1;0;0;0
"24/10/2021";"05:17:00";"24";"Acidente s";"221,832";"BR-163/MS";"SUL";"Colisão c/ obstáculos";1;0;0;0;0;0;0;0;0;0;2;0;0;0;0
"24/10/2021";"22:55:00";"249";"Acidente s";"824,737";"BR-163/MS";"NORTE";"Atropelamento de animais";0;0;0;0;0;0;0;0;0;1;1;0;0;0;0
"25/10/2021";"00:51:00";"2";"Acidente s";"150,493";"BR-163/MS";"SUL";"Atropelamento de animais";1;0;0;0;0;0;0;0;0;0;5;0;0;0;0
"25/10/2021";"06:21:00";"37";"Acidente c";"549";"BR-163/MS";"NORTE";"Colisão lateral no sentido contrário";1;0;0;0;0;0;0;0;0;1;0;2;2;0;0
"25/10/2021";"19:28:00";"266";"Atropelame";"260,97";"BR-163/MS";"NORTE";"Atropelamento de pedestre";0;0;0;1;0;0;0;0;0;0;0;0;1;0;1
"25/10/2021";"21:39:00";"287";"Acidente s";"521,525";"BR-163/MS";"NORTE";"Atropelamento de animais";0;0;0;0;0;0;0;0;0;1;2;0;0;0;0
"25/10/2021";"22:17:00";"291";"Acidente s";"386,353";"BR-163/MS";"NORTE";"Atropelamento de animais";1;0;0;0;0;0;0;0;0;0;2;0;0;0;0
"27/10/2021";"05:10:00";"20";"Acidente s";"36,957";"BR-163/MS";"SUL";"Colisão com veículos (traseira)";0;0;1;0;0;2;0;0;0;1;5;0;0;0;0
"27/10/2021";"10:35:00";"140";"Acidente c";"455,845";"BR-163/MS";"SUL";"Colisão lateral no sentido contrário";0;0;1;0;0;2;0;0;0;1;4;1;0;0;0
"27/10/2021";"18:41:00";"264";"Acidente s";"188,101";"BR-163/MS";"NORTE";"Atropelamento de animais";1;0;0;0;0;0;0;0;0;0;1;0;0;0;0
"27/10/2021";"23:35:00";"305";"Acidente s";"747,328";"BR-163/MS";"SUL";"Tombamento de moto";0;0;0;1;0;0;0;0;0;0;1;0;0;0;0
"28/10/2021";"17:20:00";"279";"Acidente c";"729,5";"BR-163/MS";"SUL";"Atropelamento de animais";0;0;0;1;0;0;0;0;0;0;0;2;0;0;0
"29/10/2021";"09:20:00";"108";"Acidente c";"385,779";"BR-163/MS";"SUL";"Colisão com veículos (traseira)";1;0;1;0;0;1;0;0;0;0;4;1;0;0;0
"29/10/2021";"10:54:00";"154";"Acidente s";"235";"BR-163/MS";"NORTE";"Capotamento";1;0;0;0;0;0;0;0;0;0;2;0;0;0;0
"29/10/2021";"21:30:00";"300";"Acidente s";"842,7";"BR-163/MS";"NORTE";"Tombamento";0;0;1;0;0;1;0;0;0;0;2;0;0;0;0
"30/10/2021";"05:39:00";"22";"Acidente c";"501";"BR-163/MS";"NORTE";"Tombamento de moto";0;0;0;1;0;0;0;0;0;0;0;0;1;0;0
"30/10/2021";"07:36:00";"61";"Acidente c";"493";"BR-163/MS";"NORTE";"Tombamento de moto";0;0;0;1;0;0;0;0;0;0;0;0;0;1;0
"30/10/2021";"08:53:00";"101";"Acidente s";"559";"BR-163/MS";"NORTE";"Saídas de pista";1;0;0;0;0;0;0;0;0;0;5;0;0;0;0
"30/10/2021";"15:14:00";"247";"Acidente c";"527";"BR-163/MS";"SUL";"Atropelamento de pedestre";0;0;0;0;0;0;0;0;0;1;0;0;1;0;0
"30/10/2021";"16:06:00";"256";"Acidente s";"815,557";"BR-163/MS";"NORTE";"Tombamento";1;0;0;0;0;1;0;0;0;0;3;0;0;0;0
"30/10/2021";"19:11:00";"292";"Acidente c";"474,689";"BR-163/MS";"NORTE";"Tombamento de moto";0;0;0;1;0;0;0;0;0;0;0;0;1;0;0
"30/10/2021";"19:37:00";"298";"Acidente c";"617,8";"BR-163/MS";"NORTE";"Colisão lateral no mesmo sentido";0;0;0;1;0;0;0;0;0;1;2;0;1;0;0
"31/10/2021";"10:37:00";"122";"Acidente s";"662,654";"BR-163/MS";"NORTE";"Tombamento";0;0;1;0;0;2;0;0;0;0;3;0;0;0;0
"31/10/2021";"10:51:00";"128";"Acidente c";"206,766";"BR-163/MS";"SUL";"Tombamento de moto";0;0;0;1;0;0;0;0;0;0;0;1;0;0;0
"31/10/2021";"14:55:00";"189";"Acidente c";"258";"BR-163/MS";"SUL";"Tombamento de moto";0;0;0;1;0;0;0;0;0;0;1;1;0;0;0
"31/10/2021";"21:48:00";"294";"Acidente s";"490";"BR-163/MS";"NORTE";"Tombamento de moto";0;0;0;1;0;0;0;0;0;0;1;0;0;0;0
"01/11/2021";"23:43:00";"325";"Acidente s";"535,339";"BR-163/MS";"NORTE";"Atropelamento de animais";1;0;0;0;0;0;0;0;0;0;2;0;0;0;0
"02/11/2021";"04:43:00";"21";"Acidente c";"374,838";"BR-163/MS";"SUL";"Atropelamento de animais";1;0;0;0;0;0;0;0;0;0;1;1;0;0;0
"02/11/2021";"17:17:00";"285";"Acidente s";"466,524";"BR-163/MS";"NORTE";"Colisão lateral no sentido contrário";1;0;1;0;0;2;0;0;0;0;5;0;0;0;0
"02/11/2021";"17:31:00";"288";"Acidente s";"439,998";"BR-163/MS";"SUL";"Colisão lateral no sentido contrário";2;0;0;0;0;0;0;0;0;0;5;0;0;0;0
"02/11/2021";"18:09:00";"294";"Acidente s";"482,217";"BR-163/MS";"NORTE";"Saídas de pista";1;0;0;0;0;0;0;0;0;0;1;0;0;0;0
"02/11/2021";"18:35:00";"300";"Acidente c";"420,415";"BR-163/MS";"NORTE";"Capotamento";1;0;0;0;0;0;0;0;0;0;0;1;0;0;0
"02/11/2021";"21:12:00";"330";"Acidente c";"720,999";"BR-163/MS";"NORTE";"Capotamento";0;0;0;0;0;0;0;0;0;1;0;0;1;0;0
"02/11/2021";"23:38:00";"342";"Acidente s";"721,217";"BR-163/MS";"NORTE";"Atropelamento de animais";0;0;0;0;0;0;0;0;0;1;4;0;0;0;0
"03/11/2021";"06:49:00";"42";"Acidente c";"486,7";"BR-163/MS";"SUL";"Colisão lateral no sentido contrário";1;0;0;1;0;0;0;0;0;0;2;1;0;0;0
"03/11/2021";"08:11:00";"69";"Acidente c";"265";"BR-163/MS";"NORTE";"Colisão lateral no sentido contrário";1;0;1;0;0;0;0;0;0;0;1;1;0;0;0
"03/11/2021";"09:03:00";"103";"Acidente c";"475,252";"BR-163/MS";"SUL";"Colisão lateral no sentido contrário";0;0;1;1;0;1;0;0;0;0;2;0;0;1;0
"03/11/2021";"16:44:00";"243";"Acidente s";"213";"BR-163/MS";"NORTE";"Tombamento de moto";0;0;0;1;0;0;0;0;0;0;1;0;0;0;0
"04/11/2021";"03:03:00";"14";"Acidente s";"263,11";"BR-163/MS";"NORTE";"Colisão c/ obstáculos";1;0;0;0;0;0;0;0;0;0;3;0;0;0;0
"04/11/2021";"03:31:00";"15";"Acidente c";"88,854";"BR-163/MS";"NORTE";"Colisão com veículos (traseira)";1;0;1;0;0;0;0;0;0;0;2;0;0;1;1
"04/11/2021";"21:38:00";"348";"Acidente s";"708,7";"BR-163/MS";"NORTE";"Atropelamento de animais";0;0;0;0;0;0;0;0;0;1;1;0;0;0;0
"05/11/2021";"07:55:00";"94";"Acidente c";"525,457";"BR-163/MS";"NORTE";"Capotamento";1;0;0;0;0;0;0;0;0;0;0;2;0;0;0
"05/11/2021";"11:44:00";"198";"Acidente s";"609,899";"BR-163/MS";"NORTE";"Tombamento";0;0;1;0;0;0;0;0;0;0;1;0;0;0;0
"06/11/2021";"05:34:00";"26";"Acidente c";"438,807";"BR-163/MS";"SUL";"Capotamento";1;0;0;0;0;0;0;0;0;0;0;1;0;0;0
"06/11/2021";"05:39:00";"28";"Acidente s";"172,17";"BR-163/MS";"SUL";"Colisão com veículos (traseira)";0;0;1;0;0;1;0;0;0;0;2;0;0;0;0
"06/11/2021";"05:58:00";"31";"Acidente c";"480,315";"BR-163/MS";"NORTE";"Tombamento de moto";0;0;0;1;0;0;0;0;0;0;1;1;0;0;0
"06/11/2021";"07:07:00";"50";"Acidente s";"475,75";"BR-163/MS";"NORTE";"Colisão com veículos (traseira)";0;0;3;0;0;4;0;0;0;0;8;0;0;0;0
"06/11/2021";"14:26:00";"152";"Acidente s";"276";"BR-163/MS";"NORTE";"Colisão c/ obstáculos";1;0;0;0;0;0;0;0;0;0;1;0;0;0;0
"06/11/2021";"14:33:00";"153";"Acidente s";"497,123";"BR-163/MS";"SUL";"Colisão c/ obstáculos";1;0;0;0;0;0;0;0;0;0;2;0;0;0;0
"06/11/2021";"15:22:00";"161";"Acidente c";"491,51";"BR-163/MS";"NORTE";"Tombamento de moto";0;0;0;1;0;0;0;0;0;0;0;1;0;0;0
"06/11/2021";"18:19:00";"190";"Acidente s";"490,104";"BR-163/MS";"SUL";"Colisão com veículos (frontal)";1;0;0;1;0;0;0;0;0;0;3;0;0;0;0
"06/11/2021";"21:47:00";"228";"Acidente s";"763,541";"BR-163/MS";"SUL";"Atropelamento de animais";1;0;0;0;0;0;0;0;0;0;2;0;0;0;0
"07/11/2021";"04:18:00";"20";"Acidente s";"255,899";"BR-163/MS";"NORTE";"Colisão c/ obstáculos";1;0;0;0;0;0;0;0;0;0;1;0;0;0;0
"07/11/2021";"04:20:00";"21";"Acidente s";"751,39";"BR-163/MS";"SUL";"Atropelamento de animais";1;0;0;0;0;0;0;0;0;0;3;0;0;0;0
"07/11/2021";"04:32:00";"25";"Acidente s";"7,44";"BR-163/MS";"SUL";"Colisão c/ obstáculos";1;0;0;0;0;0;0;0;0;0;3;0;0;0;0
"07/11/2021";"13:18:00";"112";"Acidente c";"484";"BR-163/MS";"NORTE";"Engavetamento";0;0;2;0;0;1;0;0;0;1;4;1;0;0;0
"07/11/2021";"19:32:00";"201";"Acidente c";"485,504";"BR-163/MS";"SUL";"Colisão lateral no sentido contrário";0;0;0;1;0;0;0;0;0;1;0;3;1;0;0
"07/11/2021";"20:44:00";"213";"Acidente s";"150,701";"BR-163/MS";"NORTE";"Atropelamento de animais";1;0;0;0;0;0;0;0;0;0;4;0;0;0;0
"07/11/2021";"21:56:00";"221";"Acidente c";"354,81";"BR-163/MS";"NORTE";"Atropelamento de animais";1;0;0;0;0;0;0;0;0;0;0;2;0;0;0
"08/11/2021";"03:10:00";"16";"Acidente s";"656,791";"BR-163/MS";"SUL";"Atropelamento de animais";0;0;0;0;0;0;0;0;0;1;1;0;0;0;0
"08/11/2021";"12:13:00";"187";"Acidente c";"456";"BR-163/MS";"NORTE";"Tombamento de moto";0;0;0;1;0;0;0;0;0;0;0;0;1;0;0
"08/11/2021";"14:58:00";"229";"Acidente s";"112";"BR-163/MS";"NORTE";"Tombamento de moto";0;0;0;1;0;0;0;0;0;0;2;0;0;0;0
"08/11/2021";"15:02:00";"231";"Acidente c";"486,619";"BR-163/MS";"SUL";"Tombamento de moto";0;0;0;1;0;0;0;0;0;0;0;0;1;0;0
"08/11/2021";"17:04:00";"259";"Acidente c";"680,744";"BR-163/MS";"NORTE";"Colisão lateral no mesmo sentido";0;0;0;1;0;0;0;0;0;1;1;0;0;1;0
"08/11/2021";"17:22:00";"264";"Acidente s";"150,941";"BR-163/MS";"SUL";"Saídas de pista";1;0;0;0;0;0;0;0;0;0;3;0;0;0;0
"08/11/2021";"17:57:00";"270";"Acidente c";"493,256";"BR-163/MS";"NORTE";"Colisão c/ obstáculos";1;0;0;0;0;0;0;0;0;0;0;0;0;1;0
"08/11/2021";"19:33:00";"287";"Acidente s";"443,883";"BR-163/MS";"SUL";"Colisão c/ obstáculos";1;0;0;0;0;0;0;0;0;0;1;0;0;0;0
"09/11/2021";"11:48:00";"182";"Acidente c";"657";"BR-163/MS";"SUL";"Colisão lateral no mesmo sentido";1;0;1;0;0;0;0;0;0;0;2;1;1;0;0
"09/11/2021";"12:15:00";"191";"Acidente s";"34,24";"BR-163/MS";"SUL";"Tombamento de moto";0;0;0;1;0;0;0;0;0;0;2;0;0;0;0
"09/11/2021";"20:59:00";"295";"Acidente c";"680,761";"BR-163/MS";"NORTE";"Colisão c/ obstáculos";0;0;2;0;0;1;0;0;0;0;2;1;0;0;0
"10/11/2021";"05:14:00";"23";"Acidente c";"276,495";"BR-163/MS";"SUL";"Tombamento";0;0;1;0;0;1;0;0;0;0;2;1;0;0;0
"10/11/2021";"15:07:00";"220";"Acidente c";"526,12";"BR-163/MS";"NORTE";"Tombamento de moto";0;0;0;1;0;0;0;0;0;0;0;1;1;0;0
"11/11/2021";"09:52:00";"118";"Acidente s";"17,123";"BR-163/MS";"NORTE";"Colisão lateral no mesmo sentido";0;0;2;0;0;3;0;0;0;0;6;0;0;0;0
"11/11/2021";"18:36:00";"278";"Acidente c";"838,218";"BR-163/MS";"NORTE";"Tombamento";0;0;1;0;0;1;0;0;0;0;1;1;0;0;0
"12/11/2021";"02:17:00";"13";"Acidente s";"448,371";"BR-163/MS";"NORTE";"Atropelamento de animais";1;0;0;0;0;0;0;0;0;0;5;0;0;0;0
"12/11/2021";"11:14:00";"158";"Acidente s";"475,765";"BR-163/MS";"SUL";"Colisão lateral no sentido contrário";0;0;0;0;0;0;0;0;0;2;2;0;0;0;0
"12/11/2021";"12:50:00";"178";"Acidente s";"432,111";"BR-163/MS";"SUL";"Colisão com veículos (traseira)";0;0;2;0;0;5;0;0;0;0;8;0;0;0;0
"12/11/2021";"15:41:00";"231";"Acidente s";"21,965";"BR-163/MS";"NORTE";"Colisão com veículos (traseira)";1;0;1;0;0;1;0;0;0;0;4;0;0;0;0
"12/11/2021";"18:15:00";"271";"Acidente c";"690,57";"BR-163/MS";"SUL";"Capotamento";0;0;0;0;0;0;0;0;0;1;1;1;0;0;0
"12/11/2021";"22:11:00";"299";"Acidente c";"815,73";"BR-163/MS";"SUL";"Colisão lateral no mesmo sentido";1;0;1;1;0;0;0;0;0;0;4;0;0;1;0
"13/11/2021";"04:47:00";"21";"Acidente s";"555,407";"BR-163/MS";"SUL";"Atropelamento de animais";1;0;0;0;0;0;0;0;0;0;4;0;0;0;0
"13/11/2021";"08:01:00";"64";"Acidente c";"485";"BR-163/MS";"NORTE";"Colisão lateral no sentido contrário";0;1;0;1;0;0;0;0;0;0;1;1;0;0;0
"13/11/2021";"08:34:00";"78";"Acidente s";"747";"BR-163/MS";"SUL";"Colisão com veículos (traseira)";0;0;0;0;0;0;0;0;0;2;3;0;0;0;0
"13/11/2021";"11:23:00";"141";"Acidente s";"258,304";"BR-163/MS";"NORTE";"Colisão com veículos (traseira)";2;0;0;0;0;0;0;0;0;0;3;0;0;0;0