data;horario;n_da_ocorrencia;tipo_de_ocorrencia;km;trecho;sentido;tipo_de_acidente;automovel;bicicleta;caminhao;moto;onibus;outros;tracao_animal;transporte_de_cargas_especiais;trator_maquinas;utilitarios;ilesos;levemente_feridos;moderadamente_feridos;gravemente_feridos;mortos
"16/12/2021";"07:35:00";"55";"Acidente c";"212,684";"BR-163/MS";"SUL";"Colisão com veículos (traseira)";1;0;0;1;0;0;0;0;0;0;1;1;0;0;0
"16/12/2021";"10:16:00";"119";"Acidente c";"577,592";"BR-163/MS";"SUL";"Tombamento";0;0;1;0;0;2;0;0;0;0;2;1;0;0;0
"16/12/2021";"17:10:00";"204";"Acidente c";"562,98";"BR-163/MS";"SUL";"Engavetamento";0;0;1;0;0;0;0;0;0;3;7;1;0;0;0
"16/12/2021";"18:41:00";"218";"Acidente s";"478,161";"BR-163/MS";"NORTE";"Colisão com veículos (traseira)";0;0;2;0;0;3;0;0;0;0;5;0;0;0;0
"16/12/2021";"19:22:00";"225";"Atropelame";"538,668";"BR-163/MS";"NORTE";"Atropelamento de pedestre";1;0;0;0;0;0;0;0;0;0;4;0;0;1;0
"16/12/2021";"20:19:00";"241";"Acidente c";"494,61";"BR-163/MS";"NORTE";"Colisão com veículos (traseira)";0;0;2;0;0;1;0;0;0;0;2;0;1;0;0
"16/12/2021";"21:37:00";"246";"Acidente s";"258,202";"BR-163/MS";"NORTE";"Colisão lateral no mesmo sentido";0;0;0;1;0;1;0;0;0;0;2;0;0;0;0
"17/12/2021";"08:07:00";"93";"Acidente s";"485,214";"BR-163/MS";"NORTE";"Colisão com veículos (traseira)";1;0;1;0;0;0;0;0;0;0;5;0;0;0;0
"17/12/2021";"10:22:00";"127";"Acidente s";"547,504";"BR-163/MS";"SUL";"Colisão com veículos (traseira)";0;0;0;0;0;1;0;0;0;1;3;0;0;0;0
"17/12/2021";"16:06:00";"235";"Acidente c";"613,613";"BR-163/MS";"NORTE";"Engavetamento";0;0;0;0;2;0;0;0;0;1;1;16;0;0;0
"17/12/2021";"17:04:00";"244";"Acidente s";"468,838";"BR-163/MS";"SUL";"Colisão c/ obstáculos";0;0;1;0;0;2;0;0;0;1;5;0;0;0;0
"17/12/2021";"18:39:00";"265";"Acidente c";"241,493";"BR-163/MS";"SUL";"Tombamento de moto";0;0;0;1;0;0;0;0;0;0;0;1;0;0;0
"17/12/2021";"19:48:00";"271";"Acidente c";"36,607";"BR-163/MS";"SUL";"Colisão com veículos (traseira)";0;0;2;0;0;3;0;0;0;0;4;1;0;0;0
"17/12/2021";"20:16:00";"279";"Acidente s";"256,719";"BR-163/MS";"SUL";"Colisão c/ obstáculos";1;0;0;0;0;0;0;0;0;0;2;0;0;0;0
"17/12/2021";"20:52:00";"283";"Acidente c";"551,832";"BR-163/MS";"SUL";"Saídas de pista";0;0;1;0;0;0;0;0;0;0;0;1;0;0;0
"17/12/2021";"22:27:00";"295";"Acidente c";"488,494";"BR-163/MS";"NORTE";"Colisão com veículos (frontal)";1;0;0;1;0;0;0;0;0;0;5;0;0;1;0
"18/12/2021";"05:39:00";"31";"Acidente s";"680,958";"BR-163/MS";"SUL";"Colisão lateral no sentido contrário";1;0;0;0;0;1;0;0;0;0;5;0;0;0;0
"18/12/2021";"06:20:00";"38";"Acidente s";"795,296";"BR-163/MS";"NORTE";"Atropelamento de animais";1;0;0;0;0;0;0;0;0;0;2;0;0;0;0
"18/12/2021";"10:39:00";"145";"Acidente c";"444,284";"BR-163/MS";"NORTE";"Saídas de pista";1;0;0;0;0;0;0;0;0;0;2;1;0;0;0
"18/12/2021";"11:30:00";"155";"Acidente s";"275,513";"BR-163/MS";"SUL";"Saídas de pista";1;0;0;0;0;0;0;0;0;0;1;0;0;0;0
"18/12/2021";"11:45:00";"159";"Acidente c";"372";"BR-163/MS";"NORTE";"Capotamento";0;0;1;0;0;0;0;0;0;0;0;1;0;0;0
"18/12/2021";"16:21:00";"229";"Acidente s";"690,8";"BR-163/MS";"SUL";"Colisão c/ obstáculos";0;0;0;0;0;0;0;0;0;1;2;0;0;0;0
"18/12/2021";"18:26:00";"259";"Acidente s";"479,334";"BR-163/MS";"SUL";"Colisão c/ obstáculos";0;0;1;0;0;0;0;0;0;0;1;0;0;0;0
"18/12/2021";"19:23:00";"269";"Acidente s";"166,685";"BR-163/MS";"NORTE";"Atropelamento de animais";1;0;0;0;0;0;0;0;0;0;4;0;0;0;0
"18/12/2021";"20:18:00";"279";"Acidente s";"254,232";"BR-163/MS";"NORTE";"Colisão c/ obstáculos";0;0;0;0;0;0;0;0;0;1;1;0;0;0;0
"18/12/2021";"22:10:00";"293";"Acidente c";"251,138";"BR-163/MS";"NORTE";"Tombamento de moto";0;0;0;1;0;0;0;0;0;0;0;2;0;0;0
"18/12/2021";"22:21:00";"297";"Acidente s";"366,505";"BR-163/MS";"NORTE";"Colisão com veículos (traseira)";2;0;0;0;0;0;0;0;0;0;3;0;0;0;0
"19/12/2021";"01:46:00";"12";"Acidente s";"822,239";"BR-163/MS";"SUL";"Atropelamento de animais";0;0;0;0;0;0;0;0;0;1;4;0;0;0;0
"19/12/2021";"03:52:00";"21";"Acidente s";"229,921";"BR-163/MS";"NORTE";"Colisão c/ obstáculos";1;0;0;0;0;0;0;0;0;0;3;0;0;0;0
"19/12/2021";"08:08:00";"60";"Acidente c";"276,2";"BR-163/MS";"NORTE";"Tombamento";0;0;1;0;0;2;0;0;0;0;2;3;0;0;0
"19/12/2021";"11:18:00";"110";"Acidente s";"489,841";"BR-163/MS";"NORTE";"Colisão com veículos (traseira)";1;0;0;0;0;0;0;0;0;1;6;0;0;0;0
"19/12/2021";"18:28:00";"212";"Acidente c";"534,799";"BR-163/MS";"NORTE";"Atropelamento de animais";0;0;0;1;0;0;0;0;0;0;0;1;0;0;0
"20/12/2021";"05:16:00";"24";"Acidente s";"443,703";"BR-163/MS";"NORTE";"Tombamento";1;0;0;0;0;0;0;0;0;0;1;0;0;0;0
"20/12/2021";"11:11:00";"142";"Acidente s";"589,335";"BR-163/MS";"SUL";"Colisão c/ obstáculos";0;0;0;0;0;0;0;0;0;1;3;0;0;0;0
"20/12/2021";"15:46:00";"205";"Acidente s";"486,425";"BR-163/MS";"NORTE";"Tombamento de moto";0;0;1;1;0;1;0;0;0;0;3;0;0;0;0
"21/12/2021";"00:19:00";"2";"Acidente c";"780,261";"BR-163/MS";"NORTE";"Atropelamento de animais";0;0;0;0;0;0;0;0;0;1;4;0;0;1;0
"21/12/2021";"01:28:00";"7";"Acidente s";"252,488";"BR-163/MS";"SUL";"Atropelamento de animais";0;0;0;0;0;0;0;0;0;1;5;0;0;0;0
"21/12/2021";"08:52:00";"93";"Acidente c";"690,574";"BR-163/MS";"SUL";"Colisão com veículos (frontal)";2;0;1;0;0;1;0;0;0;0;6;1;0;0;4
"21/12/2021";"17:19:00";"215";"Acidente c";"486,584";"BR-163/MS";"SUL";"Colisão lateral no sentido contrário";1;0;0;2;0;0;0;0;0;0;3;1;1;0;0
"21/12/2021";"18:57:00";"239";"Acidente s";"475,811";"BR-163/MS";"NORTE";"Colisão lateral no mesmo sentido";1;0;0;0;0;0;0;0;0;1;2;0;0;0;0
"21/12/2021";"23:52:00";"302";"Acidente s";"703,272";"BR-163/MS";"SUL";"Atropelamento de animais";0;0;0;0;0;0;0;0;0;1;1;0;0;0;0
"22/12/2021";"09:09:00";"114";"Acidente c";"490,635";"BR-163/MS";"NORTE";"Colisão com veículos (traseira)";0;0;0;0;0;0;0;0;0;2;4;0;2;0;0
"22/12/2021";"17:32:00";"264";"Acidente s";"114,251";"BR-163/MS";"NORTE";"Colisão com veículos (frontal)";2;0;0;0;0;0;0;0;0;0;4;0;0;0;0
"22/12/2021";"17:47:00";"269";"Acidente c";"482,536";"BR-163/MS";"NORTE";"Atropelamento de pedestre";1;1;0;0;0;0;0;0;0;0;2;0;1;0;0
"22/12/2021";"20:19:00";"302";"Acidente c";"410,691";"BR-163/MS";"SUL";"Colisão lateral no sentido contrário";1;0;1;0;1;3;0;0;0;0;16;1;0;0;0
"22/12/2021";"22:27:00";"322";"Acidente s";"540,836";"BR-163/MS";"NORTE";"Atropelamento de animais";0;0;0;0;0;0;0;0;0;1;4;0;0;0;0
"22/12/2021";"23:00:00";"325";"Acidente c";"473,644";"BR-163/MS";"SUL";"Atropelamento de animais";1;0;0;0;0;0;0;0;0;0;3;1;0;1;0
"22/12/2021";"23:29:00";"326";"Acidente c";"13,306";"BR-163/MS";"NORTE";"Colisão lateral no sentido contrário";1;0;0;1;0;0;0;0;0;0;2;1;0;0;0
"23/12/2021";"02:20:00";"17";"Acidente s";"46,909";"BR-163/MS";"SUL";"Atropelamento de animais";1;0;0;0;0;0;0;0;0;0;3;0;0;0;0
"23/12/2021";"07:53:00";"82";"Acidente s";"24,5";"BR-163/MS";"SUL";"Colisão c/ obstáculos";0;0;0;0;0;0;0;0;0;1;4;0;0;0;0
"23/12/2021";"15:39:00";"266";"Acidente c";"244,53";"BR-163/MS";"NORTE";"Tombamento de moto";0;0;0;1;0;0;0;0;0;0;0;1;0;0;0
"23/12/2021";"15:52:00";"272";"Acidente s";"486,75";"BR-163/MS";"SUL";"Engavetamento";1;0;0;0;0;1;0;0;0;1;8;0;0;0;0
"23/12/2021";"21:44:00";"358";"Acidente c";"596,206";"BR-163/MS";"SUL";"Capotamento";1;0;0;0;0;0;0;0;0;0;1;2;0;0;0
"24/12/2021";"00:52:00";"6";"Acidente s";"664,52";"BR-163/MS";"NORTE";"Atropelamento de animais";0;0;0;0;1;0;0;0;0;0;45;0;0;0;0
"24/12/2021";"02:04:00";"14";"Acidente c";"211,516";"BR-163/MS";"SUL";"Colisão c/ obstáculos";0;0;0;0;0;0;0;0;0;1;1;1;0;0;0
"24/12/2021";"07:56:00";"71";"Acidente s";"5,787";"BR-163/MS";"NORTE";"Colisão com veículos (traseira)";2;0;0;0;0;0;0;0;0;0;5;0;0;0;0
"24/12/2021";"10:24:00";"112";"Acidente s";"660,45";"BR-163/MS";"NORTE";"Saídas de pista";1;0;0;0;0;0;0;0;0;0;4;0;0;0;0
"24/12/2021";"12:56:00";"148";"Acidente s";"446,342";"BR-163/MS";"SUL";"Capotamento";1;0;0;0;0;0;0;0;0;0;3;0;0;0;0
"24/12/2021";"15:39:00";"191";"Acidente s";"365,39";"BR-163/MS";"NORTE";"Colisão com veículos (traseira)";1;0;0;0;0;1;0;0;0;0;3;0;0;0;0
"24/12/2021";"18:09:00";"231";"Acidente s";"422,237";"BR-163/MS";"NORTE";"Capotamento";1;0;0;0;0;0;0;0;0;0;1;0;0;0;0
"24/12/2021";"18:55:00";"243";"Acidente c";"655,634";"BR-163/MS";"SUL";"Colisão c/ obstáculos";0;0;0;1;0;0;0;0;0;0;0;1;0;0;0
"24/12/2021";"20:02:00";"258";"Acidente s";"511,354";"BR-163/MS";"SUL";"Saídas de pista";0;0;1;0;0;0;0;0;0;0;1;0;0;0;0
"24/12/2021";"20:21:00";"262";"Acidente c";"681,275";"BR-163/MS";"NORTE";"Colisão lateral no sentido contrário";1;0;0;1;0;0;0;0;0;0;2;1;0;0;0
"24/12/2021";"21:51:00";"276";"Acidente c";"451,564";"BR-163/MS";"SUL";"Atropelamento de animais";0;0;0;1;0;0;0;0;0;0;0;1;0;0;0
"25/12/2021";"00:56:00";"5";"Acidente s";"346,704";"BR-163/MS";"SUL";"Saídas de pista";1;0;0;0;0;0;0;0;0;0;1;0;0;0;0
"25/12/2021";"03:51:00";"14";"Acidente s";"276,366";"BR-163/MS";"SUL";"Colisão c/ obstáculos";1;0;0;0;0;0;0;0;0;0;1;0;0;0;0
"25/12/2021";"19:32:00";"137";"Acidente c";"303,382";"BR-163/MS";"SUL";"Colisão com veículos (frontal)";1;0;0;0;0;0;0;0;0;1;0;2;0;0;0
"26/12/2021";"19:57:00";"233";"Acidente s";"267,7";"BR-163/MS";"NORTE";"Capotamento";0;0;0;0;0;0;0;0;0;1;2;0;0;0;0
"26/12/2021";"20:47:00";"244";"Acidente s";"697,392";"BR-163/MS";"SUL";"Colisão c/ obstáculos";1;0;0;0;0;0;0;0;0;0;6;0;0;0;0
"27/12/2021";"00:25:00";"3";"Acidente s";"685,856";"BR-163/MS";"NORTE";"Atropelamento de animais";0;0;0;0;0;0;0;0;0;1;2;0;0;0;0
"27/12/2021";"00:25:00";"4";"Acidente s";"710,219";"BR-163/MS";"NORTE";"Atropelamento de animais";1;0;0;0;0;0;0;0;0;0;5;0;0;0;0
"27/12/2021";"04:36:00";"16";"Acidente c";"306,62";"BR-163/MS";"SUL";"Saídas de pista";0;0;1;0;0;1;0;0;0;0;1;2;0;0;0
"27/12/2021";"14:18:00";"212";"Acidente s";"387,584";"BR-163/MS";"NORTE";"Colisão lateral no mesmo sentido";1;0;1;0;0;1;0;0;0;0;4;0;0;0;0
"27/12/2021";"17:41:00";"283";"Acidente s";"346,684";"BR-163/MS";"SUL";"Saídas de pista";1;0;0;0;0;0;0;0;0;0;3;0;0;0;0
"28/12/2021";"09:27:00";"118";"Acidente s";"783,386";"BR-163/MS";"NORTE";"Saídas de pista";1;0;0;0;0;0;0;0;0;0;5;0;0;0;0
"28/12/2021";"14:47:00";"202";"Acidente s";"112,962";"BR-163/MS";"SUL";"Colisão lateral no mesmo sentido";0;0;1;0;1;1;0;0;0;0;19;0;0;0;0
"28/12/2021";"19:03:00";"252";"Acidente c";"777,37";"BR-163/MS";"SUL";"Colisão com veículos (traseira)";0;0;1;0;0;1;0;0;0;1;2;1;0;0;0
"28/12/2021";"22:19:00";"274";"Acidente s";"484,386";"BR-163/MS";"NORTE";"Colisão lateral no sentido contrário";0;0;1;0;0;2;0;0;0;1;4;0;0;0;0
"29/12/2021";"01:31:00";"5";"Acidente s";"748,72";"BR-163/MS";"NORTE";"Atropelamento de animais";0;0;0;0;0;0;0;0;0;1;4;0;0;0;0
"29/12/2021";"14:20:00";"187";"Acidente c";"679,93";"BR-163/MS";"SUL";"Colisão com veículos (traseira)";1;0;0;0;0;0;0;0;0;1;5;1;0;0;0
"29/12/2021";"14:21:00";"188";"Acidente s";"490,593";"BR-163/MS";"NORTE";"Colisão com veículos (traseira)";2;0;0;0;0;0;0;0;0;0;3;0;0;0;0
"29/12/2021";"22:37:00";"268";"Acidente c";"258,639";"BR-163/MS";"NORTE";"Tombamento de moto";0;0;0;1;0;0;0;0;0;0;0;1;0;0;0
"30/12/2021";"01:54:00";"6";"Acidente s";"661,548";"BR-163/MS";"SUL";"Atropelamento de animais";1;0;0;0;0;0;0;0;0;0;1;0;0;0;0
"30/12/2021";"05:45:00";"19";"Acidente c";"475,781";"BR-163/MS";"SUL";"Colisão lateral no mesmo sentido";0;0;0;1;0;0;0;0;0;1;1;1;0;0;0
"30/12/2021";"06:30:00";"31";"Acidente s";"19,165";"BR-163/MS";"SUL";"Colisão c/ obstáculos";1;0;0;0;0;0;0;0;0;0;1;0;0;0;0
"30/12/2021";"10:48:00";"128";"Acidente s";"617,178";"BR-163/MS";"NORTE";"Colisão com veículos (traseira)";2;0;0;0;0;0;0;0;0;0;8;0;0;0;0
"30/12/2021";"16:18:00";"212";"Acidente c";"503,126";"BR-163/MS";"SUL";"Capotamento";1;0;0;0;0;0;0;0;0;0;0;0;0;2;0
"30/12/2021";"20:40:00";"254";"Acidente c";"20,716";"BR-163/MS";"NORTE";"Tombamento de moto";0;0;0;1;0;0;0;0;0;0;0;1;0;0;0
"30/12/2021";"20:52:00";"255";"Acidente s";"533,715";"BR-163/MS";"SUL";"Colisão c/ obstáculos";1;0;0;0;0;0;0;0;0;0;4;0;0;0;0
"31/12/2021";"07:44:00";"54";"Acidente c";"258,625";"BR-163/MS";"NORTE";"Colisão c/ obstáculos";0;0;0;1;0;0;0;0;0;0;0;1;0;0;0
"31/12/2021";"19:15:00";"217";"Acidente c";"475,824";"BR-163/MS";"SUL";"Tombamento de moto";0;0;0;1;0;0;0;0;0;0;0;1;0;0;0
"31/12/2021";"20:21:00";"226";"Acidente s";"550,281";"BR-163/MS";"NORTE";"Capotamento";1;0;0;0;0;0;0;0;0;0;3;0;0;0;0
"31/12/2021";"20:29:00";"229";"Acidente s";"255";"BR-163/MS";"NORTE";"Saídas de pista";1;0;0;0;0;0;0;0;0;0;1;0;0;0;0
"01/01/2022";"05:22:00";"20";"Acidente c";"393,113";"BR-163/MS";"NORTE";"Colisão lateral no mesmo sentido";0;0;1;0;0;1;0;0;0;1;2;1;0;0;0
"01/01/2022";"13:42:00";"82";"Acidente c";"56,517";"BR-163/MS";"SUL";"Tombamento";0;0;1;0;0;2;0;0;0;0;2;1;0;0;0
"01/01/2022";"15:17:00";"96";"Acidente s";"823,541";"BR-163/MS";"NORTE";"Tombamento de moto";0;0;0;1;0;0;0;0;0;0;1;0;0;0;0
"02/01/2022";"17:26:00";"186";"Acidente s";"485,75";"BR-163/MS";"NORTE";"Colisão com veículos (traseira)";1;0;0;0;0;0;0;0;0;1;5;0;0;0;0
"02/01/2022";"19:12:00";"208";"Acidente s";"813,815";"BR-163/MS";"NORTE";"Colisão lateral no sentido contrário";1;0;0;0;0;0;0;0;0;1;13;0;0;0;0
"02/01/2022";"19:47:00";"220";"Acidente s";"842,358";"BR-163/MS";"NORTE";"Saídas de pista";1;0;0;0;0;0;0;0;0;0;3;0;0;0;0
"03/01/2022";"02:08:00";"8";"Acidente s";"595,71";"BR-163/MS";"NORTE";"Atropelamento de animais";1;0;0;0;0;0;0;0;0;0;4;0;0;0;0
"03/01/2022";"08:23:00";"76";"Acidente c";"500,497";"BR-163/MS";"SUL";"Tombamento de moto";0;0;0;1;0;0;0;0;0;0;1;0;1;0;0
"03/01/2022";"10:08:00";"114";"Acidente c";"486,487";"BR-163/MS";"NORTE";"Engavetamento";3;0;0;0;0;0;0;0;0;0;10;0;1;0;0
"03/01/2022";"12:56:00";"146";"Acidente s";"151,736";"BR-163/MS";"NORTE";"Tombamento";0;0;1;0;0;0;0;0;0;0;1;0;0;0;0
"03/01/2022";"20:03:00";"218";"Acidente s";"511,165";"BR-163/MS";"SUL";"Colisão c/ obstáculos";1;0;1;0;0;1;0;0;0;0;7;0;0;0;0
"04/01/2022";"08:00:00";"49";"Acidente c";"472,551";"BR-163/MS";"NORTE";"Tombamento de moto";0;0;0;1;0;0;0;0;0;0;0;2;0;0;0
"04/01/2022";"10:09:00";"91";"Acidente c";"103,642";"BR-163/MS";"NORTE";"Tombamento";0;0;1;0;0;0;0;0;0;0;0;0;1;0;0
"04/01/2022";"16:47:00";"171";"Acidente c";"695,244";"BR-163/MS";"NORTE";"Capotamento";0;0;1;0;0;0;0;0;0;0;0;1;0;0;0
"05/01/2022";"05:16:00";"16";"Acidente c";"465,3";"BR-163/MS";"NORTE";"Colisão lateral no sentido contrário";0;0;1;1;0;2;0;0;0;0;3;1;0;0;0
"05/01/2022";"09:44:00";"105";"Acidente s";"636,701";"BR-163/MS";"NORTE";"Saídas de pista";1;0;0;0;0;0;0;0;0;0;2;0;0;0;0
"05/01/2022";"15:06:00";"184";"Acidente c";"490,418";"BR-163/MS";"SUL";"Colisão lateral no sentido contrário";0;0;0;1;0;0;0;0;0;1;5;1;0;0;0
"05/01/2022";"17:39:00";"223";"Acidente c";"485,146";"BR-163/MS";"SUL";"Tombamento de moto";0;0;0;1;0;0;0;0;0;0;0;0;1;0;0
"05/01/2022";"19:13:00";"236";"Acidente s";"550,534";"BR-163/MS";"SUL";"Atropelamento de animais";0;0;0;0;0;0;0;0;0;1;2;0;0;0;0
"05/01/2022";"21:39:00";"247";"Acidente s";"721,491";"BR-163/MS";"NORTE";"Atropelamento de animais";1;0;0;0;0;0;0;0;0;0;3;0;0;0;0
"06/01/2022";"05:07:00";"12";"Acidente s";"391,538";"BR-163/MS";"SUL";"Colisão com veículos (traseira)";1;0;0;0;0;0;0;0;0;1;7;0;0;0;0
"06/01/2022";"06:53:00";"39";"Acidente s";"736,914";"BR-163/MS";"NORTE";"Saídas de pista";1;0;0;0;0;1;0;0;0;0;3;0;0;0;0
"06/01/2022";"13:17:00";"141";"Acidente c";"600,779";"BR-163/MS";"NORTE";"Saídas de pista";0;0;0;0;0;0;0;0;0;1;4;1;0;0;0
"06/01/2022";"22:35:00";"251";"Acidente c";"778,857";"BR-163/MS";"SUL";"Tombamento";0;0;1;0;0;1;0;0;0;0;1;0;1;0;0
"07/01/2022";"07:59:00";"53";"Acidente s";"838,287";"BR-163/MS";"SUL";"Tombamento";0;0;1;0;0;0;0;0;0;0;1;0;0;0;0
"07/01/2022";"13:30:00";"142";"Acidente s";"408,113";"BR-163/MS";"SUL";"Saídas de pista";0;0;1;0;0;2;0;0;0;0;3;0;0;0;0
"07/01/2022";"18:31:00";"193";"Acidente c";"682,3";"BR-163/MS";"SUL";"Colisão lateral no mesmo sentido";1;0;1;0;0;3;0;0;0;0;4;1;0;0;0
"07/01/2022";"20:12:00";"213";"Acidente c";"78,9";"BR-163/MS";"SUL";"Colisão c/ obstáculos";1;0;0;1;0;0;0;0;0;0;1;2;0;0;0
"07/01/2022";"21:34:00";"222";"Acidente s";"451,39";"BR-163/MS";"SUL";"Atropelamento de animais";0;0;0;0;0;0;0;0;0;1;2;0;0;0;0
"08/01/2022";"00:03:00";"1";"Acidente c";"534,677";"BR-163/MS";"SUL";"Atropelamento de animais";0;0;0;0;0;0;0;0;0;1;3;1;0;0;0
"08/01/2022";"03:34:00";"16";"Acidente c";"462,99";"BR-163/MS";"NORTE";"Atropelamento de animais";0;0;0;0;0;0;0;0;0;1;1;3;0;0;0
"08/01/2022";"03:53:00";"20";"Acidente s";"652,822";"BR-163/MS";"SUL";"Atropelamento de animais";0;0;0;0;0;0;0;0;0;1;3;0;0;0;0
"08/01/2022";"13:57:00";"132";"Acidente s";"490,607";"BR-163/MS";"NORTE";"Colisão com veículos (traseira)";1;0;0;0;0;0;0;0;0;1;7;0;0;0;0
"08/01/2022";"14:19:00";"140";"Acidente s";"681,432";"BR-163/MS";"SUL";"Colisão com veículos (traseira)";0;0;0;0;0;0;0;0;0;2;9;0;0;0;0
"08/01/2022";"14:24:00";"141";"Acidente c";"843,266";"BR-163/MS";"NORTE";"Engavetamento";1;0;1;0;0;1;0;0;0;1;7;1;0;0;0
"08/01/2022";"15:52:00";"156";"Acidente s";"408,86";"BR-163/MS";"NORTE";"Colisão com veículos (traseira)";0;0;1;0;0;3;0;0;0;0;4;0;0;0;0
"08/01/2022";"17:57:00";"175";"Acidente s";"483,119";"BR-163/MS";"NORTE";"Colisão lateral no mesmo sentido";1;0;1;0;0;2;0;0;0;0;4;0;0;0;0
"09/01/2022";"05:05:00";"26";"Acidente c";"487,14";"BR-163/MS";"SUL";"Colisão com veículos (frontal)";1;0;1;0;0;2;0;0;0;0;3;0;0;1;0
"09/01/2022";"06:41:00";"35";"Acidente c";"311,375";"BR-163/MS";"NORTE";"Tombamento de moto";0;0;0;1;0;0;0;0;0;0;0;0;0;0;1
"09/01/2022";"09:55:00";"64";"Acidente s";"666,118";"BR-163/MS";"NORTE";"Colisão com veículos (traseira)";0;0;1;1;0;0;0;0;0;0;1;0;0;0;0
"09/01/2022";"19:27:00";"161";"Acidente c";"481,984";"BR-163/MS";"SUL";"Capotamento";0;0;0;0;0;0;0;0;0;1;0;1;0;0;0
"10/01/2022";"08:40:00";"90";"Acidente s";"484,409";"BR-163/MS";"NORTE";"Colisão com veículos (traseira)";1;0;0;1;0;0;0;0;0;0;3;0;0;0;0
"10/01/2022";"09:16:00";"106";"Acidente s";"251,788";"BR-163/MS";"NORTE";"Colisão com veículos (traseira)";0;0;0;0;0;0;0;0;0;2;3;0;0;0;0
"10/01/2022";"09:27:00";"109";"Acidente s";"265,149";"BR-163/MS";"SUL";"Colisão lateral no mesmo sentido";1;0;1;0;0;0;0;0;0;0;5;0;0;0;0
"10/01/2022";"11:32:00";"159";"Acidente c";"731,685";"BR-163/MS";"NORTE";"Tombamento de moto";0;0;0;1;0;0;0;0;0;0;0;1;0;0;0
"10/01/2022";"16:25:00";"230";"Acidente s";"575,547";"BR-163/MS";"NORTE";"Colisão lateral no mesmo sentido";1;0;1;0;0;0;0;0;0;0;3;0;0;0;0
"10/01/2022";"20:56:00";"273";"Acidente s";"436,233";"BR-163/MS";"SUL";"Atropelamento de animais";1;0;0;0;0;0;0;0;0;0;2;0;0;0;0
"11/01/2022";"06:48:00";"38";"Acidente s";"364,3";"BR-163/MS";"NORTE";"Colisão com veículos (traseira)";1;0;1;0;0;0;0;0;0;0;3;0;0;0;0
"11/01/2022";"07:20:00";"51";"Acidente s";"614,821";"BR-163/MS";"NORTE";"Colisão lateral no sentido contrário";1;0;0;0;0;0;0;0;0;1;3;0;0;0;0
"11/01/2022";"07:23:00";"52";"Acidente s";"520,35";"BR-163/MS";"NORTE";"Colisão lateral no mesmo sentido";1;0;0;0;0;0;0;0;0;1;9;0;0;0;0
"12/01/2022";"03:01:00";"5";"Acidente s";"443,781";"BR-163/MS";"SUL";"Saídas de pista";1;0;0;0;0;0;0;0;0;0;4;0;0;0;0
"12/01/2022";"14:19:00";"167";"Acidente c";"485,19";"BR-163/MS";"NORTE";"Tombamento de moto";0;0;0;1;0;0;0;0;0;0;0;1;0;0;0
"13/01/2022";"06:15:00";"21";"Acidente c";"103,801";"BR-163/MS";"SUL";"Tombamento";0;0;1;0;0;2;0;0;0;0;2;1;0;0;0
"13/01/2022";"09:32:00";"95";"Acidente s";"562,6";"BR-163/MS";"SUL";"Colisão com veículos (traseira)";1;0;0;0;0;0;0;0;0;1;4;0;0;0;0
"13/01/2022";"10:58:00";"111";"Acidente s";"278,75";"BR-163/MS";"SUL";"Tombamento";0;0;1;0;0;1;0;0;0;0;2;0;0;0;0
"14/01/2022";"15:26:00";"184";"Acidente c";"763,779";"BR-163/MS";"SUL";"Tombamento";0;0;1;0;0;2;0;0;0;0;2;1;0;0;0
"14/01/2022";"16:19:00";"192";"Acidente c";"398,857";"BR-163/MS";"NORTE";"Colisão com veículos (traseira)";0;0;2;0;0;3;0;0;0;0;4;0;1;0;0
"14/01/2022";"18:07:00";"217";"Acidente s";"327,412";"BR-163/MS";"NORTE";"Colisão com veículos (traseira)";1;0;0;0;0;0;0;0;0;1;3;0;0;0;0
"15/01/2022";"02:36:00";"10";"Acidente c";"485,28";"BR-163/MS";"SUL";"Colisão lateral no sentido contrário";1;0;0;0;1;0;0;0;0;0;34;2;0;0;0
"15/01/2022";"07:43:00";"55";"Acidente c";"623,5";"BR-163/MS";"NORTE";"Capotamento";1;0;0;0;0;0;0;0;0;0;1;1;0;0;0
"15/01/2022";"08:37:00";"69";"Acidente c";"11,227";"BR-163/MS";"NORTE";"Tombamento de moto";0;0;0;1;0;0;0;0;0;0;1;1;0;0;0
"15/01/2022";"15:19:00";"171";"Acidente c";"484,826";"BR-163/MS";"NORTE";"Engavetamento";1;0;0;0;0;0;0;0;0;2;4;1;0;0;0
"15/01/2022";"21:29:00";"257";"Acidente s";"128,319";"BR-163/MS";"NORTE";"Atropelamento de animais";1;0;0;0;0;0;0;0;0;0;4;0;0;0;0
"15/01/2022";"21:59:00";"258";"Atropelame";"484,733";"BR-163/MS";"NORTE";"Atropelamento de pedestre";0;1;0;0;0;0;0;0;0;0;0;2;0;0;0
"16/01/2022";"14:44:00";"123";"Acidente c";"834,19";"BR-163/MS";"NORTE";"Capotamento";1;0;0;0;0;0;0;0;0;0;1;3;0;0;0
"16/01/2022";"18:02:00";"159";"Acidente s";"144,683";"BR-163/MS";"NORTE";"Colisão c/ obstáculos";0;0;2;0;0;0;0;0;0;0;2;0;0;0;0