data;horario;n_da_ocorrencia;tipo_de_ocorrencia;km;trecho;sentido;tipo_de_acidente;automovel;bicicleta;caminhao;moto;onibus;outros;tracao_animal;transporte_de_cargas_especiais;trator_maquinas;utilitarios;ilesos;levemente_feridos;moderadamente_feridos;gravemente_feridos;mortos
"01/03/2022";"11:10:00";"116";"Acidente s";"27,685";"BR-163/MS";"SUL";"Colisão com veículos (traseira)";1;0;1;0;0;0;0;0;0;0;3;0;0;0;0
"01/03/2022";"14:47:00";"174";"Acidente s";"181,48";"BR-163/MS";"SUL";"Saídas de pista";1;0;0;0;0;0;0;0;0;0;1;0;0;0;0
"01/03/2022";"17:29:00";"206";"Acidente c";"330,482";"BR-163/MS";"SUL";"Colisão com veículos (traseira)";0;2;0;0;0;0;0;0;0;0;0;0;0;1;0
"01/03/2022";"22:11:00";"251";"Acidente c";"605,309";"BR-163/MS";"NORTE";"Capotamento";0;0;0;0;0;0;0;0;0;1;0;1;0;0;0
"02/03/2022";"00:33:00";"4";"Acidente s";"440,647";"BR-163/MS";"NORTE";"Atropelamento de animais";1;0;0;0;0;0;0;0;0;0;4;0;0;0;0
"02/03/2022";"02:02:00";"7";"Acidente s";"41,967";"BR-163/MS";"NORTE";"Atropelamento de animais";0;0;0;0;1;0;0;0;0;0;1;0;0;0;0
"02/03/2022";"05:20:00";"21";"Acidente s";"807,427";"BR-163/MS";"SUL";"Atropelamento de animais";1;0;0;0;0;0;0;0;0;0;2;0;0;0;0
"02/03/2022";"17:13:00";"208";"Acidente c";"680,241";"BR-163/MS";"SUL";"Colisão c/ obstáculos";0;1;0;0;0;0;0;0;0;0;0;1;0;0;0
"02/03/2022";"17:42:00";"216";"Acidente s";"147,27";"BR-163/MS";"NORTE";"Tombamento";0;0;1;0;0;1;0;0;0;0;2;0;0;0;0
"02/03/2022";"22:48:00";"260";"Acidente s";"368,165";"BR-163/MS";"NORTE";"Colisão com veículos (traseira)";0;0;1;0;0;0;0;0;0;1;2;0;0;0;0
"03/03/2022";"00:10:00";"4";"Acidente s";"265,941";"BR-163/MS";"SUL";"Colisão com veículos (traseira)";1;0;0;0;0;0;0;0;0;1;2;0;0;0;0
"03/03/2022";"10:43:00";"149";"Acidente c";"211,295";"BR-163/MS";"NORTE";"Tombamento de moto";0;0;0;1;0;0;0;0;0;0;0;1;0;0;0
"04/03/2022";"11:16:00";"130";"Acidente c";"690,216";"BR-163/MS";"SUL";"Colisão com veículos (frontal)";2;0;0;0;0;0;0;0;0;0;0;2;0;1;0
"04/03/2022";"12:53:00";"146";"Acidente c";"676,274";"BR-163/MS";"NORTE";"Colisão com veículos (frontal)";1;0;1;0;0;2;0;0;0;0;3;0;0;0;1
"04/03/2022";"17:13:00";"205";"Acidente s";"603,311";"BR-163/MS";"NORTE";"Colisão com veículos (traseira)";1;0;0;0;0;0;0;0;0;1;4;0;0;0;0
"04/03/2022";"17:46:00";"214";"Acidente s";"144,686";"BR-163/MS";"SUL";"Saídas de pista";0;0;0;0;0;0;0;0;0;1;1;0;0;0;0
"04/03/2022";"20:03:00";"242";"Acidente c";"478,695";"BR-163/MS";"NORTE";"Colisão c/ obstáculos";0;0;0;1;0;0;0;0;0;0;0;1;0;0;0
"04/03/2022";"23:48:00";"259";"Atropelame";"491,332";"BR-163/MS";"SUL";"Atropelamento de pedestre";0;0;1;0;0;0;0;0;0;0;1;1;0;0;0
"05/03/2022";"01:42:00";"15";"Acidente c";"420,827";"BR-163/MS";"SUL";"Tombamento de moto";0;0;0;1;0;0;0;0;0;0;0;1;0;0;0
"05/03/2022";"16:07:00";"191";"Acidente c";"471,84";"BR-163/MS";"SUL";"Colisão com veículos (frontal)";1;0;1;0;0;2;0;0;0;0;3;0;0;0;1
"05/03/2022";"16:21:00";"194";"Acidente c";"442,219";"BR-163/MS";"NORTE";"Colisão lateral no sentido contrário";2;0;0;0;0;0;0;0;0;0;3;3;0;0;0
"06/03/2022";"13:36:00";"113";"Acidente c";"113,73";"BR-163/MS";"SUL";"Tombamento de moto";0;0;0;1;0;0;0;0;0;0;1;1;0;0;0
"06/03/2022";"18:52:00";"181";"Acidente s";"263,12";"BR-163/MS";"SUL";"Colisão com veículos (traseira)";1;0;0;0;0;0;0;0;0;1;3;0;0;0;0
"06/03/2022";"23:55:00";"211";"Acidente c";"497,952";"BR-163/MS";"NORTE";"Colisão com veículos (frontal)";1;0;1;0;0;1;0;0;0;0;2;0;0;1;0
"07/03/2022";"02:08:00";"9";"Acidente c";"288,878";"BR-163/MS";"SUL";"Tombamento";0;0;1;0;0;0;0;0;0;0;0;1;0;0;0
"07/03/2022";"15:16:00";"199";"Acidente c";"307";"BR-163/MS";"SUL";"Colisão com veículos (traseira)";0;0;0;2;0;0;0;0;0;0;1;1;0;0;0
"07/03/2022";"16:18:00";"217";"Acidente c";"680,792";"BR-163/MS";"NORTE";"Colisão com veículos (traseira)";1;0;0;1;0;0;0;0;0;0;2;1;0;0;0
"07/03/2022";"22:40:00";"288";"Acidente s";"738,56";"BR-163/MS";"SUL";"Atropelamento de animais";1;0;0;0;0;0;0;0;0;0;5;0;0;0;0
"08/03/2022";"03:00:00";"10";"Acidente s";"181,321";"BR-163/MS";"NORTE";"Saídas de pista";0;0;0;0;0;0;0;0;0;1;3;0;0;0;0
"08/03/2022";"08:25:00";"91";"Acidente s";"129,482";"BR-163/MS";"NORTE";"Engavetamento";0;0;4;0;0;0;0;0;0;0;4;0;0;0;0
"08/03/2022";"18:34:00";"235";"Acidente c";"614,806";"BR-163/MS";"SUL";"Colisão com veículos (traseira)";0;0;0;1;0;0;0;0;0;1;1;1;0;0;0
"09/03/2022";"14:33:00";"190";"Acidente s";"665,483";"BR-163/MS";"SUL";"Saídas de pista";0;0;1;0;0;2;0;0;0;0;3;0;0;0;0
"09/03/2022";"15:52:00";"208";"Acidente c";"479,166";"BR-163/MS";"NORTE";"Tombamento de moto";0;0;1;1;0;0;0;0;0;0;1;1;0;0;0
"09/03/2022";"18:20:00";"241";"Acidente c";"482,401";"BR-163/MS";"SUL";"Colisão lateral no sentido contrário";0;0;0;2;0;0;0;0;0;0;0;1;1;0;0
"09/03/2022";"18:46:00";"249";"Acidente s";"159,516";"BR-163/MS";"NORTE";"Atropelamento de animais";1;0;0;0;0;0;0;0;0;0;1;0;0;0;0
"09/03/2022";"23:06:00";"291";"Acidente s";"522,452";"BR-163/MS";"SUL";"Atropelamento de animais";1;0;0;0;0;0;0;0;0;0;3;0;0;0;0
"09/03/2022";"23:19:00";"294";"Acidente s";"522,452";"BR-163/MS";"SUL";"Colisão c/ obstáculos";1;0;0;0;0;0;0;0;0;0;3;0;0;0;0
"10/03/2022";"03:39:00";"16";"Acidente s";"78,323";"BR-163/MS";"NORTE";"Tombamento de moto";0;0;0;1;0;0;0;0;0;0;1;0;0;0;0
"10/03/2022";"13:10:00";"165";"Acidente s";"13,38";"BR-163/MS";"SUL";"Saídas de pista";1;0;0;0;0;0;0;0;0;0;1;0;0;0;0
"10/03/2022";"14:10:00";"176";"Acidente s";"22,635";"BR-163/MS";"NORTE";"Colisão lateral no mesmo sentido";2;0;0;0;0;0;0;0;0;0;5;0;0;0;0
"10/03/2022";"18:22:00";"221";"Acidente s";"258,359";"BR-163/MS";"SUL";"Tombamento";0;1;1;0;0;0;0;0;0;0;2;0;0;0;0
"10/03/2022";"19:43:00";"236";"Acidente s";"756,586";"BR-163/MS";"SUL";"Atropelamento de animais";0;0;0;0;0;1;0;0;0;1;2;0;0;0;0
"11/03/2022";"03:40:00";"12";"Acidente c";"735,729";"BR-163/MS";"SUL";"Tombamento";0;0;1;0;0;1;0;0;0;0;1;1;0;0;0
"11/03/2022";"04:20:00";"15";"Acidente s";"545,741";"BR-163/MS";"NORTE";"Colisão c/ obstáculos";0;0;1;0;0;0;0;0;0;0;1;0;0;0;0
"11/03/2022";"05:35:00";"21";"Acidente s";"578,59";"BR-163/MS";"SUL";"Colisão c/ obstáculos";1;0;0;0;0;0;0;0;0;0;3;0;0;0;0
"11/03/2022";"13:41:00";"165";"Acidente s";"555,858";"BR-163/MS";"SUL";"Colisão com veículos (traseira)";2;0;0;0;0;0;0;0;0;0;2;0;0;0;0
"11/03/2022";"17:49:00";"223";"Acidente s";"475,239";"BR-163/MS";"SUL";"Engavetamento";2;0;1;0;0;1;0;0;0;0;8;0;0;0;0
"11/03/2022";"19:04:00";"246";"Acidente s";"258,696";"BR-163/MS";"NORTE";"Colisão c/ obstáculos";0;0;1;0;0;0;0;0;0;0;1;0;0;0;0
"12/03/2022";"00:05:00";"3";"Acidente c";"384,13";"BR-163/MS";"NORTE";"Colisão com veículos (traseira)";0;0;0;1;0;0;0;0;0;1;1;1;0;0;0
"12/03/2022";"09:00:00";"92";"Acidente c";"672";"BR-163/MS";"NORTE";"Tombamento";0;0;1;0;0;2;0;0;0;0;2;1;0;0;0
"12/03/2022";"22:41:00";"270";"Acidente s";"381,952";"BR-163/MS";"SUL";"Atropelamento de animais";1;0;0;0;0;0;0;0;0;0;3;0;0;0;0
"13/03/2022";"00:21:00";"8";"Acidente c";"395,894";"BR-163/MS";"NORTE";"Capotamento";1;0;0;0;0;0;0;0;0;0;2;1;0;0;0
"13/03/2022";"19:51:00";"236";"Acidente s";"168,63";"BR-163/MS";"SUL";"Atropelamento de animais";1;0;0;0;0;0;0;0;0;0;2;0;0;0;0
"13/03/2022";"20:58:00";"244";"Acidente s";"363,949";"BR-163/MS";"SUL";"Colisão c/ obstáculos";1;0;0;0;0;0;0;0;0;0;4;0;0;0;0
"14/03/2022";"06:02:00";"23";"Acidente c";"217,629";"BR-163/MS";"SUL";"Tombamento de moto";0;0;0;1;0;0;0;0;0;0;0;0;1;0;0
"14/03/2022";"06:59:00";"39";"Acidente c";"342,727";"BR-163/MS";"SUL";"Colisão lateral no mesmo sentido";1;0;0;1;0;0;0;0;0;0;1;1;0;0;0
"14/03/2022";"11:21:00";"147";"Acidente s";"475,774";"BR-163/MS";"SUL";"Colisão lateral no sentido contrário";1;0;0;0;0;0;0;0;0;1;2;0;0;0;0
"14/03/2022";"13:05:00";"166";"Acidente s";"307,221";"BR-163/MS";"SUL";"Colisão com veículos (traseira)";1;0;0;0;0;0;0;0;0;1;4;0;0;0;0
"14/03/2022";"19:53:00";"249";"Acidente s";"500,235";"BR-163/MS";"SUL";"Colisão com veículos (traseira)";0;0;1;0;0;0;0;0;0;1;2;0;0;0;0
"14/03/2022";"21:55:00";"271";"Acidente c";"258,556";"BR-163/MS";"NORTE";"Tombamento de moto";0;0;0;1;0;0;0;0;0;0;0;1;0;0;0
"15/03/2022";"15:46:00";"202";"Acidente c";"181,786";"BR-163/MS";"NORTE";"Colisão com veículos (frontal)";0;0;2;0;0;0;0;0;0;1;1;0;1;1;0
"15/03/2022";"21:01:00";"265";"Acidente s";"834,714";"BR-163/MS";"NORTE";"Saídas de pista";0;0;0;0;0;0;0;0;0;1;1;0;0;0;0
"15/03/2022";"22:07:00";"273";"Acidente s";"740,794";"BR-163/MS";"SUL";"Atropelamento de animais";0;0;0;0;0;0;0;0;0;1;5;0;0;0;0
"16/03/2022";"01:35:00";"11";"Acidente c";"256,52";"BR-163/MS";"SUL";"Tombamento de moto";0;0;0;1;0;0;0;0;0;0;1;1;0;0;0
"16/03/2022";"01:45:00";"13";"Acidente c";"283,32";"BR-163/MS";"NORTE";"Colisão com veículos (traseira)";0;0;2;0;0;1;0;0;0;0;2;1;0;0;0
"16/03/2022";"07:00:00";"53";"Acidente c";"468,798";"BR-163/MS";"NORTE";"Tombamento de moto";0;0;0;1;0;0;0;0;0;0;0;0;2;0;0
"16/03/2022";"11:21:00";"153";"Acidente c";"258,547";"BR-163/MS";"NORTE";"Tombamento de moto";0;0;0;1;0;0;0;0;0;0;0;1;0;0;0
"16/03/2022";"15:01:00";"210";"Acidente s";"463,736";"BR-163/MS";"SUL";"Tombamento";0;0;1;0;0;1;0;0;0;0;2;0;0;0;0
"16/03/2022";"16:23:00";"236";"Acidente s";"465,965";"BR-163/MS";"SUL";"Colisão c/ obstáculos";0;0;1;0;0;0;0;0;0;1;2;0;0;0;0
"17/03/2022";"02:09:00";"8";"Acidente s";"843,681";"BR-163/MS";"SUL";"Tombamento";0;0;1;0;0;1;0;0;0;0;2;0;0;0;0
"17/03/2022";"07:01:00";"36";"Acidente c";"670,27";"BR-163/MS";"NORTE";"Colisão lateral no mesmo sentido";1;0;1;0;0;0;0;0;0;0;2;1;0;0;0
"17/03/2022";"08:51:00";"78";"Acidente c";"756,602";"BR-163/MS";"NORTE";"Colisão lateral no mesmo sentido";1;0;1;0;0;1;0;0;0;0;2;1;0;0;0
"17/03/2022";"16:46:00";"244";"Acidente s";"484,855";"BR-163/MS";"NORTE";"Engavetamento";2;0;0;0;0;1;0;0;0;1;6;0;0;0;0
"17/03/2022";"19:25:00";"288";"Acidente s";"516,332";"BR-163/MS";"SUL";"Colisão com veículos (traseira)";1;0;0;1;0;0;0;0;0;0;2;0;0;0;0
"18/03/2022";"16:20:00";"201";"Acidente s";"13,217";"BR-163/MS";"SUL";"Capotamento";1;0;0;0;0;0;0;0;0;0;1;0;0;0;0
"18/03/2022";"17:30:00";"220";"Acidente s";"518,747";"BR-163/MS";"SUL";"Saídas de pista";1;0;0;0;0;0;0;0;0;0;1;0;0;0;0
"18/03/2022";"19:17:00";"239";"Acidente c";"13,766";"BR-163/MS";"SUL";"Colisão com veículos (traseira)";1;0;1;0;0;0;0;0;0;0;3;2;0;0;0
"19/03/2022";"01:15:00";"5";"Acidente c";"261,486";"BR-163/MS";"SUL";"Atropelamento de animais";1;0;0;0;0;0;0;0;0;0;0;1;0;0;0
"19/03/2022";"04:29:00";"17";"Acidente s";"91,365";"BR-163/MS";"SUL";"Tombamento";0;0;1;0;0;2;0;0;0;0;3;0;0;0;0
"19/03/2022";"11:14:00";"111";"Atropelame";"682,35";"BR-163/MS";"NORTE";"Atropelamento de pedestre";0;1;1;0;0;0;0;0;0;0;1;0;0;1;0
"19/03/2022";"15:23:00";"163";"Acidente c";"838,187";"BR-163/MS";"NORTE";"Saídas de pista";0;0;1;0;0;0;0;0;0;0;0;4;0;0;0
"19/03/2022";"18:28:00";"203";"Acidente c";"366,582";"BR-163/MS";"SUL";"Colisão lateral no sentido contrário";1;1;0;0;0;0;0;0;0;0;1;1;0;0;0
"19/03/2022";"19:17:00";"213";"Acidente c";"615,363";"BR-163/MS";"NORTE";"Colisão lateral no sentido contrário";1;0;0;0;0;0;0;0;0;1;1;1;0;0;0
"20/03/2022";"05:02:00";"17";"Acidente s";"841,537";"BR-163/MS";"SUL";"Saídas de pista";0;0;0;0;0;0;0;0;0;1;2;0;0;0;0
"20/03/2022";"13:55:00";"115";"Acidente c";"506,953";"BR-163/MS";"NORTE";"Capotamento";1;0;0;0;0;0;0;0;0;0;1;1;0;0;0
"21/03/2022";"08:58:00";"80";"Acidente c";"104,675";"BR-163/MS";"NORTE";"Outros";0;0;1;1;0;1;0;0;0;0;2;0;1;0;0
"21/03/2022";"14:20:00";"173";"Acidente c";"484,383";"BR-163/MS";"NORTE";"Colisão com veículos (traseira)";2;0;0;0;0;0;0;0;0;0;1;1;0;0;0
"22/03/2022";"04:58:00";"16";"Acidente s";"620,797";"BR-163/MS";"NORTE";"Atropelamento de animais";0;0;0;0;0;0;0;0;0;1;4;0;0;0;0
"22/03/2022";"20:30:00";"295";"Acidente s";"556,142";"BR-163/MS";"NORTE";"Saídas de pista";0;0;1;0;0;0;0;0;0;0;4;0;0;0;0
"22/03/2022";"20:51:00";"300";"Acidente c";"12,207";"BR-163/MS";"NORTE";"Colisão com veículos (frontal)";1;0;1;0;0;2;0;0;0;0;4;1;0;0;0
"23/03/2022";"18:37:00";"258";"Acidente s";"768,83";"BR-163/MS";"NORTE";"Atropelamento de animais";0;0;1;0;0;0;0;0;0;0;1;0;0;0;0
"23/03/2022";"19:11:00";"267";"Acidente c";"248,556";"BR-163/MS";"NORTE";"Tombamento de moto";0;0;0;1;0;0;0;0;0;0;0;0;1;0;0
"24/03/2022";"01:09:00";"10";"Acidente s";"476,707";"BR-163/MS";"NORTE";"Capotamento";0;0;0;0;0;0;0;0;0;1;1;0;0;0;0
"24/03/2022";"04:15:00";"27";"Acidente s";"690,482";"BR-163/MS";"SUL";"Atropelamento de animais";1;0;0;0;0;0;0;0;0;0;5;0;0;0;0
"24/03/2022";"10:37:00";"139";"Acidente c";"574,732";"BR-163/MS";"NORTE";"Colisão lateral no mesmo sentido";0;0;3;0;0;4;0;0;0;1;6;1;1;0;0
"24/03/2022";"10:39:00";"136";"Atropelame";"183,596";"BR-163/MS";"SUL";"Atropelamento de pedestre";1;0;0;0;0;0;0;0;0;0;1;0;0;0;1
"24/03/2022";"15:13:00";"207";"Acidente c";"475,81";"BR-163/MS";"SUL";"Colisão lateral no sentido contrário";0;0;0;1;0;0;0;0;0;1;1;1;0;0;0
"24/03/2022";"18:29:00";"253";"Acidente c";"526,528";"BR-163/MS";"SUL";"Colisão com veículos (traseira)";0;0;1;0;0;2;0;0;0;1;4;0;1;0;0
"24/03/2022";"18:56:00";"257";"Acidente c";"258,8";"BR-163/MS";"NORTE";"Colisão c/ obstáculos";0;0;0;1;0;0;0;0;0;0;0;1;0;0;0
"25/03/2022";"04:50:00";"16";"Acidente c";"263,71";"BR-163/MS";"SUL";"Colisão lateral no sentido contrário";0;1;0;1;0;0;0;0;0;0;1;1;0;0;0
"25/03/2022";"04:58:00";"17";"Acidente s";"69,873";"BR-163/MS";"NORTE";"Tombamento";0;0;1;0;0;0;0;0;0;0;1;0;0;0;0
"25/03/2022";"08:14:00";"51";"Acidente c";"477,285";"BR-163/MS";"NORTE";"Engavetamento";0;0;3;0;0;2;0;0;0;0;6;1;0;0;0
"25/03/2022";"16:24:00";"200";"Acidente s";"728,939";"BR-163/MS";"NORTE";"Colisão lateral no sentido contrário";2;0;0;0;0;0;0;0;0;0;6;0;0;0;0
"25/03/2022";"19:11:00";"240";"Acidente s";"414,36";"BR-163/MS";"NORTE";"Colisão com veículos (traseira)";0;0;1;0;0;2;0;0;0;1;6;0;0;0;0
"26/03/2022";"08:51:00";"67";"Acidente c";"689,709";"BR-163/MS";"NORTE";"Tombamento de moto";0;0;0;1;0;0;0;0;0;0;0;1;0;0;0
"26/03/2022";"11:01:00";"108";"Acidente c";"252";"BR-163/MS";"NORTE";"Colisão com veículos (traseira)";0;0;0;2;0;0;0;0;0;0;1;0;1;0;0
"27/03/2022";"06:04:00";"24";"Acidente s";"765,298";"BR-163/MS";"NORTE";"Saídas de pista";0;0;1;0;0;1;0;0;0;0;2;0;0;0;0
"27/03/2022";"11:32:00";"100";"Acidente c";"498,734";"BR-163/MS";"SUL";"Colisão c/ obstáculos";1;0;0;0;0;0;0;0;0;0;1;0;1;0;0
"27/03/2022";"15:57:00";"166";"Acidente c";"30,917";"BR-163/MS";"NORTE";"Colisão lateral no mesmo sentido";1;0;0;0;0;1;0;0;0;1;4;1;0;0;0
"27/03/2022";"18:39:00";"203";"Acidente c";"61,872";"BR-163/MS";"NORTE";"Colisão com veículos (traseira)";0;0;0;1;0;0;0;0;0;1;1;1;0;0;0
"27/03/2022";"21:29:00";"227";"Acidente s";"257,738";"BR-163/MS";"NORTE";"Colisão lateral no sentido contrário";1;0;0;0;0;1;0;0;0;0;5;0;0;0;0
"28/03/2022";"01:36:00";"8";"Acidente s";"680,813";"BR-163/MS";"NORTE";"Colisão c/ obstáculos";1;0;0;0;0;0;0;0;0;0;1;0;0;0;0
"29/03/2022";"01:52:00";"6";"Acidente c";"485,236";"BR-163/MS";"NORTE";"Colisão com veículos (traseira)";0;0;0;2;0;0;0;0;0;0;1;1;0;0;0
"29/03/2022";"05:18:00";"16";"Acidente s";"781,956";"BR-163/MS";"NORTE";"Atropelamento de animais";0;0;0;0;0;0;0;0;0;1;2;0;0;0;0
"29/03/2022";"07:04:00";"36";"Acidente s";"259,936";"BR-163/MS";"SUL";"Capotamento";1;0;0;0;0;0;0;0;0;0;3;0;0;0;0
"29/03/2022";"14:01:00";"172";"Acidente c";"250,769";"BR-163/MS";"NORTE";"Engavetamento";1;0;1;0;0;0;0;0;0;1;1;3;0;0;0
"29/03/2022";"15:18:00";"188";"Acidente s";"250,236";"BR-163/MS";"SUL";"Saídas de pista";0;0;1;0;0;1;0;0;0;0;2;0;0;0;0
"29/03/2022";"17:20:00";"211";"Acidente c";"486,542";"BR-163/MS";"NORTE";"Colisão com veículos (traseira)";0;0;0;1;0;1;0;0;0;1;4;1;0;0;0
"30/03/2022";"00:45:00";"6";"Acidente s";"331,688";"BR-163/MS";"NORTE";"Atropelamento de animais";0;0;0;0;0;0;0;0;0;1;2;0;0;0;0
"30/03/2022";"18:23:00";"243";"Acidente c";"486,551";"BR-163/MS";"SUL";"Atropelamento de animais";0;0;0;1;0;0;0;0;0;0;0;0;1;0;0
"31/03/2022";"07:32:00";"51";"Acidente c";"491,276";"BR-163/MS";"NORTE";"Colisão lateral no mesmo sentido";1;0;0;1;0;0;0;0;0;0;0;1;1;1;0
"31/03/2022";"08:00:00";"63";"Acidente s";"484,245";"BR-163/MS";"NORTE";"Colisão lateral no sentido contrário";1;0;1;0;0;0;0;0;0;0;2;0;0;0;0
"31/03/2022";"15:26:00";"175";"Acidente s";"219,714";"BR-163/MS";"SUL";"Saídas de pista";0;0;1;0;0;1;0;0;0;0;4;0;0;0;0
"31/03/2022";"17:40:00";"210";"Acidente c";"545,8";"BR-163/MS";"SUL";"Saídas de pista";1;0;0;0;0;0;0;0;0;0;1;1;0;0;0
"31/03/2022";"18:39:00";"218";"Acidente c";"486";"BR-163/MS";"SUL";"Engavetamento";1;0;1;1;0;0;0;0;0;0;2;0;1;1;0
"31/03/2022";"22:00:00";"238";"Acidente c";"264";"BR-163/MS";"SUL";"Colisão com veículos (traseira)";0;0;1;0;0;1;0;0;0;1;2;1;0;0;0
"02/04/2022";"01:07:00";"8";"Acidente s";"258,2";"BR-163/MS";"NORTE";"Colisão c/ obstáculos";1;0;0;0;0;0;0;0;0;0;3;0;0;0;0
"02/04/2022";"05:40:00";"25";"Acidente s";"697,25";"BR-163/MS";"NORTE";"Saídas de pista";0;0;1;0;0;2;0;0;0;0;3;0;0;0;0
"02/04/2022";"18:00:00";"197";"Acidente c";"190,9";"BR-163/MS";"NORTE";"Colisão com veículos (frontal)";2;0;1;0;0;1;0;0;0;0;6;1;0;0;0
"02/04/2022";"18:00:00";"190";"Acidente c";"368,611";"BR-163/MS";"NORTE";"Colisão com veículos (frontal)";1;0;0;0;0;0;0;0;0;2;1;2;0;1;0
"02/04/2022";"19:53:00";"207";"Atropelame";"680,1";"BR-163/MS";"NORTE";"Atropelamento de pedestre";0;1;0;0;0;0;0;0;0;1;0;1;0;1;0
"02/04/2022";"23:31:00";"233";"Acidente s";"212,2";"BR-163/MS";"SUL";"Tombamento";0;0;1;0;0;2;0;0;0;0;3;0;0;0;0
"03/04/2022";"00:44:00";"6";"Atropelame";"482";"BR-163/MS";"SUL";"Atropelamento de pedestre";0;0;0;1;0;0;0;0;0;0;2;1;0;0;0
"03/04/2022";"05:13:00";"20";"Acidente s";"260";"BR-163/MS";"NORTE";"Saídas de pista";1;0;0;0;0;0;0;0;0;0;2;0;0;0;0
"03/04/2022";"08:02:00";"34";"Acidente s";"6,7";"BR-163/MS";"SUL";"Colisão com veículos (traseira)";1;0;1;0;0;0;0;0;0;0;3;0;0;0;0
"03/04/2022";"08:17:00";"36";"Acidente c";"512,224";"BR-163/MS";"NORTE";"Tombamento de moto";0;0;0;1;0;0;0;0;0;0;0;0;1;0;0
"03/04/2022";"10:16:00";"66";"Acidente c";"635,7";"BR-163/MS";"NORTE";"Capotamento";0;0;0;0;0;0;0;0;0;1;0;1;0;0;0
"03/04/2022";"14:09:00";"116";"Acidente s";"503,21";"BR-163/MS";"SUL";"Saídas de pista";0;0;0;0;0;0;0;0;0;1;1;0;0;0;0
"03/04/2022";"18:24:00";"178";"Acidente c";"285,5";"BR-163/MS";"SUL";"Colisão lateral no mesmo sentido";2;0;0;0;0;0;0;0;0;0;0;0;0;2;0
"04/04/2022";"02:36:00";"16";"Acidente s";"40";"BR-163/MS";"NORTE";"Saídas de pista";1;0;0;0;0;0;0;0;0;0;1;0;0;0;0
"04/04/2022";"13:20:00";"190";"Acidente s";"6,5";"BR-163/MS";"NORTE";"Colisão com veículos (traseira)";1;0;1;0;0;0;0;0;0;0;2;0;0;0;0
"04/04/2022";"20:32:00";"290";"Acidente s";"443,1";"BR-163/MS";"NORTE";"Atropelamento de animais";1;0;0;0;0;0;0;0;0;0;1;0;0;0;0
"05/04/2022";"05:39:00";"17";"Acidente s";"499,8";"BR-163/MS";"NORTE";"Tombamento";0;0;1;0;0;0;0;0;0;0;1;0;0;0;0
"05/04/2022";"11:21:00";"151";"Acidente c";"258";"BR-163/MS";"NORTE";"Colisão lateral no mesmo sentido";1;0;0;1;0;0;0;0;0;0;1;1;0;0;0
"06/04/2022";"05:04:00";"11";"Acidente c";"548,365";"BR-163/MS";"NORTE";"Colisão lateral no mesmo sentido";1;0;0;0;0;0;0;0;0;1;1;1;0;0;0
"06/04/2022";"08:05:00";"69";"Acidente s";"662,7";"BR-163/MS";"SUL";"Tombamento";0;0;1;0;0;2;0;0;0;0;3;0;0;0;0
"06/04/2022";"09:59:00";"108";"Acidente s";"357,4";"BR-163/MS";"SUL";"Colisão c/ obstáculos";0;0;0;0;0;0;0;0;0;1;2;0;0;0;0
"06/04/2022";"10:27:00";"119";"Acidente s";"316,5";"BR-163/MS";"SUL";"Capotamento";1;0;0;0;0;0;0;0;0;0;1;0;0;0;0
"06/04/2022";"18:01:00";"236";"Acidente c";"259";"BR-163/MS";"NORTE";"Colisão com veículos (traseira)";2;0;0;0;0;0;0;0;0;0;5;1;0;0;0
"06/04/2022";"18:49:00";"249";"Acidente s";"434";"BR-163/MS";"NORTE";"Saídas de pista";0;0;0;0;0;0;0;0;0;1;1;0;0;0;0
"06/04/2022";"19:09:00";"256";"Acidente c";"256";"BR-163/MS";"NORTE";"Tombamento de moto";0;0;0;1;0;0;0;0;0;0;1;1;0;0;0
"06/04/2022";"20:04:00";"270";"Acidente s";"355";"BR-163/MS";"SUL";"Atropelamento de animais";0;0;0;0;0;0;0;0;0;1;1;0;0;0;0
"07/04/2022";"05:02:00";"28";"Acidente s";"734";"BR-163/MS";"NORTE";"Tombamento de moto";0;0;0;1;0;0;0;0;0;0;2;0;0;0;0
"07/04/2022";"11:29:00";"146";"Acidente s";"704,1";"BR-163/MS";"SUL";"Colisão c/ obstáculos";0;0;1;0;0;0;0;0;0;0;2;0;0;0;0
"07/04/2022";"17:25:00";"242";"Acidente c";"485,15";"BR-163/MS";"NORTE";"Tombamento de moto";0;0;0;1;0;0;0;0;0;0;0;1;0;0;0
"08/04/2022";"01:35:00";"10";"Atropelame";"461,296";"BR-163/MS";"NORTE";"Atropelamento de pedestre";0;0;0;0;0;1;0;0;0;0;1;0;0;0;1
"08/04/2022";"07:23:00";"56";"Acidente c";"477,3";"BR-163/MS";"NORTE";"Colisão lateral no sentido contrário";0;0;0;1;0;1;0;0;0;0;3;0;1;0;0
"08/04/2022";"14:34:00";"197";"Acidente s";"562";"BR-163/MS";"SUL";"Capotamento";0;0;1;0;0;2;0;0;0;1;4;0;0;0;0
"08/04/2022";"21:33:00";"285";"Acidente c";"265,41";"BR-163/MS";"NORTE";"Colisão com veículos (traseira)";1;0;0;0;0;0;0;0;0;1;2;2;0;0;0
"09/04/2022";"07:43:00";"59";"Acidente s";"526,234";"BR-163/MS";"NORTE";"Colisão c/ obstáculos";0;0;0;0;0;0;0;0;0;1;2;0;0;0;0