data;horario;n_da_ocorrencia;tipo_de_ocorrencia;km;trecho;sentido;tipo_de_acidente;automovel;bicicleta;caminhao;moto;onibus;outros;tracao_animal;transporte_de_cargas_especiais;trator_maquinas;utilitarios;ilesos;levemente_feridos;moderadamente_feridos;gravemente_feridos;mortos
"09/04/2022";"12:15:00";"142";"Acidente s";"148,21";"BR-163/MS";"SUL";"Colisão com veículos (traseira)";0;0;2;0;0;0;0;0;0;0;2;0;0;0;0
"09/04/2022";"16:38:00";"211";"Acidente c";"355,949";"BR-163/MS";"NORTE";"Saídas de pista";1;0;0;0;0;0;0;0;0;0;0;1;0;0;0
"09/04/2022";"19:45:00";"248";"Acidente c";"268,696";"BR-163/MS";"SUL";"Colisão lateral no mesmo sentido";0;1;0;0;0;0;0;0;0;1;1;1;0;0;0
"09/04/2022";"20:03:00";"253";"Acidente s";"506,285";"BR-163/MS";"NORTE";"Tombamento de moto";0;0;0;1;0;0;0;0;0;0;2;0;0;0;0
"10/04/2022";"10:03:00";"82";"Acidente c";"86,172";"BR-163/MS";"SUL";"Tombamento";0;0;1;0;0;1;0;0;0;0;1;1;0;0;0
"10/04/2022";"12:54:00";"120";"Acidente c";"495,204";"BR-163/MS";"NORTE";"Capotamento";0;0;0;0;0;0;0;0;0;1;1;2;2;0;0
"10/04/2022";"15:52:00";"163";"Acidente s";"264";"BR-163/MS";"NORTE";"Saídas de pista";1;0;0;0;0;0;0;0;0;0;2;0;0;0;0
"11/04/2022";"02:22:00";"17";"Acidente c";"257,736";"BR-163/MS";"NORTE";"Tombamento de moto";0;0;0;1;0;0;0;0;0;0;0;0;1;0;0
"11/04/2022";"07:01:00";"52";"Acidente c";"487,449";"BR-163/MS";"NORTE";"Colisão lateral no sentido contrário";1;0;1;0;0;0;0;0;0;0;4;1;0;0;0
"11/04/2022";"13:42:00";"196";"Acidente s";"614,354";"BR-163/MS";"NORTE";"Colisão lateral no sentido contrário";1;0;1;0;0;0;0;0;0;0;3;0;0;0;0
"11/04/2022";"17:45:00";"263";"Acidente c";"490,531";"BR-163/MS";"SUL";"Colisão com veículos (traseira)";0;0;0;1;0;0;0;0;0;1;1;1;0;0;0
"11/04/2022";"19:54:00";"291";"Acidente s";"126,619";"BR-163/MS";"NORTE";"Saídas de pista";1;0;0;0;0;0;0;0;0;0;2;0;0;0;0
"12/04/2022";"02:10:00";"9";"Acidente s";"11,5";"BR-163/MS";"SUL";"Colisão c/ obstáculos";1;0;0;0;0;0;0;0;0;0;1;0;0;0;0
"12/04/2022";"15:20:00";"195";"Acidente c";"151,701";"BR-163/MS";"SUL";"Tombamento";0;0;1;0;0;2;0;0;0;0;2;0;1;0;0
"12/04/2022";"18:39:00";"225";"Acidente s";"443,753";"BR-163/MS";"NORTE";"Atropelamento de animais";0;0;0;0;0;0;0;0;0;1;1;0;0;0;0
"12/04/2022";"19:28:00";"232";"Acidente c";"117,742";"BR-163/MS";"SUL";"Colisão lateral no sentido contrário";1;0;1;0;0;1;0;0;0;0;4;1;0;0;0
"12/04/2022";"20:00:00";"239";"Acidente s";"313,725";"BR-163/MS";"SUL";"Colisão c/ obstáculos";1;0;0;0;0;0;0;0;0;0;2;0;0;0;0
"12/04/2022";"22:29:00";"256";"Acidente c";"259,468";"BR-163/MS";"SUL";"Colisão com veículos (traseira)";0;0;0;1;0;1;0;0;0;0;1;1;0;0;0
"13/04/2022";"13:23:00";"162";"Acidente s";"1,1";"BR-163/MS";"SUL";"Saídas de pista";0;0;1;0;0;0;0;0;0;0;1;0;0;0;0
"13/04/2022";"17:52:00";"231";"Acidente s";"478,687";"BR-163/MS";"NORTE";"Colisão lateral no sentido contrário";0;0;2;0;0;0;0;0;0;0;2;0;0;0;0
"13/04/2022";"22:23:00";"259";"Acidente s";"523,2";"BR-163/MS";"SUL";"Colisão c/ obstáculos";0;0;0;1;0;0;0;0;0;1;5;0;0;0;0
"14/04/2022";"02:37:00";"13";"Acidente s";"375,29";"BR-163/MS";"SUL";"Saídas de pista";0;0;0;0;0;0;0;0;0;1;1;0;0;0;0
"14/04/2022";"09:52:00";"128";"Acidente s";"106";"BR-163/MS";"NORTE";"Saídas de pista";0;0;0;0;0;0;0;0;0;1;1;0;0;0;0
"14/04/2022";"18:47:00";"313";"Acidente s";"7,457";"BR-163/MS";"SUL";"Saídas de pista";1;0;0;0;0;0;0;0;0;0;4;0;0;0;0
"14/04/2022";"23:40:00";"356";"Acidente s";"355,346";"BR-163/MS";"SUL";"Saídas de pista";1;0;0;0;0;0;0;0;0;0;3;0;0;0;0
"15/04/2022";"00:54:00";"9";"Acidente c";"597,713";"BR-163/MS";"SUL";"Tombamento de moto";0;0;0;1;0;0;0;0;0;0;0;2;0;0;0
"15/04/2022";"07:23:00";"50";"Acidente s";"117,211";"BR-163/MS";"NORTE";"Colisão com veículos (traseira)";0;0;0;0;0;0;0;0;0;2;3;0;0;0;0
"15/04/2022";"15:55:00";"224";"Acidente s";"725,441";"BR-163/MS";"SUL";"Colisão lateral no mesmo sentido";1;0;1;0;0;3;0;0;0;0;7;0;0;0;0
"15/04/2022";"18:06:00";"245";"Acidente c";"669,197";"BR-163/MS";"NORTE";"Colisão com veículos (traseira)";2;0;1;0;0;0;0;0;0;0;3;2;0;0;1
"15/04/2022";"18:39:00";"253";"Acidente c";"258,564";"BR-163/MS";"NORTE";"Tombamento de moto";0;0;0;1;0;0;0;0;0;0;0;1;0;0;0
"16/04/2022";"05:18:00";"18";"Acidente s";"254,629";"BR-163/MS";"NORTE";"Atropelamento de animais";0;0;0;0;0;0;0;0;0;1;2;0;0;0;0
"16/04/2022";"10:33:00";"83";"Atropelame";"251,88";"BR-163/MS";"NORTE";"Atropelamento de pedestre";1;0;0;0;0;0;0;0;0;0;1;0;1;0;0
"16/04/2022";"14:35:00";"129";"Acidente c";"479,342";"BR-163/MS";"SUL";"Colisão lateral no mesmo sentido";0;1;0;1;0;0;0;0;0;0;0;1;0;1;0
"17/04/2022";"01:17:00";"12";"Acidente c";"258,606";"BR-163/MS";"NORTE";"Colisão c/ obstáculos";1;0;0;0;0;0;0;0;0;0;1;1;0;0;0
"17/04/2022";"05:05:00";"23";"Acidente c";"1,163";"BR-163/MS";"SUL";"Colisão com veículos (frontal)";0;0;0;0;0;0;0;0;0;2;2;2;0;1;1
"17/04/2022";"06:25:00";"29";"Acidente s";"244,35";"BR-163/MS";"SUL";"Saídas de pista";0;0;0;1;0;0;0;0;0;0;1;0;0;0;0
"17/04/2022";"16:43:00";"192";"Acidente c";"249,95";"BR-163/MS";"NORTE";"Engavetamento";3;0;0;0;0;0;0;0;0;0;8;1;0;0;0
"17/04/2022";"18:05:00";"212";"Atropelame";"261,388";"BR-163/MS";"NORTE";"Atropelamento de pedestre";0;2;0;1;0;0;0;0;0;0;1;4;0;0;0
"17/04/2022";"18:36:00";"218";"Acidente s";"368,38";"BR-163/MS";"NORTE";"Atropelamento de animais";1;0;0;0;0;0;0;0;0;0;1;0;0;0;0
"17/04/2022";"18:53:00";"222";"Acidente s";"400,726";"BR-163/MS";"NORTE";"Atropelamento de animais";1;0;0;0;0;0;0;0;0;0;4;0;0;0;0
"18/04/2022";"08:49:00";"99";"Acidente s";"104,175";"BR-163/MS";"NORTE";"Tombamento";0;0;1;0;0;2;0;0;0;0;3;0;0;0;0
"18/04/2022";"17:09:00";"238";"Acidente c";"91,968";"BR-163/MS";"NORTE";"Colisão com veículos (traseira)";1;0;0;0;0;0;0;0;0;1;5;2;0;0;0
"18/04/2022";"19:03:00";"258";"Acidente s";"806,85";"BR-163/MS";"NORTE";"Colisão com veículos (traseira)";1;0;1;0;0;0;0;0;0;0;2;0;0;0;0
"18/04/2022";"20:16:00";"268";"Acidente s";"78,42";"BR-163/MS";"NORTE";"Engavetamento";1;0;2;0;1;3;0;0;0;0;17;0;0;0;0
"19/04/2022";"01:48:00";"5";"Acidente s";"413,229";"BR-163/MS";"SUL";"Atropelamento de animais";0;0;1;0;0;2;0;0;0;0;3;0;0;0;0
"19/04/2022";"16:00:00";"200";"Acidente c";"691,967";"BR-163/MS";"SUL";"Tombamento";0;0;1;0;0;2;0;0;0;0;2;1;0;0;0
"19/04/2022";"17:31:00";"225";"Acidente c";"523,227";"BR-163/MS";"SUL";"Tombamento de moto";0;0;0;1;0;0;0;0;0;0;0;1;0;0;0
"19/04/2022";"18:17:00";"236";"Atropelame";"258";"BR-163/MS";"SUL";"Atropelamento de pedestre";1;1;0;0;0;0;0;0;0;0;5;0;0;1;0
"19/04/2022";"18:23:00";"238";"Acidente c";"477,676";"BR-163/MS";"SUL";"Colisão lateral no sentido contrário";0;0;1;1;0;1;0;0;0;0;2;0;1;0;0
"19/04/2022";"21:32:00";"269";"Acidente c";"340,5";"BR-163/MS";"SUL";"Atropelamento de animais";0;0;0;0;0;0;0;0;0;1;1;1;0;0;0
"20/04/2022";"14:50:00";"202";"Acidente s";"434,392";"BR-163/MS";"NORTE";"Engavetamento";2;0;0;0;0;0;0;0;0;1;5;0;0;0;0
"20/04/2022";"22:18:00";"278";"Acidente c";"486,45";"BR-163/MS";"NORTE";"Engavetamento";3;0;0;0;0;0;0;0;0;0;10;1;0;0;0
"21/04/2022";"01:31:00";"10";"Acidente s";"226,548";"BR-163/MS";"NORTE";"Atropelamento de animais";1;0;0;0;0;0;0;0;0;0;2;0;0;0;0
"21/04/2022";"11:36:00";"105";"Acidente s";"364,1";"BR-163/MS";"NORTE";"Colisão com veículos (traseira)";2;0;0;0;0;0;0;0;0;0;3;0;0;0;0
"21/04/2022";"14:05:00";"154";"Acidente c";"335,255";"BR-163/MS";"NORTE";"Tombamento de moto";0;0;0;1;0;0;0;0;0;0;0;1;0;1;0
"21/04/2022";"15:23:00";"165";"Acidente s";"363,9";"BR-163/MS";"NORTE";"Saídas de pista";0;0;0;0;0;0;0;0;0;1;2;0;0;0;0
"21/04/2022";"16:46:00";"183";"Acidente c";"614,9";"BR-163/MS";"SUL";"Colisão lateral no sentido contrário";2;0;0;0;0;1;0;0;0;0;5;1;0;0;0
"22/04/2022";"05:43:00";"26";"Acidente s";"397";"BR-163/MS";"SUL";"Atropelamento de animais";0;0;1;0;0;0;0;0;0;0;5;0;0;0;0
"22/04/2022";"08:33:00";"87";"Acidente c";"574,811";"BR-163/MS";"NORTE";"Engavetamento";0;0;2;0;0;1;0;0;0;2;6;0;1;0;0
"22/04/2022";"18:04:00";"221";"Acidente c";"257,421";"BR-163/MS";"NORTE";"Engavetamento";3;0;0;1;0;0;0;0;0;0;6;1;0;0;0
"23/04/2022";"05:05:00";"22";"Acidente c";"663,321";"BR-163/MS";"SUL";"Tombamento de moto";0;0;0;1;0;0;0;0;0;0;0;1;0;0;0
"23/04/2022";"05:38:00";"24";"Acidente s";"223,125";"BR-163/MS";"SUL";"Colisão c/ obstáculos";0;0;0;0;0;1;0;0;0;1;2;0;0;0;0
"23/04/2022";"09:19:00";"67";"Acidente s";"626,207";"BR-163/MS";"NORTE";"Colisão c/ obstáculos";1;0;0;0;0;0;0;0;0;0;2;0;0;0;0
"23/04/2022";"11:03:00";"98";"Acidente s";"359,2";"BR-163/MS";"SUL";"Colisão c/ obstáculos";1;0;0;0;0;1;0;0;0;1;7;0;0;0;0
"23/04/2022";"17:34:00";"166";"Acidente s";"699,902";"BR-163/MS";"SUL";"Capotamento";1;0;0;0;0;0;0;0;0;0;1;0;0;0;0
"23/04/2022";"18:30:00";"174";"Acidente c";"258,598";"BR-163/MS";"NORTE";"Colisão c/ obstáculos";0;1;0;0;0;1;0;0;0;0;1;1;0;0;0
"23/04/2022";"21:06:00";"192";"Acidente s";"452,2";"BR-163/MS";"SUL";"Atropelamento de animais";1;0;0;0;0;0;0;0;0;0;3;0;0;0;0
"23/04/2022";"21:36:00";"198";"Acidente s";"667,2";"BR-163/MS";"SUL";"Atropelamento de animais";0;0;1;0;0;0;0;0;0;0;1;0;0;0;0
"24/04/2022";"14:45:00";"186";"Acidente s";"424,2";"BR-163/MS";"SUL";"Saídas de pista";1;0;0;0;0;0;0;0;0;0;1;0;0;0;0
"24/04/2022";"18:41:00";"249";"Acidente c";"612,15";"BR-163/MS";"NORTE";"Tombamento de moto";0;0;0;1;0;0;0;0;0;0;0;0;1;0;0
"25/04/2022";"04:57:00";"15";"Acidente c";"735,752";"BR-163/MS";"SUL";"Tombamento";0;0;1;0;0;1;0;0;0;0;1;1;0;0;0
"25/04/2022";"10:09:00";"100";"Acidente c";"617,536";"BR-163/MS";"NORTE";"Colisão com veículos (frontal)";1;0;1;0;0;0;0;0;0;0;2;0;0;0;1
"25/04/2022";"17:48:00";"205";"Acidente c";"479,5";"BR-163/MS";"NORTE";"Colisão lateral no sentido contrário";0;0;0;2;0;1;0;0;0;0;2;1;0;0;0
"26/04/2022";"11:52:00";"158";"Acidente c";"486,483";"BR-163/MS";"SUL";"Colisão lateral no mesmo sentido";0;0;1;1;0;1;0;0;0;0;2;1;0;0;0
"26/04/2022";"13:19:00";"180";"Acidente s";"205,14";"BR-163/MS";"SUL";"Engavetamento";2;0;0;0;0;1;0;0;0;1;7;0;0;0;0
"26/04/2022";"14:58:00";"198";"Acidente c";"491,651";"BR-163/MS";"SUL";"Colisão lateral no sentido contrário";0;0;0;1;0;0;0;0;0;1;1;0;0;1;0
"26/04/2022";"15:16:00";"202";"Acidente c";"435,974";"BR-163/MS";"SUL";"Colisão com veículos (traseira)";2;0;0;0;0;0;0;0;0;0;2;1;0;0;0
"26/04/2022";"18:10:00";"244";"Acidente c";"276,42";"BR-163/MS";"SUL";"Colisão c/ obstáculos";0;0;0;1;0;0;0;0;0;0;0;1;0;0;0
"26/04/2022";"19:39:00";"267";"Acidente c";"281,423";"BR-163/MS";"NORTE";"Colisão lateral no sentido contrário";2;0;0;0;0;0;0;0;0;0;3;1;0;0;0
"26/04/2022";"22:17:00";"281";"Acidente s";"485,63";"BR-163/MS";"NORTE";"Colisão com veículos (traseira)";0;0;2;0;0;2;0;0;0;0;4;0;0;0;0
"27/04/2022";"02:22:00";"10";"Acidente c";"481,72";"BR-163/MS";"NORTE";"Tombamento de moto";0;0;0;1;0;0;0;0;0;0;0;0;1;0;0
"27/04/2022";"18:54:00";"279";"Acidente s";"266,234";"BR-163/MS";"NORTE";"Saídas de pista";0;0;0;0;0;0;0;0;0;1;1;0;0;0;0
"28/04/2022";"03:29:00";"8";"Acidente s";"241,57";"BR-163/MS";"SUL";"Atropelamento de animais";1;0;0;0;0;0;0;0;0;0;4;0;0;0;0
"28/04/2022";"07:30:00";"53";"Acidente c";"476,25";"BR-163/MS";"NORTE";"Tombamento de moto";0;0;0;1;0;0;0;0;0;0;0;0;1;0;0
"28/04/2022";"15:40:00";"248";"Acidente c";"492,286";"BR-163/MS";"NORTE";"Colisão com veículos (traseira)";1;0;1;0;0;0;0;0;0;0;1;0;1;0;0
"28/04/2022";"17:39:00";"278";"Acidente c";"258";"BR-163/MS";"SUL";"Colisão lateral no mesmo sentido";0;0;0;1;0;0;0;0;0;1;1;1;0;0;0
"28/04/2022";"20:42:00";"311";"Acidente s";"690,323";"BR-163/MS";"SUL";"Saídas de pista";1;0;0;0;0;0;0;0;0;0;3;0;0;0;0
"29/04/2022";"06:35:00";"21";"Acidente c";"480,902";"BR-163/MS";"SUL";"Tombamento de moto";0;0;0;1;0;0;0;0;0;0;0;1;0;0;0
"29/04/2022";"17:51:00";"222";"Acidente c";"437,454";"BR-163/MS";"SUL";"Tombamento";0;0;1;0;0;1;0;0;0;0;1;2;0;0;0
"29/04/2022";"18:52:00";"238";"Acidente s";"751,633";"BR-163/MS";"SUL";"Atropelamento de animais";0;0;0;0;0;0;0;0;0;1;1;0;0;0;0
"29/04/2022";"19:17:00";"243";"Atropelame";"386,301";"BR-163/MS";"NORTE";"Atropelamento de pedestre";0;0;0;0;0;0;0;0;0;1;4;0;0;0;1
"29/04/2022";"21:14:00";"264";"Acidente s";"329";"BR-163/MS";"SUL";"Atropelamento de animais";0;0;0;0;0;0;0;0;0;1;1;0;0;0;0
"30/04/2022";"09:29:00";"84";"Acidente c";"482,936";"BR-163/MS";"SUL";"Tombamento";0;0;1;0;0;1;0;0;0;0;1;0;1;0;0
"30/04/2022";"19:46:00";"230";"Acidente c";"1,348";"BR-163/MS";"SUL";"Tombamento";0;0;0;0;0;1;0;0;0;1;1;1;0;0;0
"01/05/2022";"04:47:00";"12";"Acidente s";"140,282";"BR-163/MS";"NORTE";"Saídas de pista";1;0;0;0;0;0;0;0;0;0;2;0;0;0;0
"01/05/2022";"13:14:00";"110";"Acidente c";"25,954";"BR-163/MS";"NORTE";"Colisão lateral no sentido contrário";1;0;0;0;0;0;0;0;0;1;3;0;1;0;0
"02/05/2022";"05:04:00";"21";"Acidente c";"614,743";"BR-163/MS";"NORTE";"Colisão lateral no sentido contrário";0;0;0;0;0;0;0;0;0;2;4;1;0;1;0
"02/05/2022";"06:51:00";"43";"Acidente c";"40,377";"BR-163/MS";"NORTE";"Tombamento";0;0;1;0;0;1;0;0;0;0;1;1;0;0;0
"02/05/2022";"09:15:00";"110";"Acidente c";"484,403";"BR-163/MS";"NORTE";"Colisão lateral no mesmo sentido";1;0;0;1;0;0;0;0;0;0;2;0;1;0;0
"03/05/2022";"15:48:00";"178";"Acidente s";"123,547";"BR-163/MS";"NORTE";"Colisão com veículos (traseira)";2;0;0;0;0;0;0;0;0;0;3;0;0;0;0
"03/05/2022";"20:46:00";"231";"Acidente s";"255,847";"BR-163/MS";"NORTE";"Saídas de pista";0;0;0;0;0;0;0;0;0;1;1;0;0;0;0
"04/05/2022";"07:34:00";"48";"Acidente c";"260,1";"BR-163/MS";"NORTE";"Colisão c/ obstáculos";0;1;0;0;0;0;0;0;0;0;0;1;0;0;0
"04/05/2022";"08:56:00";"84";"Acidente s";"223,8";"BR-163/MS";"SUL";"Colisão lateral no mesmo sentido";1;0;0;0;0;0;0;0;0;1;2;0;0;0;0
"04/05/2022";"09:24:00";"94";"Acidente s";"222,82";"BR-163/MS";"NORTE";"Colisão com veículos (traseira)";0;0;0;0;0;0;0;0;0;2;4;0;0;0;0
"04/05/2022";"10:31:00";"111";"Acidente c";"479,684";"BR-163/MS";"SUL";"Colisão lateral no sentido contrário";1;0;0;1;0;0;0;0;0;0;1;1;0;0;0
"04/05/2022";"17:49:00";"195";"Acidente c";"479,325";"BR-163/MS";"NORTE";"Colisão lateral no sentido contrário";0;1;0;1;0;0;0;0;0;0;1;1;0;0;0
"05/05/2022";"07:17:00";"41";"Acidente s";"89,1";"BR-163/MS";"NORTE";"Capotamento";1;0;0;0;0;0;0;0;0;0;3;0;0;0;0
"06/05/2022";"05:24:00";"18";"Acidente c";"87,289";"BR-163/MS";"NORTE";"Colisão c/ obstáculos";1;0;0;0;0;0;0;0;0;0;0;2;0;0;0
"06/05/2022";"07:45:00";"54";"Acidente s";"477,498";"BR-163/MS";"NORTE";"Tombamento de moto";0;0;0;1;0;0;0;0;0;0;1;0;0;0;0
"06/05/2022";"09:59:00";"105";"Acidente c";"366,508";"BR-163/MS";"NORTE";"Colisão lateral no mesmo sentido";0;0;1;0;0;2;0;0;0;1;3;1;0;0;0
"06/05/2022";"11:32:00";"132";"Acidente s";"730,36";"BR-163/MS";"NORTE";"Colisão lateral no mesmo sentido";0;0;1;0;0;1;0;0;0;0;3;0;0;0;0
"06/05/2022";"12:47:00";"151";"Acidente c";"203,822";"BR-163/MS";"NORTE";"Engavetamento";0;0;3;0;0;2;0;0;0;0;4;0;0;1;0
"06/05/2022";"13:25:00";"153";"Acidente c";"36,375";"BR-163/MS";"NORTE";"Colisão com veículos (traseira)";1;0;0;0;0;0;0;0;0;1;2;1;0;0;0
"06/05/2022";"17:01:00";"209";"Acidente s";"363,76";"BR-163/MS";"SUL";"Saídas de pista";1;0;0;0;0;0;0;0;0;0;1;0;0;0;0
"06/05/2022";"17:13:00";"214";"Acidente s";"268,142";"BR-163/MS";"NORTE";"Colisão com veículos (traseira)";2;0;0;0;0;0;0;0;0;1;3;0;0;0;0
"07/05/2022";"04:27:00";"15";"Acidente s";"386,213";"BR-163/MS";"NORTE";"Atropelamento de animais";1;0;0;0;0;0;0;0;0;0;1;0;0;0;0
"07/05/2022";"05:57:00";"24";"Acidente c";"256,3";"BR-163/MS";"NORTE";"Tombamento de moto";0;0;0;1;0;0;0;0;0;0;0;1;0;0;0
"07/05/2022";"18:03:00";"218";"Acidente c";"76,963";"BR-163/MS";"SUL";"Colisão lateral no mesmo sentido";0;0;1;1;0;0;0;0;0;0;2;2;0;0;0
"07/05/2022";"18:14:00";"220";"Acidente c";"484,378";"BR-163/MS";"NORTE";"Colisão lateral no sentido contrário";2;0;0;0;0;0;0;0;0;0;2;1;0;0;0
"07/05/2022";"18:53:00";"227";"Acidente c";"212,16";"BR-163/MS";"NORTE";"Colisão com veículos (frontal)";1;0;1;0;0;2;0;0;0;0;3;1;0;0;0
"08/05/2022";"02:54:00";"12";"Acidente s";"294,947";"BR-163/MS";"NORTE";"Atropelamento de animais";1;0;0;0;0;0;0;0;0;0;2;0;0;0;0
"08/05/2022";"17:41:00";"193";"Acidente s";"655,1";"BR-163/MS";"NORTE";"Colisão lateral no mesmo sentido";1;0;0;0;0;0;0;0;0;1;3;0;0;0;0
"08/05/2022";"19:06:00";"212";"Acidente s";"370,794";"BR-163/MS";"SUL";"Atropelamento de animais";1;0;0;0;0;0;0;0;0;0;3;0;0;0;0
"08/05/2022";"21:23:00";"224";"Acidente s";"264,904";"BR-163/MS";"SUL";"Colisão c/ obstáculos";1;0;0;0;0;0;0;0;0;0;5;0;0;0;0
"09/05/2022";"07:30:00";"55";"Acidente c";"476,89";"BR-163/MS";"NORTE";"Tombamento de moto";0;0;0;1;0;0;0;0;0;0;0;1;0;0;0
"09/05/2022";"09:45:00";"98";"Acidente s";"172,4";"BR-163/MS";"NORTE";"Saídas de pista";0;0;0;0;0;0;0;0;0;1;1;0;0;0;0
"09/05/2022";"09:52:00";"99";"Acidente c";"238,659";"BR-163/MS";"NORTE";"Colisão c/ obstáculos";0;0;0;0;0;1;0;0;0;1;2;2;0;0;0
"09/05/2022";"09:56:00";"100";"Acidente c";"490,67";"BR-163/MS";"SUL";"Colisão lateral no sentido contrário";0;0;1;1;0;2;0;0;0;0;3;0;1;0;0
"09/05/2022";"11:07:00";"122";"Acidente s";"1,9";"BR-163/MS";"NORTE";"Colisão com veículos (traseira)";1;0;0;0;0;0;0;0;0;1;3;0;0;0;0
"09/05/2022";"17:51:00";"211";"Acidente c";"76";"BR-163/MS";"SUL";"Atropelamento de pedestre";1;1;0;0;0;0;0;0;0;0;1;1;0;0;0
"09/05/2022";"20:59:00";"246";"Acidente s";"359,35";"BR-163/MS";"NORTE";"Atropelamento de animais";1;0;1;0;0;0;0;0;0;0;4;0;0;0;0
"10/05/2022";"04:50:00";"20";"Acidente c";"181,11";"BR-163/MS";"NORTE";"Colisão lateral no mesmo sentido";1;0;0;0;1;0;0;0;0;0;0;25;0;0;0
"10/05/2022";"14:05:00";"146";"Acidente c";"481,68";"BR-163/MS";"NORTE";"Colisão lateral no sentido contrário";0;0;1;1;0;2;0;0;0;0;3;0;0;0;1
"10/05/2022";"15:54:00";"167";"Acidente s";"614,266";"BR-163/MS";"SUL";"Colisão lateral no sentido contrário";1;0;0;0;0;0;0;0;0;1;2;0;0;0;0
"10/05/2022";"17:30:00";"183";"Acidente c";"484,7";"BR-163/MS";"NORTE";"Colisão com veículos (traseira)";2;0;0;0;0;0;0;0;0;0;2;0;1;0;0
"10/05/2022";"19:03:00";"199";"Acidente s";"779,522";"BR-163/MS";"NORTE";"Atropelamento de animais";0;0;0;0;0;0;0;0;0;1;2;0;0;0;0
"11/05/2022";"17:18:00";"215";"Acidente c";"679,838";"BR-163/MS";"NORTE";"Tombamento de moto";0;0;0;1;0;0;0;0;0;0;0;1;0;0;0
"11/05/2022";"18:10:00";"224";"Acidente s";"389,101";"BR-163/MS";"NORTE";"Atropelamento de animais";0;0;0;0;0;0;0;0;0;1;1;0;0;0;0
"11/05/2022";"18:23:00";"225";"Acidente c";"484,383";"BR-163/MS";"SUL";"Colisão lateral no sentido contrário";1;0;0;1;0;0;0;0;0;0;5;0;1;0;0
"11/05/2022";"18:27:00";"226";"Acidente s";"388,149";"BR-163/MS";"SUL";"Colisão com veículos (traseira)";2;0;0;0;0;0;0;0;0;0;7;0;0;0;0
"11/05/2022";"18:52:00";"231";"Acidente s";"269,311";"BR-163/MS";"NORTE";"Atropelamento de animais";1;0;0;0;0;0;0;0;0;0;1;0;0;0;0
"11/05/2022";"21:05:00";"251";"Acidente c";"228,268";"BR-163/MS";"SUL";"Colisão c/ obstáculos";1;0;0;0;0;0;0;0;0;0;0;0;2;0;0
"12/05/2022";"07:36:00";"61";"Acidente s";"490,635";"BR-163/MS";"NORTE";"Engavetamento";2;0;0;0;0;0;0;0;0;1;3;0;0;0;0
"12/05/2022";"10:33:00";"149";"Acidente s";"548,359";"BR-163/MS";"NORTE";"Colisão com veículos (frontal)";1;0;0;0;0;0;0;0;0;1;4;0;0;0;0
"12/05/2022";"13:31:00";"189";"Acidente s";"317,2";"BR-163/MS";"NORTE";"Saídas de pista";0;0;0;0;0;0;0;0;0;1;1;0;0;0;0
"12/05/2022";"14:43:00";"206";"Acidente s";"264,7";"BR-163/MS";"SUL";"Colisão com veículos (traseira)";0;0;0;0;0;0;0;0;0;2;2;0;0;0;0
"12/05/2022";"17:04:00";"241";"Acidente c";"486,1";"BR-163/MS";"SUL";"Colisão com veículos (frontal)";1;0;0;1;0;0;0;0;0;0;3;0;0;1;0
"13/05/2022";"07:06:00";"32";"Acidente c";"9,1";"BR-163/MS";"SUL";"Tombamento de moto";0;0;0;1;0;0;0;0;0;0;0;1;0;0;0
"13/05/2022";"09:54:00";"99";"Acidente s";"533,85";"BR-163/MS";"NORTE";"Colisão com veículos (traseira)";0;0;1;0;0;0;0;0;0;1;4;0;0;0;0
"13/05/2022";"14:15:00";"176";"Acidente s";"614,786";"BR-163/MS";"NORTE";"Colisão lateral no mesmo sentido";1;0;1;0;0;2;0;0;0;0;5;0;0;0;0
"13/05/2022";"15:18:00";"186";"Acidente s";"34,55";"BR-163/MS";"SUL";"Colisão c/ obstáculos";0;0;0;0;0;0;0;0;0;1;1;0;0;0;0
"14/05/2022";"15:54:00";"169";"Acidente s";"82,7";"BR-163/MS";"SUL";"Colisão c/ obstáculos";1;0;0;0;0;0;0;0;0;0;2;0;0;0;0
"14/05/2022";"16:13:00";"173";"Acidente s";"260,33";"BR-163/MS";"NORTE";"Saídas de pista";1;0;0;0;0;0;0;0;0;0;2;0;0;0;0
"14/05/2022";"16:36:00";"176";"Acidente c";"447,64";"BR-163/MS";"NORTE";"Colisão lateral no sentido contrário";2;0;0;0;0;0;0;0;0;0;5;0;1;0;0
"14/05/2022";"18:48:00";"198";"Acidente s";"170,7";"BR-163/MS";"SUL";"Saídas de pista";0;0;0;0;0;0;0;0;0;1;2;0;0;0;0
"14/05/2022";"19:09:00";"205";"Acidente s";"318,784";"BR-163/MS";"SUL";"Colisão c/ obstáculos";1;0;0;0;0;0;0;0;0;0;2;0;0;0;0
"14/05/2022";"23:01:00";"230";"Acidente c";"476,901";"BR-163/MS";"SUL";"Colisão com veículos (traseira)";2;0;0;0;0;0;0;0;0;0;0;1;5;0;0
"15/05/2022";"04:26:00";"25";"Acidente s";"13,8";"BR-163/MS";"SUL";"Saídas de pista";1;0;0;0;0;0;0;0;0;0;1;0;0;0;0
"15/05/2022";"05:34:00";"31";"Acidente s";"151,984";"BR-163/MS";"NORTE";"Tombamento";0;0;0;0;0;0;0;0;0;1;1;0;0;0;0