data;horario;n_da_ocorrencia;tipo_de_ocorrencia;km;trecho;sentido;tipo_de_acidente;automovel;bicicleta;caminhao;moto;onibus;outros;tracao_animal;transporte_de_cargas_especiais;trator_maquinas;utilitarios;ilesos;levemente_feridos;moderadamente_feridos;gravemente_feridos;mortos
"15/05/2022";"20:18:00";"192";"Acidente c";"23,5";"BR-163/MS";"SUL";"Colisão com veículos (traseira)";0;0;0;1;0;0;0;0;0;1;5;1;0;0;0
"15/05/2022";"22:13:00";"202";"Acidente c";"485,507";"BR-163/MS";"SUL";"Colisão com veículos (traseira)";1;0;0;1;0;0;0;0;0;0;2;0;1;0;0
"16/05/2022";"12:57:00";"189";"Acidente c";"492,339";"BR-163/MS";"NORTE";"Colisão lateral no sentido contrário";1;0;1;0;0;0;0;0;0;0;1;0;0;1;0
"16/05/2022";"17:24:00";"275";"Acidente c";"766,822";"BR-163/MS";"SUL";"Tombamento";0;0;1;0;0;1;0;0;0;0;1;1;0;0;0
"16/05/2022";"17:34:00";"277";"Acidente s";"476,647";"BR-163/MS";"NORTE";"Colisão lateral no mesmo sentido";0;0;1;0;0;1;0;0;0;0;2;0;0;0;0
"18/05/2022";"03:16:00";"12";"Acidente c";"256,595";"BR-163/MS";"SUL";"Tombamento";1;0;1;0;0;1;0;0;0;0;2;1;0;0;0
"18/05/2022";"11:30:00";"113";"Acidente s";"751,732";"BR-163/MS";"NORTE";"Tombamento";0;0;1;0;0;2;0;0;0;0;3;0;0;0;0
"18/05/2022";"19:28:00";"228";"Acidente s";"387,2";"BR-163/MS";"NORTE";"Atropelamento de animais";0;0;0;0;0;0;0;0;0;1;2;0;0;0;0
"19/05/2022";"12:39:00";"127";"Acidente c";"175,608";"BR-163/MS";"NORTE";"Colisão com veículos (frontal)";0;0;2;0;0;2;0;0;0;0;3;0;0;2;0
"19/05/2022";"16:31:00";"179";"Acidente c";"256,1";"BR-163/MS";"SUL";"Colisão com veículos (traseira)";0;0;0;1;0;0;0;0;0;1;1;1;0;0;0
"19/05/2022";"22:43:00";"242";"Acidente c";"469,757";"BR-163/MS";"SUL";"Colisão com veículos (traseira)";0;0;0;1;0;1;0;0;0;0;1;1;0;0;1
"20/05/2022";"03:07:00";"10";"Acidente s";"258,256";"BR-163/MS";"NORTE";"Capotamento";0;0;0;0;0;0;0;0;0;1;1;0;0;0;0
"21/05/2022";"10:32:00";"95";"Acidente c";"324,5";"BR-163/MS";"NORTE";"Colisão lateral no sentido contrário";0;0;1;1;0;0;0;0;0;0;1;1;0;0;0
"21/05/2022";"16:23:00";"182";"Acidente c";"364,403";"BR-163/MS";"NORTE";"Capotamento";1;0;1;0;0;0;0;0;0;0;1;4;0;0;0
"21/05/2022";"21:30:00";"226";"Acidente s";"197,506";"BR-163/MS";"SUL";"Colisão c/ obstáculos";1;0;1;0;0;2;0;0;0;0;5;0;0;0;0
"22/05/2022";"18:32:00";"177";"Acidente c";"487,466";"BR-163/MS";"SUL";"Tombamento de moto";1;0;0;1;0;0;0;0;0;0;2;2;0;0;0
"22/05/2022";"18:48:00";"181";"Acidente c";"78,434";"BR-163/MS";"NORTE";"Colisão lateral no sentido contrário";0;1;0;1;0;0;0;0;0;0;1;1;0;0;0
"22/05/2022";"22:14:00";"198";"Acidente s";"388,9";"BR-163/MS";"SUL";"Atropelamento de animais";0;0;0;0;0;0;0;0;0;1;1;0;0;0;0
"23/05/2022";"05:30:00";"26";"Acidente s";"419,785";"BR-163/MS";"SUL";"Colisão c/ obstáculos";1;0;1;0;0;2;0;0;0;0;4;0;0;0;0
"23/05/2022";"08:03:00";"69";"Acidente c";"484,832";"BR-163/MS";"NORTE";"Colisão com veículos (traseira)";0;0;0;1;0;1;0;0;0;0;1;0;1;0;0
"23/05/2022";"09:03:00";"102";"Acidente c";"335,993";"BR-163/MS";"NORTE";"Capotamento";0;0;0;0;0;0;0;0;0;1;0;1;0;0;0
"23/05/2022";"11:14:00";"149";"Acidente c";"427,837";"BR-163/MS";"SUL";"Colisão com veículos (traseira)";0;0;1;0;0;0;0;0;0;1;1;1;0;0;0
"23/05/2022";"18:11:00";"290";"Acidente s";"656,821";"BR-163/MS";"NORTE";"Atropelamento de animais";1;0;0;0;0;0;0;0;0;0;1;0;0;0;0
"23/05/2022";"20:48:00";"315";"Acidente s";"256";"BR-163/MS";"SUL";"Colisão com veículos (frontal)";0;2;0;0;0;0;0;0;0;0;2;0;0;0;0
"24/05/2022";"07:14:00";"45";"Acidente c";"477,725";"BR-163/MS";"SUL";"Colisão com veículos (traseira)";1;0;0;1;0;1;0;0;0;0;2;1;0;0;0
"24/05/2022";"14:04:00";"175";"Acidente c";"552,45";"BR-163/MS";"SUL";"Atropelamento de animais";1;0;1;0;0;0;0;0;0;0;2;1;0;0;0
"24/05/2022";"16:41:00";"235";"Acidente c";"222,921";"BR-163/MS";"SUL";"Tombamento";0;0;1;0;0;2;0;0;0;0;2;1;0;0;0
"24/05/2022";"17:50:00";"248";"Acidente c";"467,514";"BR-163/MS";"NORTE";"Engavetamento";2;0;0;0;0;0;0;0;0;1;3;0;1;0;0
"25/05/2022";"05:47:00";"16";"Acidente c";"338,13";"BR-163/MS";"NORTE";"Colisão com veículos (traseira)";0;0;0;1;0;0;0;0;0;1;2;0;1;0;1
"25/05/2022";"14:23:00";"211";"Acidente s";"639,87";"BR-163/MS";"SUL";"Tombamento";0;0;1;0;0;2;0;0;0;0;3;0;0;0;0
"25/05/2022";"14:37:00";"215";"Acidente s";"287,3";"BR-163/MS";"SUL";"Saídas de pista";1;0;0;0;0;0;0;0;0;0;1;0;0;0;0
"25/05/2022";"16:11:00";"265";"Acidente s";"471,402";"BR-163/MS";"NORTE";"Colisão com veículos (traseira)";1;0;0;0;0;0;0;0;0;1;3;0;0;0;0
"25/05/2022";"16:44:00";"282";"Acidente c";"473,272";"BR-163/MS";"NORTE";"Colisão lateral no sentido contrário";0;0;0;1;0;0;0;0;0;1;2;1;0;0;0
"25/05/2022";"22:52:00";"328";"Acidente s";"680,181";"BR-163/MS";"SUL";"Colisão com veículos (traseira)";0;0;3;0;0;1;0;0;0;0;4;0;0;0;0
"26/05/2022";"00:49:00";"3";"Acidente s";"124,92";"BR-163/MS";"SUL";"Atropelamento de animais";0;0;1;0;0;2;0;0;0;0;3;0;0;0;0
"26/05/2022";"15:23:00";"242";"Acidente c";"484,547";"BR-163/MS";"NORTE";"Colisão lateral no sentido contrário";1;0;0;1;0;0;0;0;0;0;1;1;0;0;0
"26/05/2022";"16:39:00";"266";"Acidente s";"503,252";"BR-163/MS";"SUL";"Atropelamento de animais";0;0;0;0;0;0;0;0;0;1;1;0;0;0;0
"27/05/2022";"11:33:00";"138";"Acidente c";"42,218";"BR-163/MS";"NORTE";"Engavetamento";0;0;3;0;0;2;0;0;0;0;5;1;0;0;0
"27/05/2022";"13:44:00";"165";"Acidente c";"77,179";"BR-163/MS";"NORTE";"Colisão lateral no mesmo sentido";0;0;0;1;0;0;0;0;0;1;2;1;0;0;0
"27/05/2022";"17:26:00";"221";"Acidente s";"2,8";"BR-163/MS";"NORTE";"Colisão lateral no mesmo sentido";1;0;1;0;0;2;0;0;0;0;4;0;0;0;0
"27/05/2022";"18:26:00";"229";"Acidente s";"4,921";"BR-163/MS";"SUL";"Colisão com veículos (traseira)";1;0;0;0;0;0;0;0;0;1;2;0;0;0;0
"28/05/2022";"04:24:00";"17";"Acidente s";"466,779";"BR-163/MS";"SUL";"Capotamento";1;0;1;0;0;0;0;0;0;0;2;0;0;0;0
"28/05/2022";"18:45:00";"195";"Acidente c";"608,893";"BR-163/MS";"NORTE";"Colisão com veículos (traseira)";1;0;0;1;0;0;0;0;0;0;5;0;0;0;1
"28/05/2022";"22:33:00";"218";"Acidente s";"278,158";"BR-163/MS";"NORTE";"Atropelamento de animais";1;0;0;0;0;0;0;0;0;0;2;0;0;0;0
"29/05/2022";"01:44:00";"5";"Acidente c";"488,952";"BR-163/MS";"SUL";"Colisão com veículos (frontal)";3;0;0;0;0;0;0;0;0;0;5;1;0;2;0
"29/05/2022";"06:11:00";"21";"Acidente s";"263,911";"BR-163/MS";"NORTE";"Capotamento";0;0;0;0;0;0;0;0;0;1;1;0;0;0;0
"29/05/2022";"10:31:00";"83";"Acidente s";"271,818";"BR-163/MS";"SUL";"Colisão lateral no sentido contrário";1;0;0;0;0;0;0;0;0;1;2;0;0;0;0
"29/05/2022";"14:29:00";"128";"Acidente s";"691,3";"BR-163/MS";"NORTE";"Engavetamento";0;0;3;0;0;4;0;0;0;0;7;0;0;0;0
"29/05/2022";"18:15:00";"179";"Acidente s";"410";"BR-163/MS";"SUL";"Colisão com veículos (traseira)";1;0;0;0;0;0;0;0;0;1;5;0;0;0;0
"29/05/2022";"18:35:00";"187";"Acidente s";"572";"BR-163/MS";"NORTE";"Atropelamento de animais";0;0;0;0;0;0;0;0;0;1;3;0;0;0;0
"30/05/2022";"08:45:00";"95";"Acidente s";"734,63";"BR-163/MS";"NORTE";"Colisão c/ obstáculos";1;0;0;0;0;0;0;0;0;1;3;0;0;0;0
"31/05/2022";"08:32:00";"71";"Acidente s";"51,853";"BR-163/MS";"NORTE";"Saídas de pista";1;0;0;0;0;0;0;0;0;0;1;0;0;0;0
"31/05/2022";"18:45:00";"218";"Acidente s";"734,937";"BR-163/MS";"SUL";"Colisão c/ obstáculos";0;0;0;0;0;0;0;0;0;1;3;0;0;0;0
"01/06/2022";"04:06:00";"14";"Acidente c";"611,63";"BR-163/MS";"SUL";"Colisão lateral no sentido contrário";0;0;1;1;0;2;0;0;0;0;3;2;0;0;0
"02/06/2022";"02:55:00";"4";"Acidente s";"586,67";"BR-163/MS";"NORTE";"Atropelamento de animais";0;0;0;0;0;0;0;0;0;1;1;0;0;0;0
"02/06/2022";"08:44:00";"72";"Acidente s";"542,5";"BR-163/MS";"SUL";"Colisão com veículos (traseira)";1;0;0;0;0;1;0;0;0;0;4;0;0;0;0
"02/06/2022";"12:56:00";"135";"Acidente c";"258,1";"BR-163/MS";"SUL";"Colisão lateral no mesmo sentido";0;0;0;1;0;1;0;0;0;0;1;1;0;0;0
"02/06/2022";"16:00:00";"187";"Acidente c";"772,424";"BR-163/MS";"NORTE";"Atropelamento de animais";0;0;0;0;0;0;0;0;0;1;3;1;0;0;0
"02/06/2022";"16:17:00";"190";"Acidente s";"402,1";"BR-163/MS";"NORTE";"Saídas de pista";0;0;0;0;0;0;0;0;0;1;1;0;0;0;0
"02/06/2022";"17:41:00";"205";"Acidente c";"456,41";"BR-163/MS";"SUL";"Colisão lateral no sentido contrário";2;0;0;0;0;0;0;0;0;0;1;0;2;0;0
"03/06/2022";"03:23:00";"11";"Acidente s";"240";"BR-163/MS";"NORTE";"Atropelamento de animais";1;0;0;0;0;0;0;0;0;0;2;0;0;0;0
"03/06/2022";"04:41:00";"19";"Acidente s";"440,521";"BR-163/MS";"NORTE";"Atropelamento de animais";0;0;0;0;0;0;0;0;0;1;1;0;0;0;0
"03/06/2022";"06:15:00";"28";"Acidente c";"485,533";"BR-163/MS";"NORTE";"Colisão lateral no mesmo sentido";0;0;0;1;0;0;0;0;0;1;2;1;0;0;0
"03/06/2022";"06:30:00";"32";"Acidente s";"792,5";"BR-163/MS";"SUL";"Tombamento";0;0;1;0;0;1;0;0;0;0;3;0;0;0;0
"03/06/2022";"13:44:00";"171";"Acidente s";"6,95";"BR-163/MS";"SUL";"Colisão c/ obstáculos";1;0;0;0;0;0;0;0;0;0;3;0;0;0;0
"03/06/2022";"17:08:00";"223";"Acidente c";"366,485";"BR-163/MS";"SUL";"Colisão com veículos (traseira)";2;0;0;0;0;0;0;0;0;0;4;1;0;0;0
"04/06/2022";"15:05:00";"192";"Acidente c";"834,15";"BR-163/MS";"NORTE";"Tombamento de moto";0;0;0;1;0;0;0;0;0;0;0;1;0;0;0
"04/06/2022";"15:54:00";"202";"Acidente c";"658,813";"BR-163/MS";"NORTE";"Saídas de pista";0;0;1;0;0;0;0;0;0;0;1;1;0;0;0
"04/06/2022";"17:09:00";"222";"Acidente c";"19,9";"BR-163/MS";"NORTE";"Colisão lateral no sentido contrário";0;0;0;1;0;1;0;0;0;0;1;1;0;0;0
"05/06/2022";"01:20:00";"4";"Acidente s";"376,431";"BR-163/MS";"SUL";"Saídas de pista";1;0;0;0;0;0;0;0;0;0;2;0;0;0;0
"05/06/2022";"06:14:00";"21";"Acidente c";"646,449";"BR-163/MS";"NORTE";"Tombamento de moto";0;0;0;1;0;0;0;0;0;0;0;1;0;0;0
"05/06/2022";"06:54:00";"28";"Acidente s";"495,476";"BR-163/MS";"SUL";"Capotamento";1;0;0;0;0;0;0;0;0;0;1;0;0;0;0
"05/06/2022";"16:42:00";"180";"Acidente s";"485,436";"BR-163/MS";"SUL";"Colisão com veículos (traseira)";0;0;0;0;0;0;0;0;0;2;7;0;0;0;0
"05/06/2022";"17:57:00";"192";"Acidente s";"570,803";"BR-163/MS";"NORTE";"Colisão com veículos (traseira)";1;0;0;0;0;0;0;0;0;1;6;0;0;0;0
"06/06/2022";"07:02:00";"32";"Acidente s";"257,629";"BR-163/MS";"SUL";"Engavetamento";3;0;0;0;0;0;0;0;0;0;4;0;0;0;0
"06/06/2022";"07:37:00";"39";"Acidente s";"257,629";"BR-163/MS";"NORTE";"Colisão com veículos (traseira)";2;0;0;0;0;0;0;0;0;0;2;0;0;0;0
"06/06/2022";"12:47:00";"132";"Acidente c";"485,1";"BR-163/MS";"NORTE";"Tombamento de moto";0;0;0;1;0;0;0;0;0;0;0;1;0;0;0
"06/06/2022";"13:31:00";"144";"Acidente s";"148,6";"BR-163/MS";"NORTE";"Saídas de pista";1;0;0;0;0;0;0;0;0;0;1;0;0;0;0
"06/06/2022";"13:32:00";"145";"Acidente c";"622,685";"BR-163/MS";"SUL";"Saídas de pista";1;0;0;0;0;0;0;0;0;0;0;4;0;0;0
"06/06/2022";"18:53:00";"232";"Acidente c";"175,272";"BR-163/MS";"NORTE";"Tombamento";1;0;0;0;0;0;0;0;0;0;0;1;0;0;0
"07/06/2022";"06:30:00";"41";"Acidente s";"500,2";"BR-163/MS";"SUL";"Saídas de pista";1;0;0;0;0;0;0;0;0;0;1;0;0;0;0
"07/06/2022";"20:20:00";"286";"Acidente s";"409,126";"BR-163/MS";"NORTE";"Atropelamento de animais";0;0;0;0;0;0;0;0;0;1;3;0;0;0;0
"07/06/2022";"21:04:00";"291";"Acidente s";"103,76";"BR-163/MS";"SUL";"Colisão c/ obstáculos";0;0;0;0;0;0;0;0;0;1;2;0;0;0;0
"08/06/2022";"20:54:00";"318";"Acidente c";"669,221";"BR-163/MS";"SUL";"Colisão c/ obstáculos";1;0;0;0;0;0;0;0;0;0;0;2;0;0;0
"10/06/2022";"02:35:00";"7";"Acidente s";"691,599";"BR-163/MS";"NORTE";"Saídas de pista";0;0;1;0;0;0;0;0;0;0;1;0;0;0;0
"10/06/2022";"11:12:00";"121";"Acidente s";"527,294";"BR-163/MS";"SUL";"Tombamento";0;0;1;0;0;2;0;0;0;0;3;0;0;0;0
"10/06/2022";"12:41:00";"142";"Acidente c";"527,52";"BR-163/MS";"SUL";"Tombamento";0;0;2;0;0;4;0;0;0;0;5;0;1;0;0
"10/06/2022";"18:55:00";"243";"Acidente s";"626,554";"BR-163/MS";"SUL";"Tombamento";0;0;1;0;0;1;0;0;0;0;2;0;0;0;0
"10/06/2022";"18:56:00";"244";"Acidente s";"384";"BR-163/MS";"NORTE";"Atropelamento de animais";1;0;0;0;0;0;0;0;0;0;3;0;0;0;0
"10/06/2022";"23:09:00";"266";"Acidente c";"760,4";"BR-163/MS";"SUL";"Saídas de pista";0;0;1;0;0;0;0;0;0;0;0;1;0;0;0
"11/06/2022";"01:36:00";"11";"Acidente s";"459";"BR-163/MS";"SUL";"Colisão com veículos (traseira)";2;0;0;0;0;0;0;0;0;0;6;0;0;0;0
"11/06/2022";"13:55:00";"151";"Acidente s";"272,907";"BR-163/MS";"SUL";"Colisão c/ obstáculos";1;0;0;0;0;0;0;0;0;0;1;0;0;0;0
"11/06/2022";"18:11:00";"195";"Acidente s";"396,377";"BR-163/MS";"NORTE";"Atropelamento de animais";1;0;0;0;0;0;0;0;0;0;5;0;0;0;0
"11/06/2022";"20:26:00";"212";"Acidente s";"500,715";"BR-163/MS";"SUL";"Saídas de pista";1;0;0;0;0;0;0;0;0;0;1;0;0;0;0
"12/06/2022";"02:59:00";"13";"Acidente s";"258";"BR-163/MS";"NORTE";"Colisão c/ obstáculos";0;0;0;1;0;0;0;0;0;0;2;0;0;0;0
"12/06/2022";"04:49:00";"18";"Acidente c";"783,121";"BR-163/MS";"NORTE";"Capotamento";1;0;0;0;0;0;0;0;0;0;1;1;0;1;0
"12/06/2022";"11:58:00";"102";"Acidente s";"655,32";"BR-163/MS";"SUL";"Tombamento";0;0;1;0;0;1;0;0;0;0;2;0;0;0;0
"12/06/2022";"13:01:00";"109";"Acidente s";"460,6";"BR-163/MS";"SUL";"Colisão lateral no mesmo sentido";1;0;0;1;0;0;0;0;0;0;4;0;0;0;0
"12/06/2022";"15:38:00";"152";"Acidente s";"211,89";"BR-163/MS";"NORTE";"Tombamento";0;0;1;0;0;2;0;0;0;0;3;0;0;0;0
"12/06/2022";"21:47:00";"191";"Acidente c";"187,468";"BR-163/MS";"SUL";"Atropelamento de animais";0;0;0;1;0;0;0;0;0;0;0;1;0;0;0
"13/06/2022";"05:06:00";"14";"Acidente s";"168,977";"BR-163/MS";"SUL";"Colisão c/ obstáculos";1;0;0;0;0;0;0;0;0;0;1;0;0;0;0
"13/06/2022";"06:40:00";"24";"Acidente c";"659,5";"BR-163/MS";"SUL";"Tombamento de moto";0;0;0;1;0;0;0;0;0;0;1;1;0;0;0
"13/06/2022";"11:24:00";"138";"Acidente c";"9,114";"BR-163/MS";"NORTE";"Colisão com veículos (frontal)";2;0;0;0;0;0;0;0;0;0;0;1;0;1;0
"13/06/2022";"18:59:00";"265";"Acidente s";"126,587";"BR-163/MS";"NORTE";"Colisão com veículos (traseira)";0;0;0;0;0;0;0;0;0;2;3;0;0;0;0
"13/06/2022";"21:21:00";"289";"Acidente s";"777,926";"BR-163/MS";"SUL";"Atropelamento de animais";0;0;1;0;0;1;0;0;0;0;2;0;0;0;0
"14/06/2022";"15:55:00";"250";"Acidente s";"475,82";"BR-163/MS";"NORTE";"Colisão lateral no sentido contrário";1;0;0;0;0;0;0;0;0;1;3;0;0;0;0
"15/06/2022";"06:24:00";"36";"Acidente s";"603,4";"BR-163/MS";"NORTE";"Colisão com veículos (traseira)";1;0;1;0;0;2;0;0;0;0;4;0;0;0;0
"15/06/2022";"07:49:00";"65";"Acidente s";"475,3";"BR-163/MS";"SUL";"Colisão lateral no mesmo sentido";1;0;0;1;0;0;0;0;0;0;2;0;0;0;0
"15/06/2022";"14:43:00";"238";"Acidente c";"622,628";"BR-163/MS";"SUL";"Capotamento";1;0;0;0;0;0;0;0;0;0;0;0;1;0;0
"15/06/2022";"14:48:00";"240";"Acidente s";"603,4";"BR-163/MS";"NORTE";"Colisão com veículos (traseira)";1;0;1;0;0;0;0;0;0;0;2;0;0;0;0
"15/06/2022";"15:23:00";"253";"Acidente c";"313,725";"BR-163/MS";"NORTE";"Colisão com veículos (traseira)";1;0;0;0;0;0;0;0;0;1;1;1;0;0;0
"15/06/2022";"15:50:00";"267";"Acidente c";"681,64";"BR-163/MS";"NORTE";"Colisão lateral no sentido contrário";2;0;0;0;0;0;0;0;0;0;2;1;0;0;0
"15/06/2022";"17:52:00";"317";"Acidente s";"246";"BR-163/MS";"SUL";"Colisão c/ obstáculos";1;0;0;0;0;0;0;0;0;0;4;0;0;0;0
"16/06/2022";"03:22:00";"14";"Acidente c";"257,6";"BR-163/MS";"NORTE";"Tombamento de moto";0;0;0;1;0;0;0;0;0;0;1;1;0;0;0
"16/06/2022";"08:05:00";"52";"Acidente s";"251,884";"BR-163/MS";"NORTE";"Colisão lateral no sentido contrário";1;0;0;0;0;0;0;0;0;1;4;0;0;0;0
"16/06/2022";"10:19:00";"105";"Acidente s";"2,5";"BR-163/MS";"NORTE";"Colisão com veículos (traseira)";1;0;0;0;0;1;0;0;0;0;3;0;0;0;0
"16/06/2022";"20:31:00";"273";"Acidente c";"444,7";"BR-163/MS";"NORTE";"Atropelamento de animais";0;0;0;0;0;0;0;0;0;1;5;1;0;0;0
"17/06/2022";"06:55:00";"60";"Acidente c";"475,784";"BR-163/MS";"NORTE";"Colisão lateral no sentido contrário";1;0;0;1;0;0;0;0;0;0;1;1;0;0;0
"17/06/2022";"17:53:00";"297";"Acidente s";"555,718";"BR-163/MS";"NORTE";"Saídas de pista";0;0;0;0;0;0;0;0;0;1;1;0;0;0;0
"17/06/2022";"18:01:00";"300";"Acidente s";"375,76";"BR-163/MS";"SUL";"Saídas de pista";0;0;0;0;0;0;0;0;0;1;3;0;0;0;0
"17/06/2022";"20:10:00";"312";"Acidente c";"259,57";"BR-163/MS";"SUL";"Colisão com veículos (frontal)";0;1;0;0;0;0;0;0;0;1;1;0;0;1;0
"17/06/2022";"22:57:00";"320";"Acidente s";"778,644";"BR-163/MS";"NORTE";"Colisão c/ obstáculos";1;0;0;0;0;0;0;0;0;0;2;0;0;0;0
"18/06/2022";"01:47:00";"4";"Acidente s";"258,673";"BR-163/MS";"NORTE";"Tombamento de moto";0;0;0;1;0;0;0;0;0;0;2;0;0;0;0
"18/06/2022";"02:06:00";"5";"Acidente c";"434,771";"BR-163/MS";"SUL";"Capotamento";1;0;0;0;0;0;0;0;0;0;1;0;1;0;0
"18/06/2022";"23:19:00";"277";"Acidente s";"357,325";"BR-163/MS";"SUL";"Atropelamento de animais";0;0;0;0;0;0;0;0;0;1;2;0;0;0;0
"19/06/2022";"02:47:00";"14";"Acidente s";"256,105";"BR-163/MS";"SUL";"Atropelamento de animais";2;0;0;0;0;0;0;0;0;0;2;0;0;0;0
"19/06/2022";"05:45:00";"27";"Acidente s";"812,162";"BR-163/MS";"NORTE";"Capotamento";1;0;0;0;0;1;0;0;0;0;3;0;0;0;0
"19/06/2022";"07:03:00";"44";"Acidente s";"13,9";"BR-163/MS";"NORTE";"Saídas de pista";1;0;0;0;0;0;0;0;0;0;1;0;0;0;0
"19/06/2022";"18:59:00";"241";"Acidente s";"278,644";"BR-163/MS";"SUL";"Atropelamento de animais";1;0;0;0;0;0;0;0;0;0;4;0;0;0;0
"19/06/2022";"21:11:00";"267";"Acidente c";"683,74";"BR-163/MS";"SUL";"Tombamento";0;0;1;0;0;1;0;0;0;0;1;0;1;0;0
"19/06/2022";"23:12:00";"280";"Acidente s";"641,213";"BR-163/MS";"NORTE";"Atropelamento de animais";1;0;0;0;0;0;0;0;0;0;3;0;0;0;0
"20/06/2022";"03:28:00";"15";"Acidente c";"724,128";"BR-163/MS";"NORTE";"Tombamento de moto";0;0;0;1;0;0;0;0;0;0;0;1;0;0;0
"20/06/2022";"05:44:00";"27";"Acidente s";"780,99";"BR-163/MS";"NORTE";"Atropelamento de animais";0;0;1;0;0;0;0;0;0;0;1;0;0;0;0
"20/06/2022";"06:31:00";"34";"Acidente s";"200,501";"BR-163/MS";"NORTE";"Colisão c/ obstáculos";1;0;0;0;0;0;0;0;0;0;1;0;0;0;0
"20/06/2022";"07:56:00";"64";"Acidente s";"466,322";"BR-163/MS";"NORTE";"Engavetamento";1;0;0;0;0;0;0;0;0;2;5;0;0;0;0
"20/06/2022";"09:20:00";"99";"Acidente s";"566,277";"BR-163/MS";"SUL";"Colisão c/ obstáculos";1;0;0;0;0;0;0;0;0;0;2;0;0;0;0
"20/06/2022";"10:06:00";"119";"Acidente s";"667,1";"BR-163/MS";"NORTE";"Atropelamento de animais";0;0;0;0;0;0;0;0;0;1;1;0;0;0;0
"20/06/2022";"15:50:00";"216";"Acidente c";"478,1";"BR-163/MS";"SUL";"Tombamento de moto";0;0;0;1;0;0;0;0;0;0;0;0;1;0;0
"20/06/2022";"16:55:00";"231";"Acidente c";"513,691";"BR-163/MS";"SUL";"Capotamento";1;0;0;0;0;0;0;0;0;0;0;1;0;0;0
"20/06/2022";"18:02:00";"242";"Acidente c";"330,991";"BR-163/MS";"NORTE";"Colisão com veículos (traseira)";0;0;2;0;0;1;0;0;0;1;3;0;0;1;0
"20/06/2022";"19:31:00";"256";"Acidente s";"721,335";"BR-163/MS";"NORTE";"Atropelamento de animais";0;0;0;0;0;0;0;0;0;1;2;0;0;0;0
"21/06/2022";"07:31:00";"70";"Acidente s";"21,6";"BR-163/MS";"NORTE";"Colisão lateral no mesmo sentido";1;0;2;0;0;4;0;0;0;0;7;0;0;0;0
"21/06/2022";"11:01:00";"134";"Acidente s";"485,12";"BR-163/MS";"NORTE";"Colisão com veículos (traseira)";0;0;1;0;1;0;0;0;0;0;36;0;0;0;0
"21/06/2022";"13:58:00";"175";"Acidente s";"603,41";"BR-163/MS";"NORTE";"Colisão lateral no mesmo sentido";1;0;1;0;0;0;0;0;0;0;2;0;0;0;0
"21/06/2022";"14:09:00";"179";"Acidente c";"251,36";"BR-163/MS";"NORTE";"Colisão com veículos (traseira)";0;0;1;0;0;0;0;0;0;1;1;1;0;0;0
"21/06/2022";"18:50:00";"244";"Acidente s";"256";"BR-163/MS";"SUL";"Colisão com veículos (traseira)";2;0;0;0;0;0;0;0;0;0;5;0;0;0;0
"21/06/2022";"21:13:00";"265";"Acidente s";"669,7";"BR-163/MS";"NORTE";"Colisão c/ obstáculos";0;0;1;0;0;0;0;0;0;0;1;0;0;0;0
"22/06/2022";"00:59:00";"7";"Acidente s";"564,1";"BR-163/MS";"NORTE";"Atropelamento de animais";0;0;0;0;0;0;0;0;0;1;1;0;0;0;0
"22/06/2022";"01:18:00";"10";"Acidente s";"380,2";"BR-163/MS";"SUL";"Saídas de pista";0;0;0;0;0;0;0;0;0;1;1;0;0;0;0
"22/06/2022";"05:08:00";"18";"Acidente c";"555,399";"BR-163/MS";"NORTE";"Capotamento";0;0;1;0;0;0;0;0;0;0;0;1;0;0;0
"22/06/2022";"07:49:00";"60";"Acidente s";"146,1";"BR-163/MS";"SUL";"Atropelamento de animais";1;0;0;0;0;0;0;0;0;0;1;0;0;0;0
"23/06/2022";"18:16:00";"361";"Acidente s";"808,577";"BR-163/MS";"SUL";"Colisão com veículos (traseira)";1;0;1;0;0;1;0;0;0;0;3;0;0;0;0
"23/06/2022";"20:05:00";"385";"Acidente s";"415,791";"BR-163/MS";"SUL";"Colisão com veículos (traseira)";0;0;2;0;0;2;0;0;0;0;4;0;0;0;0
"24/06/2022";"09:03:00";"97";"Acidente s";"217,4";"BR-163/MS";"NORTE";"Atropelamento de animais";1;0;0;0;0;0;0;0;0;0;1;0;0;0;0
"24/06/2022";"16:12:00";"239";"Acidente c";"526,14";"BR-163/MS";"SUL";"Engavetamento";1;0;2;0;0;1;0;0;0;0;3;1;0;0;0
"24/06/2022";"16:40:00";"246";"Acidente s";"368";"BR-163/MS";"SUL";"Colisão com veículos (traseira)";0;0;0;0;0;1;0;0;0;2;7;0;0;0;0
"24/06/2022";"18:09:00";"260";"Acidente s";"476,664";"BR-163/MS";"SUL";"Capotamento";0;0;1;0;0;2;0;0;0;1;4;0;0;0;0
"24/06/2022";"18:51:00";"269";"Acidente s";"623,13";"BR-163/MS";"SUL";"Atropelamento de animais";1;0;0;0;0;0;0;0;0;0;2;0;0;0;0
"24/06/2022";"23:41:00";"315";"Acidente s";"241,307";"BR-163/MS";"SUL";"Tombamento";1;0;0;0;0;0;0;0;0;0;3;0;0;0;0
"25/06/2022";"03:53:00";"20";"Acidente s";"721,5";"BR-163/MS";"NORTE";"Saídas de pista";1;0;0;0;0;0;0;0;0;0;1;0;0;0;0