data;horario;n_da_ocorrencia;tipo_de_ocorrencia;km;trecho;sentido;tipo_de_acidente;automovel;bicicleta;caminhao;moto;onibus;outros;tracao_animal;transporte_de_cargas_especiais;trator_maquinas;utilitarios;ilesos;levemente_feridos;moderadamente_feridos;gravemente_feridos;mortos
"02/08/2022";"18:34:00";"271";"Acidente s";"712,142";"BR-163/MS";"NORTE";"Atropelamento de animais";0;0;1;0;0;2;0;0;0;0;4;0;0;0;0
"02/08/2022";"23:48:00";"329";"Acidente s";"387";"BR-163/MS";"SUL";"Atropelamento de animais";1;0;0;0;0;0;0;0;0;0;3;0;0;0;0
"03/08/2022";"13:32:00";"196";"Acidente c";"256,7";"BR-163/MS";"SUL";"Tombamento de moto";0;0;0;1;0;0;0;0;0;0;0;1;0;0;0
"03/08/2022";"14:09:00";"206";"Acidente s";"225,598";"BR-163/MS";"NORTE";"Colisão lateral no mesmo sentido";1;0;1;0;0;0;0;0;0;0;2;0;0;0;0
"03/08/2022";"14:12:00";"208";"Acidente c";"498,819";"BR-163/MS";"SUL";"Tombamento de moto";0;0;0;1;0;0;0;0;0;0;1;1;0;0;0
"03/08/2022";"19:04:00";"294";"Acidente c";"724,693";"BR-163/MS";"NORTE";"Colisão com veículos (frontal)";0;0;1;0;0;0;0;0;0;1;2;2;0;0;0
"04/08/2022";"02:00:00";"15";"Acidente c";"185,13";"BR-163/MS";"SUL";"Tombamento";0;0;1;0;0;0;0;0;0;0;0;1;0;0;0
"04/08/2022";"03:29:00";"18";"Acidente s";"244,944";"BR-163/MS";"NORTE";"Saídas de pista";0;0;0;0;0;0;0;0;0;1;2;0;0;0;0
"04/08/2022";"03:50:00";"20";"Acidente c";"1,609";"BR-163/MS";"SUL";"Colisão com veículos (frontal)";2;0;0;0;0;0;0;0;0;0;2;1;1;0;0
"04/08/2022";"04:46:00";"22";"Acidente c";"614,71";"BR-163/MS";"NORTE";"Colisão lateral no sentido contrário";0;0;0;1;0;0;0;0;0;1;1;1;0;0;0
"04/08/2022";"06:21:00";"33";"Acidente c";"720,29";"BR-163/MS";"NORTE";"Tombamento de moto";0;0;0;1;0;0;0;0;0;0;0;0;1;0;0
"04/08/2022";"08:17:00";"112";"Acidente c";"359,746";"BR-163/MS";"NORTE";"Colisão com veículos (traseira)";1;0;1;0;0;2;0;0;0;0;3;4;0;0;0
"04/08/2022";"13:58:00";"220";"Acidente c";"128,339";"BR-163/MS";"SUL";"Colisão com veículos (frontal)";0;0;2;0;0;2;0;0;0;0;2;2;0;0;0
"04/08/2022";"14:12:00";"224";"Acidente c";"515,4";"BR-163/MS";"NORTE";"Colisão com veículos (traseira)";1;0;1;0;0;0;0;0;0;0;1;1;3;0;0
"04/08/2022";"22:32:00";"338";"Acidente c";"210,84";"BR-163/MS";"SUL";"Colisão lateral no sentido contrário";0;1;0;0;0;0;0;0;0;1;3;1;0;0;0
"04/08/2022";"23:16:00";"343";"Acidente s";"459,879";"BR-163/MS";"NORTE";"Colisão com veículos (traseira)";1;0;0;1;0;0;0;0;0;0;2;0;0;0;0
"05/08/2022";"04:24:00";"26";"Acidente s";"359,741";"BR-163/MS";"NORTE";"Capotamento";1;0;0;0;0;0;0;0;0;0;1;0;0;0;0
"05/08/2022";"11:36:00";"168";"Acidente c";"254,9";"BR-163/MS";"NORTE";"Capotamento";0;0;0;0;0;0;0;0;0;1;0;0;0;1;0
"05/08/2022";"11:49:00";"172";"Acidente s";"394,65";"BR-163/MS";"SUL";"Colisão com veículos (traseira)";2;0;0;0;0;0;0;0;0;0;3;0;0;0;0
"05/08/2022";"16:24:00";"256";"Acidente s";"479,453";"BR-163/MS";"NORTE";"Engavetamento";0;0;0;0;0;1;0;0;0;2;3;0;0;0;0
"05/08/2022";"22:25:00";"373";"Acidente c";"660,842";"BR-163/MS";"SUL";"Atropelamento de animais";0;0;0;0;0;0;0;0;0;1;2;1;0;0;0
"06/08/2022";"14:08:00";"242";"Acidente s";"175,976";"BR-163/MS";"SUL";"Colisão lateral no mesmo sentido";2;0;0;0;0;0;0;0;0;0;5;0;0;0;0
"06/08/2022";"16:24:00";"273";"Acidente s";"560,31";"BR-163/MS";"NORTE";"Engavetamento";2;0;0;0;0;0;0;0;0;1;8;0;0;0;0
"06/08/2022";"17:17:00";"279";"Acidente s";"156,2";"BR-163/MS";"SUL";"Engavetamento";0;0;1;0;0;3;0;0;0;0;4;0;0;0;0
"06/08/2022";"21:49:00";"377";"Acidente s";"769,737";"BR-163/MS";"SUL";"Atropelamento de animais";0;0;1;0;0;1;0;0;0;0;2;0;0;0;0
"07/08/2022";"14:09:00";"187";"Acidente s";"249,82";"BR-163/MS";"NORTE";"Saídas de pista";1;0;0;0;0;0;0;0;0;0;1;0;0;0;0
"07/08/2022";"19:22:00";"264";"Acidente s";"495,57";"BR-163/MS";"SUL";"Colisão com veículos (traseira)";1;0;0;0;0;1;0;0;0;0;3;0;0;0;0
"07/08/2022";"20:47:00";"277";"Acidente c";"436,264";"BR-163/MS";"NORTE";"Colisão c/ obstáculos";1;0;0;0;0;0;0;0;0;0;1;2;0;0;0
"08/08/2022";"02:13:00";"15";"Acidente s";"240,95";"BR-163/MS";"NORTE";"Capotamento";1;0;0;0;0;0;0;0;0;0;3;0;0;0;0
"08/08/2022";"05:11:00";"65";"Acidente s";"682,129";"BR-163/MS";"SUL";"Saídas de pista";0;0;0;0;0;0;0;0;0;1;1;0;0;0;0
"08/08/2022";"06:54:00";"92";"Acidente s";"721,607";"BR-163/MS";"NORTE";"Tombamento de moto";0;0;0;1;0;0;0;0;0;0;2;0;0;0;0
"08/08/2022";"10:19:00";"181";"Acidente s";"343,8";"BR-163/MS";"SUL";"Colisão lateral no mesmo sentido";0;0;1;0;0;0;0;0;0;1;2;0;0;0;0
"08/08/2022";"15:00:00";"270";"Acidente s";"466,322";"BR-163/MS";"NORTE";"Saídas de pista";0;0;0;0;0;0;0;0;0;1;1;0;0;0;0
"08/08/2022";"19:10:00";"356";"Acidente c";"485,482";"BR-163/MS";"NORTE";"Colisão com veículos (traseira)";2;0;0;0;0;0;0;0;0;0;6;0;1;0;0
"09/08/2022";"12:41:00";"168";"Acidente c";"686,784";"BR-163/MS";"NORTE";"Colisão c/ obstáculos";0;0;0;0;0;0;0;0;0;1;2;2;0;0;0
"09/08/2022";"18:50:00";"271";"Acidente s";"735,732";"BR-163/MS";"SUL";"Saídas de pista";0;0;1;0;0;1;0;0;0;0;2;0;0;0;0
"10/08/2022";"11:55:00";"201";"Acidente c";"457,19";"BR-163/MS";"NORTE";"Colisão com veículos (frontal)";1;0;0;1;0;0;0;0;0;0;1;1;0;0;0
"10/08/2022";"22:33:00";"447";"Acidente s";"24,372";"BR-163/MS";"SUL";"Atropelamento de animais";1;0;0;0;0;0;0;0;0;0;1;0;0;0;0
"11/08/2022";"02:48:00";"15";"Acidente s";"360,5";"BR-163/MS";"SUL";"Atropelamento de animais";0;0;1;0;0;0;0;0;0;0;1;0;0;0;0
"11/08/2022";"07:16:00";"92";"Acidente s";"257,5";"BR-163/MS";"NORTE";"Colisão com veículos (traseira)";2;0;0;0;0;0;0;0;0;0;2;0;0;0;0
"11/08/2022";"09:49:00";"166";"Acidente s";"551,72";"BR-163/MS";"SUL";"Tombamento";0;0;1;0;0;1;0;0;0;0;2;0;0;0;0
"11/08/2022";"10:22:00";"180";"Acidente s";"21,8";"BR-163/MS";"NORTE";"Saídas de pista";1;0;0;0;0;0;0;0;0;0;1;0;0;0;0
"11/08/2022";"10:45:00";"187";"Acidente s";"498,822";"BR-163/MS";"SUL";"Saídas de pista";0;0;1;0;0;1;0;0;0;0;2;0;0;0;0
"11/08/2022";"10:52:00";"190";"Acidente s";"597,245";"BR-163/MS";"NORTE";"Atropelamento de animais";1;0;0;0;0;0;0;0;0;0;1;0;0;0;0
"11/08/2022";"10:56:00";"192";"Acidente s";"21,7";"BR-163/MS";"NORTE";"Engavetamento";2;0;1;0;0;1;0;0;0;0;9;0;0;0;0
"11/08/2022";"12:22:00";"216";"Acidente c";"479,45";"BR-163/MS";"SUL";"Tombamento de moto";0;0;0;1;0;0;0;0;0;0;0;1;0;0;0
"11/08/2022";"12:52:00";"221";"Acidente s";"1,7";"BR-163/MS";"NORTE";"Colisão com veículos (traseira)";1;0;0;0;0;1;0;0;0;0;4;0;0;0;0
"11/08/2022";"18:23:00";"347";"Acidente c";"20,115";"BR-163/MS";"NORTE";"Colisão com veículos (traseira)";1;0;0;1;0;0;0;0;0;0;1;1;0;0;0
"12/08/2022";"16:42:00";"393";"Acidente c";"206,7";"BR-163/MS";"NORTE";"Tombamento";0;0;1;0;0;0;0;0;0;0;0;1;0;0;0
"12/08/2022";"18:40:00";"419";"Acidente s";"36,392";"BR-163/MS";"NORTE";"Saídas de pista";1;0;0;0;0;0;0;0;0;0;1;0;0;0;0
"13/08/2022";"06:18:00";"40";"Acidente c";"501,16";"BR-163/MS";"SUL";"Saídas de pista";1;0;0;0;0;0;0;0;0;0;0;1;0;0;0
"13/08/2022";"11:27:00";"231";"Acidente s";"247,65";"BR-163/MS";"NORTE";"Capotamento";1;0;0;0;0;0;0;0;0;0;1;0;0;0;0
"13/08/2022";"19:38:00";"430";"Acidente c";"615,405";"BR-163/MS";"NORTE";"Colisão lateral no sentido contrário";0;0;0;1;0;0;0;0;0;1;1;1;0;0;0
"13/08/2022";"21:19:00";"444";"Acidente s";"119,626";"BR-163/MS";"SUL";"Atropelamento de animais";0;0;1;0;0;0;0;0;0;0;1;0;0;0;0
"13/08/2022";"21:30:00";"445";"Acidente c";"261,95";"BR-163/MS";"SUL";"Colisão c/ obstáculos";2;0;0;0;0;0;0;0;0;0;1;1;0;0;0
"14/08/2022";"02:43:00";"20";"Acidente s";"793,722";"BR-163/MS";"NORTE";"Atropelamento de animais";1;0;0;0;0;0;0;0;0;0;2;0;0;0;0
"14/08/2022";"16:41:00";"287";"Acidente s";"181,953";"BR-163/MS";"NORTE";"Colisão c/ obstáculos";1;0;0;0;0;0;0;0;0;0;1;0;0;0;0
"14/08/2022";"17:02:00";"295";"Acidente c";"10,273";"BR-163/MS";"NORTE";"Colisão c/ obstáculos";1;0;0;0;0;0;0;0;0;0;0;2;0;0;0
"14/08/2022";"20:47:00";"365";"Acidente s";"638,666";"BR-163/MS";"SUL";"Atropelamento de animais";1;0;0;0;0;0;0;0;0;0;4;0;0;0;0
"14/08/2022";"20:56:00";"368";"Acidente s";"639,751";"BR-163/MS";"SUL";"Atropelamento de animais";1;0;0;0;0;0;0;0;0;0;2;0;0;0;0
"15/08/2022";"00:04:00";"1";"Acidente s";"480,884";"BR-163/MS";"SUL";"Colisão lateral no sentido contrário";1;0;0;0;0;1;0;0;0;0;2;0;0;0;0
"15/08/2022";"04:18:00";"27";"Acidente s";"687,596";"BR-163/MS";"SUL";"Atropelamento de animais";1;0;0;0;0;0;0;0;0;0;1;0;0;0;0
"15/08/2022";"06:29:00";"40";"Acidente s";"341,7";"BR-163/MS";"NORTE";"Colisão com veículos (traseira)";2;0;0;0;0;0;0;0;0;0;4;0;0;0;0
"15/08/2022";"15:20:00";"304";"Acidente s";"290,616";"BR-163/MS";"NORTE";"Saídas de pista";0;0;0;0;0;0;0;0;0;1;1;0;0;0;0
"16/08/2022";"09:45:00";"186";"Acidente c";"745,519";"BR-163/MS";"SUL";"Saídas de pista";0;0;0;0;0;0;0;0;0;1;1;1;0;0;0
"16/08/2022";"12:17:00";"252";"Acidente s";"260,1";"BR-163/MS";"NORTE";"Saídas de pista";1;0;0;0;0;0;0;0;0;0;1;0;0;0;0
"16/08/2022";"17:20:00";"339";"Acidente s";"476,701";"BR-163/MS";"SUL";"Tombamento de moto";0;0;0;1;0;0;0;0;0;0;1;0;0;0;0
"16/08/2022";"18:17:00";"379";"Acidente c";"259,2";"BR-163/MS";"SUL";"Colisão com veículos (traseira)";0;0;0;1;1;0;0;0;0;0;1;0;1;0;0
"16/08/2022";"18:19:00";"388";"Acidente s";"485";"BR-163/MS";"NORTE";"Colisão com veículos (traseira)";1;0;0;0;0;0;0;0;0;1;7;0;0;0;0
"16/08/2022";"18:27:00";"382";"Acidente c";"790,66";"BR-163/MS";"NORTE";"Colisão lateral no mesmo sentido";0;0;0;1;0;0;0;0;0;2;7;0;0;0;1
"16/08/2022";"19:15:00";"399";"Acidente c";"264";"BR-163/MS";"NORTE";"Atropelamento de pedestre";0;1;0;0;0;0;0;0;0;0;0;0;1;0;0
"17/08/2022";"06:06:00";"77";"Acidente c";"65,127";"BR-163/MS";"SUL";"Tombamento";0;0;1;0;0;0;0;0;0;0;0;1;0;0;0
"17/08/2022";"10:40:00";"164";"Acidente s";"326,8";"BR-163/MS";"NORTE";"Colisão lateral no mesmo sentido";1;0;0;0;0;0;0;0;0;1;4;0;0;0;0
"17/08/2022";"12:26:00";"201";"Acidente c";"562,882";"BR-163/MS";"SUL";"Colisão com veículos (traseira)";0;0;2;0;0;0;0;0;0;0;1;0;0;1;0
"17/08/2022";"13:09:00";"213";"Acidente s";"61";"BR-163/MS";"NORTE";"Saídas de pista";0;0;1;0;0;0;0;0;0;0;2;0;0;0;0
"18/08/2022";"03:32:00";"16";"Acidente c";"654,558";"BR-163/MS";"SUL";"Colisão c/ obstáculos";0;0;1;0;0;0;0;0;0;0;0;0;1;0;0
"18/08/2022";"11:04:00";"144";"Acidente s";"134,644";"BR-163/MS";"NORTE";"Colisão com veículos (traseira)";1;0;1;0;0;0;0;0;0;0;4;0;0;0;0
"18/08/2022";"12:17:00";"161";"Acidente s";"660,276";"BR-163/MS";"NORTE";"Capotamento";1;0;0;0;0;0;0;0;0;0;1;0;0;0;0
"18/08/2022";"17:38:00";"238";"Acidente s";"190,675";"BR-163/MS";"NORTE";"Colisão c/ obstáculos";1;0;0;0;0;0;0;0;0;0;1;0;0;0;0
"18/08/2022";"19:40:00";"278";"Acidente s";"763,86";"BR-163/MS";"NORTE";"Atropelamento de animais";1;0;0;0;0;0;0;0;0;0;2;0;0;0;0
"19/08/2022";"07:03:00";"69";"Acidente c";"257,35";"BR-163/MS";"NORTE";"Colisão lateral no sentido contrário";4;0;1;0;0;0;0;0;0;0;2;0;0;0;0
"19/08/2022";"09:36:00";"149";"Acidente s";"157,8";"BR-163/MS";"NORTE";"Colisão com veículos (traseira)";1;0;0;0;0;1;0;0;0;0;3;0;0;0;0
"19/08/2022";"12:29:00";"224";"Acidente s";"212,4";"BR-163/MS";"NORTE";"Saídas de pista";0;0;1;0;0;1;0;0;0;0;2;0;0;0;0
"19/08/2022";"14:51:00";"274";"Acidente c";"529,105";"BR-163/MS";"SUL";"Colisão lateral no sentido contrário";0;0;1;0;0;2;0;0;0;1;3;0;1;0;0
"19/08/2022";"17:21:00";"318";"Acidente c";"477,7";"BR-163/MS";"NORTE";"Colisão lateral no mesmo sentido";0;1;0;1;0;0;0;0;0;0;0;1;1;0;0
"19/08/2022";"19:28:00";"373";"Acidente c";"278,737";"BR-163/MS";"SUL";"Atropelamento de animais";0;0;0;1;0;0;0;0;0;0;0;1;0;0;0
"20/08/2022";"02:39:00";"16";"Acidente s";"183,941";"BR-163/MS";"SUL";"Atropelamento de animais";0;0;0;0;0;0;0;0;0;1;3;0;0;0;0
"20/08/2022";"18:23:00";"313";"Acidente c";"457,346";"BR-163/MS";"NORTE";"Colisão lateral no sentido contrário";1;0;0;1;0;0;0;0;0;0;2;0;1;0;0
"20/08/2022";"18:54:00";"322";"Acidente s";"385,8";"BR-163/MS";"SUL";"Tombamento";1;0;0;0;0;0;0;0;0;0;2;0;0;0;0
"20/08/2022";"19:44:00";"334";"Acidente c";"81,148";"BR-163/MS";"SUL";"Colisão lateral no mesmo sentido";0;0;0;1;0;0;0;0;0;1;2;0;0;2;0
"21/08/2022";"00:34:00";"4";"Acidente c";"419,54";"BR-163/MS";"SUL";"Colisão com veículos (traseira)";0;1;0;0;0;1;0;0;0;0;1;0;1;0;0
"21/08/2022";"10:57:00";"167";"Acidente s";"783,476";"BR-163/MS";"NORTE";"Atropelamento de animais";0;0;1;0;0;0;0;0;0;0;1;0;0;0;0
"21/08/2022";"19:44:00";"332";"Acidente s";"103,835";"BR-163/MS";"NORTE";"Tombamento";0;0;1;0;0;2;0;0;0;0;3;0;0;0;0
"21/08/2022";"21:00:00";"347";"Acidente s";"560,548";"BR-163/MS";"SUL";"Capotamento";0;0;1;0;0;0;0;0;0;0;1;0;0;0;0
"22/08/2022";"06:36:00";"68";"Acidente s";"718,183";"BR-163/MS";"NORTE";"Atropelamento de animais";1;0;0;0;0;0;0;0;0;0;1;0;0;0;0
"22/08/2022";"06:50:00";"72";"Acidente c";"263";"BR-163/MS";"NORTE";"Colisão lateral no mesmo sentido";0;0;0;1;0;0;0;0;0;1;1;1;0;0;0
"22/08/2022";"15:18:00";"227";"Acidente c";"41,872";"BR-163/MS";"SUL";"Tombamento";0;0;1;0;0;0;0;0;0;0;0;1;0;0;0
"22/08/2022";"15:34:00";"236";"Acidente s";"540,602";"BR-163/MS";"NORTE";"Engavetamento";0;0;3;0;0;5;0;0;0;0;8;0;0;0;0
"23/08/2022";"17:31:00";"303";"Acidente s";"278,8";"BR-163/MS";"SUL";"Colisão lateral no mesmo sentido";1;0;0;0;0;1;0;0;0;0;2;0;0;0;0
"23/08/2022";"18:32:00";"320";"Acidente s";"477,634";"BR-163/MS";"NORTE";"Tombamento de moto";0;0;0;1;0;0;0;0;0;0;1;0;0;0;0
"24/08/2022";"08:01:00";"101";"Atropelame";"479,964";"BR-163/MS";"NORTE";"Colisão lateral no mesmo sentido";0;1;1;0;0;0;0;0;0;0;1;1;0;0;0
"24/08/2022";"10:24:00";"179";"Acidente c";"470,79";"BR-163/MS";"NORTE";"Colisão lateral no sentido contrário";1;0;0;1;0;0;0;0;0;0;1;1;0;0;0
"24/08/2022";"11:20:00";"196";"Acidente c";"471,636";"BR-163/MS";"SUL";"Colisão com veículos (traseira)";1;0;1;0;0;2;0;0;0;0;3;1;0;0;0
"24/08/2022";"17:25:00";"317";"Acidente c";"302,715";"BR-163/MS";"NORTE";"Colisão lateral no mesmo sentido";0;0;0;1;1;0;0;0;0;0;15;0;0;2;0
"24/08/2022";"18:15:00";"334";"Acidente s";"360,5";"BR-163/MS";"NORTE";"Atropelamento de animais";1;0;0;0;0;0;0;0;0;0;1;0;0;0;0
"25/08/2022";"05:18:00";"73";"Acidente s";"775,498";"BR-163/MS";"SUL";"Colisão com veículos (traseira)";0;0;2;0;0;0;0;0;0;0;2;0;0;0;0
"25/08/2022";"05:43:00";"80";"Acidente c";"325,875";"BR-163/MS";"NORTE";"Colisão lateral no mesmo sentido";1;0;0;1;0;0;0;0;0;0;4;1;0;0;0
"25/08/2022";"11:50:00";"212";"Acidente c";"475,786";"BR-163/MS";"SUL";"Colisão lateral no sentido contrário";0;0;1;1;0;1;0;0;0;0;2;1;0;0;0
"25/08/2022";"12:54:00";"234";"Acidente c";"421,42";"BR-163/MS";"NORTE";"Colisão lateral no sentido contrário";0;0;0;2;0;0;0;0;0;0;0;1;0;0;0
"25/08/2022";"17:36:00";"312";"Acidente c";"87,145";"BR-163/MS";"NORTE";"Colisão lateral no mesmo sentido";0;0;3;0;0;3;0;0;0;0;3;1;0;0;2
"26/08/2022";"02:22:00";"13";"Acidente s";"716,854";"BR-163/MS";"SUL";"Colisão c/ obstáculos";1;0;0;0;0;0;0;0;0;0;1;0;0;0;0
"26/08/2022";"02:47:00";"17";"Acidente s";"171,869";"BR-163/MS";"NORTE";"Saídas de pista";1;0;0;0;0;0;0;0;0;0;1;0;0;0;0
"26/08/2022";"11:43:00";"199";"Acidente c";"259,538";"BR-163/MS";"SUL";"Tombamento de moto";0;0;0;1;0;0;0;0;0;0;0;2;0;0;0
"26/08/2022";"14:08:00";"240";"Acidente s";"662,525";"BR-163/MS";"NORTE";"Tombamento";0;0;1;0;0;1;0;0;0;0;2;0;0;0;0
"26/08/2022";"14:44:00";"249";"Acidente s";"140,1";"BR-163/MS";"NORTE";"Colisão c/ obstáculos";1;0;0;0;0;0;0;0;0;0;2;0;0;0;0
"26/08/2022";"18:15:00";"321";"Acidente s";"224,964";"BR-163/MS";"NORTE";"Colisão com veículos (traseira)";2;0;0;0;0;0;0;0;0;0;2;0;0;0;0
"26/08/2022";"19:43:00";"368";"Acidente c";"259,258";"BR-163/MS";"SUL";"Colisão com veículos (traseira)";1;0;0;1;0;0;0;0;0;0;1;1;0;0;0
"26/08/2022";"22:32:00";"393";"Acidente s";"121,618";"BR-163/MS";"NORTE";"Atropelamento de animais";0;0;1;0;0;1;0;0;0;0;2;0;0;0;0
"27/08/2022";"00:16:00";"3";"Acidente s";"246,574";"BR-163/MS";"NORTE";"Saídas de pista";1;0;0;0;0;0;0;0;0;0;4;0;0;0;0
"27/08/2022";"04:46:00";"23";"Acidente c";"77,937";"BR-163/MS";"SUL";"Colisão c/ obstáculos";0;0;0;0;0;0;0;0;0;1;0;0;1;0;0
"27/08/2022";"10:49:00";"169";"Acidente s";"188,3";"BR-163/MS";"NORTE";"Tombamento";0;0;1;0;0;1;0;0;0;0;2;0;0;0;0
"27/08/2022";"11:19:00";"176";"Acidente s";"313,25";"BR-163/MS";"NORTE";"Colisão com veículos (traseira)";2;0;0;0;0;0;0;0;0;0;3;0;0;0;0
"27/08/2022";"18:20:00";"308";"Atropelame";"168,859";"BR-163/MS";"SUL";"Atropelamento de pedestre";0;0;0;0;0;1;0;0;0;0;1;0;0;0;1
"27/08/2022";"23:58:00";"389";"Acidente s";"365,2";"BR-163/MS";"SUL";"Colisão com veículos (traseira)";1;0;0;0;0;0;0;0;0;1;8;0;0;0;0
"28/08/2022";"00:15:00";"2";"Acidente s";"493,44";"BR-163/MS";"NORTE";"Tombamento";0;0;1;0;0;2;0;0;0;0;3;0;0;0;0
"28/08/2022";"18:41:00";"320";"Atropelame";"273,132";"BR-163/MS";"SUL";"Atropelamento de pedestre";0;0;0;0;1;0;0;0;0;0;45;0;0;0;1
"28/08/2022";"19:57:00";"346";"Acidente s";"519,134";"BR-163/MS";"NORTE";"Colisão c/ obstáculos";1;0;0;0;0;0;0;0;0;0;1;0;0;0;0
"29/08/2022";"09:46:00";"147";"Acidente c";"682,35";"BR-163/MS";"NORTE";"Engavetamento";1;0;2;0;0;2;0;0;0;0;4;1;0;0;0
"29/08/2022";"12:56:00";"221";"Acidente s";"243,281";"BR-163/MS";"NORTE";"Saídas de pista";1;0;0;0;0;0;0;0;0;0;1;0;0;0;0
"29/08/2022";"20:34:00";"393";"Acidente c";"117";"BR-163/MS";"SUL";"Outros";1;0;0;0;0;0;0;0;0;0;1;1;0;0;0
"29/08/2022";"22:26:00";"419";"Acidente c";"563,5";"BR-163/MS";"SUL";"Atropelamento de animais";0;0;0;0;0;0;0;0;0;1;3;0;1;0;0
"29/08/2022";"23:13:00";"426";"Acidente c";"334";"BR-163/MS";"SUL";"Saídas de pista";0;0;0;0;0;0;0;0;0;1;0;1;0;0;0
"30/08/2022";"06:14:00";"56";"Acidente s";"485,63";"BR-163/MS";"NORTE";"Colisão com veículos (traseira)";1;0;0;1;0;0;0;0;0;0;5;0;0;0;0
"30/08/2022";"11:24:00";"183";"Acidente s";"656,856";"BR-163/MS";"SUL";"Tombamento";0;0;1;0;0;1;0;0;0;0;2;0;0;0;0
"30/08/2022";"12:17:00";"194";"Acidente c";"547,8";"BR-163/MS";"SUL";"Capotamento";1;0;1;0;0;1;0;0;0;0;2;0;1;0;0
"30/08/2022";"16:46:00";"267";"Acidente s";"253,672";"BR-163/MS";"SUL";"Colisão lateral no mesmo sentido";1;0;0;0;0;1;0;0;0;0;2;0;0;0;0
"30/08/2022";"17:41:00";"287";"Acidente c";"475,32";"BR-163/MS";"NORTE";"Colisão lateral no sentido contrário";0;0;2;0;0;0;0;0;0;0;2;1;0;0;0
"30/08/2022";"18:45:00";"328";"Acidente s";"251,914";"BR-163/MS";"SUL";"Saídas de pista";1;0;0;0;0;0;0;0;0;0;2;0;0;0;0
"31/08/2022";"00:40:00";"5";"Acidente s";"205,6";"BR-163/MS";"SUL";"Atropelamento de animais";0;0;0;0;0;0;0;0;0;1;1;0;0;0;0
"31/08/2022";"13:00:00";"229";"Acidente s";"39";"BR-163/MS";"NORTE";"Colisão com veículos (traseira)";0;0;1;1;0;0;0;0;0;0;3;0;0;0;0
"31/08/2022";"22:11:00";"414";"Acidente s";"742,538";"BR-163/MS";"NORTE";"Atropelamento de animais";0;0;1;0;0;0;0;0;0;0;1;0;0;0;0
"01/09/2022";"02:43:00";"17";"AC02 - Aci";"260+263";"BR-163/MS";"SUL";"Atropelamento de Animal";0;0;0;1;0;0;0;0;0;0;0;1;0;0;0
"01/09/2022";"07:01:00";"70";"AC03 - Aci";"262+673";"BR-163/MS";"NORTE";"Colisão - Traseira";1;0;0;0;0;0;0;0;0;1;6;0;0;0;0
"01/09/2022";"15:58:00";"242";"AC03 - Aci";"164+062";"BR-163/MS";"SUL";"Colisão - Traseira";1;0;0;0;0;2;0;0;0;0;6;0;0;0;0
"02/09/2022";"06:37:00";"54";"AC02 - Aci";"511+010";"BR-163/MS";"NORTE";"Colisão - Lateral";1;0;1;0;0;2;0;0;0;0;3;1;0;0;0
"02/09/2022";"10:05:00";"158";"AC03 - Aci";"628+360";"BR-163/MS";"NORTE";"Atropelamento de Animal";1;0;0;0;0;0;0;0;0;0;1;0;0;0;0
"02/09/2022";"16:06:00";"273";"AC02 - Aci";"339+074";"BR-163/MS";"SUL";"Colisão - Transversal";0;0;0;1;0;0;0;0;0;1;1;1;0;0;0
"03/09/2022";"05:44:00";"46";"AC03 - Aci";"823+650";"BR-163/MS";"SUL";"Choque Defensa";0;0;1;0;0;0;0;0;0;0;1;0;0;0;0
"03/09/2022";"12:22:00";"181";"AC02 - Aci";"837+266";"BR-163/MS";"NORTE";"Choque - Meio Fio";0;0;0;1;0;0;0;0;0;0;1;0;0;0;0
"03/09/2022";"22:30:00";"369";"AC03 - Aci";"501+106";"BR-163/MS";"SUL";"Tombamento";1;0;0;0;0;0;0;0;0;0;2;0;0;0;0
"03/09/2022";"23:23:00";"384";"AC03 - Aci";"604+300";"BR-163/MS";"SUL";"Choque com objeto sobre a pista";0;0;0;0;0;0;0;0;0;1;1;0;0;0;0
"03/09/2022";"23:31:00";"385";"AC03 - Aci";"604+200";"BR-163/MS";"SUL";"Choque com objeto sobre a pista";0;0;0;0;0;0;0;0;0;1;4;0;0;0;0
"04/09/2022";"05:38:00";"51";"AC01 - Aci";"14+100";"BR-163/MS";"SUL";"Colisão - Frontal";0;0;0;0;0;0;0;0;0;2;1;0;0;0;1
"04/09/2022";"18:55:00";"322";"AC03 - Aci";"477+086";"BR-163/MS";"SUL";"Tombamento de moto";0;0;0;1;0;0;0;0;0;0;1;0;0;0;0
"04/09/2022";"23:18:00";"384";"AC02 - Aci";"476+655";"BR-163/MS";"NORTE";"Capotamento";1;0;0;0;0;0;0;0;0;0;0;0;1;0;0
"05/09/2022";"10:12:00";"199";"AC02 - Aci";"708+625";"BR-163/MS";"NORTE";"Atropelamento de Animal";1;0;0;0;0;0;0;0;0;0;0;2;0;0;0
"05/09/2022";"18:51:00";"400";"AC02 - Aci";"151+381";"BR-163/MS";"SUL";"Atropelamento de Animal";1;0;0;0;0;0;0;0;0;0;1;1;0;0;0
"05/09/2022";"23:26:00";"443";"AC02 - Aci";"515+645";"BR-163/MS";"SUL";"Atropelamento de Animal";0;0;0;1;0;0;0;0;0;0;0;0;1;0;0
"06/09/2022";"07:29:00";"95";"AC03 - Aci";"475+100";"BR-163/MS";"NORTE";"Colisão - Traseira";1;0;0;0;0;1;0;0;0;0;2;0;0;0;0
"06/09/2022";"09:53:00";"189";"AC03 - Aci";"71+833";"BR-163/MS";"NORTE";"Saída de pista";0;0;0;0;0;1;0;0;0;0;1;0;0;0;0