data;horario;n_da_ocorrencia;tipo_de_ocorrencia;km;trecho;sentido;tipo_de_acidente;automovel;bicicleta;caminhao;moto;onibus;outros;tracao_animal;transporte_de_cargas_especiais;trator_maquinas;utilitarios;ilesos;levemente_feridos;moderadamente_feridos;gravemente_feridos;mortos
"06/09/2022";"13:31:00";"284";"AC03 - Aci";"185+578";"BR-163/MS";"SUL";"Tombamento";0;0;0;0;0;1;0;0;0;0;1;0;0;0;0
"06/09/2022";"14:30:00";"307";"AC03 - Aci";"485+630";"BR-163/MS";"NORTE";"Colisão - Traseira";1;0;0;0;0;0;0;0;0;1;2;0;0;0;0
"06/09/2022";"22:00:00";"445";"AC02 - Aci";"463+011";"BR-163/MS";"SUL";"Capotamento";1;0;0;0;0;0;0;0;0;0;0;1;0;0;0
"07/09/2022";"07:10:00";"57";"AC03 - Aci";"428+650";"BR-163/MS";"SUL";"Tombamento de moto";0;0;0;1;0;0;0;0;0;0;1;0;0;0;0
"07/09/2022";"16:18:00";"204";"AC01 - Aci";"75+200";"BR-163/MS";"NORTE";"Colisão - Frontal";1;0;1;0;0;2;0;0;0;0;3;0;0;0;2
"07/09/2022";"18:14:00";"220";"AC02 - Aci";"458+338";"BR-163/MS";"SUL";"Colisão - Traseira";1;0;0;1;0;0;0;0;0;0;1;1;0;0;0
"07/09/2022";"19:00:00";"251";"AC02 - Aci";"258+462";"BR-163/MS";"NORTE";"Choque - Sinalização";0;0;0;1;0;0;0;0;0;0;0;2;0;0;0
"07/09/2022";"23:58:00";"302";"AC03 - Aci";"228+000";"BR-163/MS";"SUL";"Atropelamento de Animal";1;0;0;0;0;0;0;0;0;0;2;0;0;0;0
"08/09/2022";"04:50:00";"39";"AC02 - Aci";"832+245";"BR-163/MS";"SUL";"Capotamento";1;0;0;0;0;0;0;0;0;0;0;2;0;0;0
"08/09/2022";"08:03:00";"96";"AC03 - Aci";"142+300";"BR-163/MS";"SUL";"Colisão - Transversal";1;0;0;0;0;0;0;0;0;1;2;0;0;0;0
"08/09/2022";"11:12:00";"166";"AC03 - Aci";"679+929";"BR-163/MS";"NORTE";"Colisão - Transversal";2;0;0;0;0;0;0;0;0;0;2;0;0;0;0
"08/09/2022";"18:42:00";"300";"AC03 - Aci";"253+000";"BR-163/MS";"SUL";"Choque - Meio Fio";1;0;0;0;0;0;0;0;0;0;1;0;0;0;0
"08/09/2022";"21:38:00";"351";"AC02 - Aci";"484+383";"BR-163/MS";"NORTE";"Colisão - Transversal";1;0;0;1;0;0;0;0;0;0;1;1;0;1;0
"09/09/2022";"05:55:00";"56";"AC03 - Aci";"755+751";"BR-163/MS";"SUL";"Saída de pista";0;0;1;0;0;0;0;0;0;0;1;0;0;0;0
"09/09/2022";"12:14:00";"262";"AC03 - Aci";"511+590";"BR-163/MS";"SUL";"Colisão - Traseira";0;0;0;0;0;0;0;0;0;2;4;0;0;0;0
"09/09/2022";"18:23:00";"384";"AC03 - Aci";"106+716";"BR-163/MS";"SUL";"Atropelamento de Animal";0;0;0;0;0;0;0;0;0;1;1;0;0;0;0
"09/09/2022";"22:11:00";"449";"AC03 - Aci";"634+108";"BR-163/MS";"SUL";"Atropelamento de Animal";1;0;0;0;0;0;0;0;0;0;1;0;0;0;0
"10/09/2022";"14:43:00";"247";"AC02 - Aci";"596+455";"BR-163/MS";"SUL";"Colisão - Traseira";0;0;1;0;0;1;0;0;0;1;2;1;0;0;0
"10/09/2022";"15:28:00";"258";"AC02 - Aci";"241+492";"BR-163/MS";"NORTE";"Tombamento de moto";0;0;0;1;0;0;0;0;0;0;0;1;0;0;0
"10/09/2022";"18:54:00";"328";"AC02 - Aci";"484+392";"BR-163/MS";"NORTE";"Colisão - Transversal";1;0;0;1;0;2;0;0;0;0;2;2;1;0;0
"10/09/2022";"19:54:00";"348";"AC02 - Aci";"477+682";"BR-163/MS";"SUL";"Tombamento de moto";0;0;0;1;0;0;0;0;0;0;0;1;0;0;0
"10/09/2022";"22:33:00";"366";"AC03 - Aci";"430+174";"BR-163/MS";"NORTE";"Atropelamento de Animal";0;0;1;0;0;0;0;0;0;0;1;0;0;0;0
"10/09/2022";"23:29:00";"368";"AC03 - Aci";"207+626";"BR-163/MS";"NORTE";"Tombamento de moto";0;0;0;1;0;0;0;0;0;0;1;0;0;0;0
"11/09/2022";"02:52:00";"13";"AC03 - Aci";"374+102";"BR-163/MS";"SUL";"Choque Defensa";1;0;0;0;0;0;0;0;0;0;1;0;0;0;0
"11/09/2022";"05:55:00";"28";"AC02 - Aci";"471+702";"BR-163/MS";"SUL";"Tombamento de moto";0;0;0;1;0;0;0;0;0;0;0;1;0;0;0
"11/09/2022";"06:32:00";"30";"AC03 - Aci";"489+250";"BR-163/MS";"NORTE";"Capotamento";1;0;0;0;0;1;0;0;0;0;2;0;0;0;0
"12/09/2022";"18:27:00";"251";"AC03 - Aci";"499+000";"BR-163/MS";"SUL";"Colisão - Traseira";0;0;1;0;0;0;0;0;0;1;3;0;0;0;0
"14/09/2022";"07:16:00";"95";"AC02 - Aci";"185+394";"BR-163/MS";"NORTE";"Tombamento";0;0;0;0;0;2;0;0;0;0;1;1;0;0;0
"14/09/2022";"09:30:00";"161";"AC02 - Aci";"373+322";"BR-163/MS";"SUL";"Capotamento";0;0;1;0;0;0;0;0;0;0;0;1;0;0;0
"14/09/2022";"19:45:00";"345";"AC02 - Aci";"526+329";"BR-163/MS";"SUL";"Tombamento";0;0;0;0;0;0;0;0;1;0;0;1;0;0;0
"14/09/2022";"23:59:00";"368";"AC03 - Aci";"117+598";"BR-163/MS";"NORTE";"Colisão - Lateral";1;0;1;0;0;0;0;0;0;0;2;0;0;0;0
"15/09/2022";"11:52:00";"208";"AC03 - Aci";"725+088";"BR-163/MS";"NORTE";"Colisão - Traseira";2;0;0;0;0;0;0;0;0;0;4;0;0;0;0
"15/09/2022";"12:30:00";"214";"AC03 - Aci";"408+928";"BR-163/MS";"NORTE";"Choque Defensa";1;0;0;0;0;0;0;0;0;0;1;0;0;0;0
"15/09/2022";"15:53:00";"285";"AC02 - Aci";"298+882";"BR-163/MS";"NORTE";"Saída de pista";0;0;0;0;0;0;0;0;0;1;0;1;0;0;0
"15/09/2022";"18:51:00";"353";"AC02 - Aci";"479+651";"BR-163/MS";"NORTE";"Colisão - Traseira";0;1;0;0;0;1;0;0;0;0;1;0;0;1;0
"16/09/2022";"03:12:00";"8";"AC03 - Aci";"502+661";"BR-163/MS";"NORTE";"Tombamento";0;0;1;0;0;2;0;0;0;0;3;0;0;0;0
"16/09/2022";"19:32:00";"345";"AC03 - Aci";"443+963";"BR-163/MS";"NORTE";"Atropelamento de Animal";1;0;0;0;0;0;0;0;0;0;2;0;0;0;0
"16/09/2022";"21:18:00";"380";"AC03 - Aci";"479+463";"BR-163/MS";"NORTE";"Tombamento de moto";0;0;0;1;0;0;0;0;0;0;2;0;0;0;0
"16/09/2022";"23:45:00";"399";"AC03 - Aci";"266+849";"BR-163/MS";"NORTE";"Choque - Meio Fio";1;0;0;0;0;0;0;0;0;0;1;0;0;0;0
"17/09/2022";"06:22:00";"50";"AC03 - Aci";"677+459";"BR-163/MS";"SUL";"Outros";0;0;0;0;0;0;0;0;0;2;5;0;0;0;0
"17/09/2022";"15:21:00";"263";"AC01 - Aci";"763+433";"BR-163/MS";"SUL";"Colisão - Frontal";1;0;0;0;0;0;0;0;0;1;0;0;2;2;2
"17/09/2022";"19:43:00";"355";"AC03 - Aci";"278+747";"BR-163/MS";"NORTE";"Atropelamento de Animal";1;0;0;0;0;0;0;0;0;0;1;0;0;0;0
"17/09/2022";"19:51:00";"358";"AC02 - Aci";"656+600";"BR-163/MS";"SUL";"Capotamento";0;0;0;0;0;0;0;0;0;1;0;1;0;0;0
"17/09/2022";"23:34:00";"413";"AC02 - Aci";"465+209";"BR-163/MS";"NORTE";"Colisão - Lateral";1;0;0;1;0;0;0;0;0;0;2;1;0;0;0
"18/09/2022";"03:32:00";"24";"AC03 - Aci";"106+874";"BR-163/MS";"NORTE";"Saída de pista";0;0;0;0;0;0;0;0;0;1;2;0;0;0;0
"18/09/2022";"16:40:00";"290";"AC02 - Aci";"730+121";"BR-163/MS";"SUL";"Tombamento de moto";0;0;0;1;0;0;0;0;0;0;2;0;0;0;0
"18/09/2022";"18:15:00";"325";"AC02 - Aci";"614+720";"BR-163/MS";"NORTE";"Colisão - Transversal";0;1;0;0;0;0;0;0;0;1;3;1;0;0;0
"18/09/2022";"20:29:00";"377";"AC03 - Aci";"354+000";"BR-163/MS";"SUL";"Atropelamento de Animal";1;0;0;0;0;0;0;0;0;0;1;0;0;0;0
"18/09/2022";"21:23:00";"391";"AC03 - Aci";"465+366";"BR-163/MS";"NORTE";"Colisão - Traseira";1;0;0;0;0;0;0;0;0;1;2;0;0;0;0
"19/09/2022";"12:31:00";"221";"AC03 - Aci";"485+558";"BR-163/MS";"NORTE";"Engavetamento";2;0;0;0;0;1;0;0;0;1;6;0;0;0;0
"19/09/2022";"17:13:00";"332";"AC02 - Aci";"320+655";"BR-163/MS";"NORTE";"Engavetamento";0;0;0;0;0;1;0;0;0;2;4;1;0;0;0
"20/09/2022";"07:21:00";"75";"AC03 - Aci";"615+318";"BR-163/MS";"SUL";"Colisão - Lateral";1;0;0;1;0;0;0;0;0;0;2;0;0;0;0
"20/09/2022";"15:35:00";"315";"AC02 - Aci";"249+062";"BR-163/MS";"SUL";"Tombamento de moto";0;0;0;1;0;0;0;0;0;0;0;1;1;0;0
"21/09/2022";"14:32:00";"231";"AC03 - Aci";"263+138";"BR-163/MS";"NORTE";"Saída de pista";0;0;0;0;0;1;0;0;0;0;1;0;0;0;0
"21/09/2022";"18:07:00";"295";"AC02 - Aci";"475+113";"BR-163/MS";"NORTE";"Colisão - Lateral";0;0;1;1;0;0;0;0;0;0;1;1;0;0;0
"22/09/2022";"05:53:00";"53";"AC02 - Aci";"466+500";"BR-163/MS";"NORTE";"Tombamento de moto";0;0;0;1;0;0;0;0;0;0;1;1;0;0;0
"22/09/2022";"07:42:00";"105";"AC02 - Aci";"478+938";"BR-163/MS";"NORTE";"Colisão - Transversal";0;0;0;1;0;0;0;0;0;1;1;1;0;0;0
"22/09/2022";"10:27:00";"165";"AC03 - Aci";"20+393";"BR-163/MS";"NORTE";"Colisão - Lateral";1;0;0;0;0;0;0;0;0;1;5;0;0;0;0
"22/09/2022";"15:13:00";"248";"AC02 - Aci";"614+289";"BR-163/MS";"NORTE";"Colisão - Transversal";0;0;0;1;0;0;0;0;0;1;2;1;0;0;0
"22/09/2022";"20:46:00";"397";"AC03 - Aci";"137+518";"BR-163/MS";"SUL";"Atropelamento de Animal";1;0;0;0;0;0;0;0;0;0;4;0;0;0;0
"23/09/2022";"09:40:00";"186";"AC03 - Aci";"726+468";"BR-163/MS";"NORTE";"Colisão - Transversal";1;0;0;0;0;0;0;0;0;1;5;0;0;0;0
"23/09/2022";"12:53:00";"262";"AC02 - Aci";"501+300";"BR-163/MS";"SUL";"Tombamento de moto";0;0;0;1;0;0;0;0;0;0;0;1;0;0;0
"23/09/2022";"18:54:00";"388";"AC02 - Aci";"458+815";"BR-163/MS";"NORTE";"Colisão - Transversal";1;0;0;0;0;4;0;0;0;0;5;0;0;1;0
"23/09/2022";"19:40:00";"402";"AC03 - Aci";"276+074";"BR-163/MS";"SUL";"Atropelamento de Animal";1;0;0;0;0;0;0;0;0;0;1;0;0;0;0
"24/09/2022";"09:10:00";"146";"AC03 - Aci";"333+218";"BR-163/MS";"NORTE";"Saída de pista";1;0;0;0;0;0;0;0;0;0;1;0;0;0;0
"24/09/2022";"10:04:00";"178";"AC03 - Aci";"822+102";"BR-163/MS";"NORTE";"Tombamento";0;0;1;0;0;2;0;0;0;0;3;0;0;0;0
"24/09/2022";"19:06:00";"362";"AC02 - Aci";"47+632";"BR-163/MS";"SUL";"Colisão - Traseira";0;0;1;0;0;0;0;0;0;1;1;1;0;1;0
"25/09/2022";"06:25:00";"34";"AC03 - Aci";"106+259";"BR-163/MS";"NORTE";"Choque Defensa";1;0;0;0;0;0;0;0;0;0;1;0;0;0;0
"25/09/2022";"07:48:00";"97";"AC03 - Aci";"352+215";"BR-163/MS";"SUL";"Tombamento";1;0;0;0;0;0;0;0;0;0;1;0;0;0;0
"25/09/2022";"14:35:00";"254";"AC02 - Aci";"254+663";"BR-163/MS";"NORTE";"Choque Defensa";1;0;0;0;0;0;0;0;0;0;0;0;0;2;0
"25/09/2022";"15:46:00";"273";"AC02 - Aci";"705+094";"BR-163/MS";"NORTE";"Colisão - Transversal";1;0;0;0;0;2;0;0;0;0;2;2;1;1;0
"25/09/2022";"19:23:00";"315";"AC03 - Aci";"529+070";"BR-163/MS";"SUL";"Saída de pista";1;0;0;0;0;0;0;0;0;0;2;0;0;0;0
"25/09/2022";"21:36:00";"359";"AC03 - Aci";"822+127";"BR-163/MS";"NORTE";"Atropelamento de Animal";1;0;0;0;0;0;0;0;0;0;4;0;0;0;0
"25/09/2022";"21:36:00";"362";"AC03 - Aci";"822+127";"BR-163/MS";"NORTE";"Atropelamento de Animal";1;0;0;0;0;0;0;0;0;0;3;0;0;0;0
"26/09/2022";"08:52:00";"96";"AC03 - Aci";"389+654";"BR-163/MS";"SUL";"Capotamento";0;0;0;0;0;0;0;0;0;1;1;0;0;0;0
"26/09/2022";"12:47:00";"157";"AC02 - Aci";"11+554";"BR-163/MS";"NORTE";"Capotamento";1;0;0;0;0;0;0;0;0;0;0;1;0;0;0
"26/09/2022";"13:06:00";"162";"AC02 - Aci";"264+594";"BR-163/MS";"SUL";"Colisão - Lateral";1;0;0;1;0;0;0;0;0;0;2;1;0;0;0
"26/09/2022";"14:14:00";"178";"AC03 - Aci";"821+548";"BR-163/MS";"SUL";"Tombamento";0;0;1;0;0;2;0;0;0;0;3;0;0;0;0
"27/09/2022";"03:52:00";"23";"AC03 - Aci";"837+461";"BR-163/MS";"SUL";"Tombamento";0;0;0;0;0;0;0;0;0;1;1;0;0;0;0
"27/09/2022";"17:12:00";"292";"AC03 - Aci";"253+800";"BR-163/MS";"NORTE";"Engavetamento";1;0;1;0;0;2;0;0;0;1;5;0;0;0;0
"27/09/2022";"18:12:00";"300";"AC02 - Aci";"20+100";"BR-163/MS";"SUL";"Colisão - Transversal";0;0;0;2;0;0;0;0;0;0;0;2;0;0;0
"27/09/2022";"18:55:00";"332";"AC03 - Aci";"20+100";"BR-163/MS";"SUL";"Colisão - Traseira";2;0;0;0;0;0;0;0;0;0;4;0;0;0;0
"28/09/2022";"13:58:00";"256";"AC02 - Aci";"581+181";"BR-163/MS";"NORTE";"Colisão - Lateral";0;0;1;0;0;3;0;0;0;1;6;1;0;0;0
"28/09/2022";"17:34:00";"345";"AC03 - Aci";"6+855";"BR-163/MS";"NORTE";"Colisão - Traseira";1;0;0;0;0;0;0;0;0;1;3;0;0;0;0
"28/09/2022";"18:40:00";"361";"AC03 - Aci";"120+830";"BR-163/MS";"SUL";"Atropelamento de Animal";1;0;0;0;0;0;0;0;0;0;2;0;0;0;0
"28/09/2022";"19:58:00";"378";"AC02 - Aci";"76+283";"BR-163/MS";"SUL";"Colisão - Lateral";0;0;0;0;0;2;0;0;0;1;2;4;0;0;0
"29/09/2022";"16:41:00";"324";"AC03 - Aci";"111+395";"BR-163/MS";"NORTE";"Capotamento";1;0;0;0;0;0;0;0;0;0;1;0;0;0;0
"30/09/2022";"01:37:00";"12";"AC02 - Aci";"672+774";"BR-163/MS";"SUL";"Tombamento de moto";0;0;0;1;0;0;0;0;0;0;0;1;0;0;0
"30/09/2022";"12:53:00";"254";"AC03 - Aci";"340+730";"BR-163/MS";"NORTE";"Capotamento";1;0;0;0;0;1;0;0;0;0;3;0;0;0;0
"30/09/2022";"14:15:00";"274";"AC02 - Aci";"380+126";"BR-163/MS";"SUL";"Colisão - Frontal";1;0;0;0;0;2;0;0;0;0;1;4;0;1;0
"01/10/2022";"01:49:00";"10";"AC03 - Aci";"276+886";"BR-163/MS";"NORTE";"Choque - Meio Fio";1;0;0;0;0;0;0;0;0;0;1;0;0;0;0
"01/10/2022";"05:53:00";"28";"AC03 - Aci";"270+072";"BR-163/MS";"SUL";"Choque - Sinalização";1;0;0;0;0;0;0;0;0;0;2;0;0;0;0
"01/10/2022";"13:45:00";"227";"AC03 - Aci";"464+080";"BR-163/MS";"SUL";"Choque Defensa";0;0;1;0;0;1;0;0;0;0;2;0;0;0;0
"01/10/2022";"19:54:00";"347";"AC02 - Aci";"838+000";"BR-163/MS";"NORTE";"Tombamento";0;1;0;0;0;0;0;0;0;0;0;1;0;0;0
"01/10/2022";"23:53:00";"394";"AC02 - Aci";"483+000";"BR-163/MS";"SUL";"Atropelamento - Usuário";0;0;0;0;0;1;0;0;0;0;1;0;1;0;0
"02/10/2022";"04:21:00";"13";"AC03 - Aci";"126+717";"BR-163/MS";"NORTE";"Saída de pista";1;0;0;0;0;0;0;0;0;0;1;0;0;0;0
"02/10/2022";"21:05:00";"301";"AC02 - Aci";"486+078";"BR-163/MS";"NORTE";"Tombamento";0;1;0;0;0;0;0;0;0;0;0;0;1;0;0
"02/10/2022";"21:58:00";"305";"AC02 - Aci";"253+604";"BR-163/MS";"NORTE";"Colisão - Frontal";1;0;0;1;0;0;0;0;0;0;1;0;1;1;0
"03/10/2022";"03:53:00";"15";"AC03 - Aci";"4+224";"BR-163/MS";"SUL";"Saída de pista";1;0;0;0;0;0;0;0;0;0;2;0;0;0;0
"03/10/2022";"09:52:00";"167";"AC03 - Aci";"354+620";"BR-163/MS";"NORTE";"Capotamento";1;0;0;0;0;0;0;0;0;0;3;0;0;0;0
"03/10/2022";"11:15:00";"212";"AC03 - Aci";"495+172";"BR-163/MS";"NORTE";"Saída de pista";1;0;0;0;0;0;0;0;0;0;3;0;0;0;0
"03/10/2022";"14:04:00";"254";"AC03 - Aci";"484+950";"BR-163/MS";"NORTE";"Colisão - Traseira";0;0;2;0;0;0;0;0;0;0;3;0;0;0;0
"03/10/2022";"18:50:00";"336";"AC02 - Aci";"166+097";"BR-163/MS";"NORTE";"Atropelamento - Usuário";0;1;0;0;0;1;0;0;0;0;0;0;0;2;0
"04/10/2022";"06:42:00";"37";"AC03 - Aci";"209+082";"BR-163/MS";"NORTE";"Colisão - Traseira";0;0;1;0;0;2;0;0;0;0;3;0;0;0;0
"04/10/2022";"08:26:00";"105";"AC03 - Aci";"651+872";"BR-163/MS";"SUL";"Colisão - Traseira";0;0;1;0;0;2;0;0;0;1;4;0;0;0;0
"04/10/2022";"09:52:00";"145";"AC03 - Aci";"714+887";"BR-163/MS";"SUL";"Colisão - Lateral";1;0;0;0;0;1;0;0;0;0;5;0;0;0;0
"04/10/2022";"10:58:00";"166";"AC02 - Aci";"249+580";"BR-163/MS";"SUL";"Tombamento";0;0;1;0;0;0;0;0;0;0;0;1;0;0;0
"04/10/2022";"14:48:00";"231";"AC03 - Aci";"613+541";"BR-163/MS";"NORTE";"Colisão - Traseira";0;0;1;0;0;0;0;0;0;1;2;0;0;0;0
"05/10/2022";"09:21:00";"156";"AC02 - Aci";"124+241";"BR-163/MS";"NORTE";"Tombamento de moto";0;0;0;1;0;0;0;0;0;0;0;1;0;0;0
"05/10/2022";"10:55:00";"192";"AC03 - Aci";"475+000";"BR-163/MS";"SUL";"Colisão - Traseira";1;0;0;0;0;2;0;0;0;0;3;0;0;0;0
"05/10/2022";"15:14:00";"254";"AC02 - Aci";"246+552";"BR-163/MS";"NORTE";"Colisão - Transversal";0;0;1;1;0;0;0;0;0;0;2;1;0;0;0
"05/10/2022";"21:11:00";"353";"AC02 - Aci";"256+000";"BR-163/MS";"NORTE";"Tombamento de moto";0;0;0;1;0;0;0;0;0;0;0;1;0;0;0
"05/10/2022";"22:15:00";"357";"AC03 - Aci";"447+789";"BR-163/MS";"NORTE";"Atropelamento de Animal";0;0;0;0;0;0;0;0;0;1;1;0;0;0;0
"06/10/2022";"10:54:00";"160";"AC02 - Aci";"129+980";"BR-163/MS";"NORTE";"Tombamento de moto";0;0;0;1;0;0;0;0;0;0;0;1;0;0;0
"06/10/2022";"14:27:00";"203";"AC03 - Aci";"190+920";"BR-163/MS";"SUL";"Saída de pista";1;0;0;0;0;0;0;0;0;0;2;0;0;0;0
"06/10/2022";"15:05:00";"213";"AC03 - Aci";"136+414";"BR-163/MS";"NORTE";"Saída de pista";0;0;0;0;0;3;0;0;0;0;3;0;0;0;0
"06/10/2022";"17:33:00";"260";"AC03 - Aci";"251+961";"BR-163/MS";"NORTE";"Engavetamento";2;0;0;1;0;0;0;0;0;0;4;0;0;0;0
"06/10/2022";"18:54:00";"309";"AC02 - Aci";"714+300";"BR-163/MS";"NORTE";"Tombamento";0;0;1;0;0;0;0;0;0;0;0;1;0;0;0
"07/10/2022";"04:31:00";"24";"AC03 - Aci";"567+884";"BR-163/MS";"SUL";"Colisão - Lateral";1;0;0;0;0;1;0;0;0;0;5;0;0;0;0
"07/10/2022";"07:39:00";"76";"AC02 - Aci";"475+400";"BR-163/MS";"SUL";"Colisão - Lateral";1;0;0;0;0;2;0;0;0;0;3;0;1;0;0
"07/10/2022";"12:43:00";"189";"AC03 - Aci";"648+450";"BR-163/MS";"NORTE";"Colisão - Transversal";1;0;0;0;0;2;0;0;0;0;5;0;0;0;0
"07/10/2022";"12:47:00";"190";"AC02 - Aci";"293+654";"BR-163/MS";"NORTE";"Colisão - Frontal";2;0;0;0;0;0;0;0;0;0;0;2;0;0;0
"08/10/2022";"02:15:00";"11";"AC03 - Aci";"270+590";"BR-163/MS";"SUL";"Tombamento";1;0;0;0;0;0;0;0;0;0;2;0;0;0;0
"08/10/2022";"06:23:00";"28";"AC03 - Aci";"630+227";"BR-163/MS";"NORTE";"Atropelamento de Animal";1;0;0;0;0;0;0;0;0;0;4;0;0;0;0
"08/10/2022";"07:11:00";"41";"AC03 - Aci";"1+800";"BR-163/MS";"NORTE";"Engavetamento";3;0;0;0;0;0;0;0;0;1;10;0;0;0;0
"08/10/2022";"08:52:00";"103";"AC02 - Aci";"341+500";"BR-163/MS";"NORTE";"Colisão - Lateral";0;1;0;1;0;0;0;0;0;0;0;2;0;0;0
"08/10/2022";"09:29:00";"118";"AC03 - Aci";"341+100";"BR-163/MS";"SUL";"Colisão - Traseira";1;0;0;0;0;0;0;0;0;1;3;0;0;0;0
"08/10/2022";"12:11:00";"194";"AC03 - Aci";"86+000";"BR-163/MS";"NORTE";"Colisão - Lateral";1;0;1;0;0;0;0;0;0;0;3;0;0;0;0
"08/10/2022";"21:10:00";"373";"AC03 - Aci";"469+712";"BR-163/MS";"NORTE";"Atropelamento de Animal";1;0;0;0;0;0;0;0;0;0;1;0;0;0;0
"08/10/2022";"21:10:00";"363";"AC03 - Aci";"469+712";"BR-163/MS";"NORTE";"Capotamento";1;0;0;0;0;0;0;0;0;0;5;0;0;0;0
"08/10/2022";"22:03:00";"371";"AC02 - Aci";"550+422";"BR-163/MS";"SUL";"Tombamento";0;0;0;0;0;2;0;0;0;0;1;1;0;0;0
"09/10/2022";"00:23:00";"3";"AC03 - Aci";"533+779";"BR-163/MS";"SUL";"Choque Barreira";1;0;0;0;0;0;0;0;0;0;2;0;0;0;0
"09/10/2022";"04:20:00";"13";"AC03 - Aci";"256+054";"BR-163/MS";"SUL";"Choque - Sinalização";1;0;0;0;0;0;0;0;0;0;1;0;0;0;0
"09/10/2022";"04:44:00";"15";"AC03 - Aci";"1+900";"BR-163/MS";"NORTE";"Capotamento";1;0;0;0;0;0;0;0;0;0;3;0;0;0;0
"09/10/2022";"06:30:00";"34";"AC02 - Aci";"281+500";"BR-163/MS";"NORTE";"Tombamento de moto";0;0;0;1;0;0;0;0;0;0;1;1;0;0;0
"09/10/2022";"08:31:00";"97";"AC02 - Aci";"529+246";"BR-163/MS";"NORTE";"Capotamento";1;0;0;0;0;0;0;0;0;0;1;2;0;0;0
"09/10/2022";"10:44:00";"140";"AC02 - Aci";"182+152";"BR-163/MS";"SUL";"Tombamento";0;0;1;0;0;2;0;0;0;0;2;1;0;0;0
"09/10/2022";"19:12:00";"274";"AC03 - Aci";"6+775";"BR-163/MS";"SUL";"Choque - Meio Fio";1;0;0;0;0;0;0;0;0;0;3;0;0;0;0
"09/10/2022";"19:47:00";"293";"AC03 - Aci";"344+799";"BR-163/MS";"SUL";"Atropelamento de Animal";1;0;1;0;0;0;0;0;0;0;2;0;0;0;0
"09/10/2022";"21:32:00";"306";"AC03 - Aci";"570+415";"BR-163/MS";"SUL";"Saída de pista";0;0;1;0;0;0;0;0;0;0;2;0;0;0;0
"09/10/2022";"21:50:00";"309";"AC02 - Aci";"258+071";"BR-163/MS";"SUL";"Colisão - Traseira";2;0;0;0;0;0;0;0;0;0;2;1;0;0;0
"09/10/2022";"23:17:00";"312";"AC02 - Aci";"210+376";"BR-163/MS";"SUL";"Colisão - Transversal";1;1;0;0;0;0;0;0;0;0;1;0;0;1;0
"09/10/2022";"23:22:00";"314";"AC02 - Aci";"482+152";"BR-163/MS";"NORTE";"Capotamento";1;0;0;0;0;0;0;0;0;0;0;0;1;0;0
"09/10/2022";"23:29:00";"315";"AC05 - Atr";"210+376";"BR-163/MS";"SUL";"Atropelamento - Morador/Trabalhador/Estudante";0;1;0;0;0;1;0;0;0;0;1;0;0;0;1
"10/10/2022";"01:55:00";"11";"AC03 - Aci";"252+321";"BR-163/MS";"SUL";"Capotamento";1;0;0;0;0;0;0;0;0;0;2;0;0;0;0
"10/10/2022";"13:16:00";"202";"AC02 - Aci";"728+941";"BR-163/MS";"NORTE";"Colisão - Frontal";1;0;0;1;0;0;0;0;0;0;1;2;0;0;0
"10/10/2022";"21:28:00";"338";"AC03 - Aci";"238+443";"BR-163/MS";"SUL";"Atropelamento de Animal";1;0;0;0;0;0;0;0;0;0;2;0;0;0;0
"11/10/2022";"04:10:00";"16";"AC03 - Aci";"261+879";"BR-163/MS";"SUL";"Capotamento";1;0;0;0;0;0;0;0;0;0;4;0;0;0;0
"11/10/2022";"23:14:00";"288";"AC03 - Aci";"248+500";"BR-163/MS";"NORTE";"Choque - Meio Fio";0;0;0;0;0;0;0;0;0;1;1;0;0;0;0
"13/10/2022";"00:28:00";"2";"AC03 - Aci";"419+950";"BR-163/MS";"NORTE";"Atropelamento de Animal";0;0;0;0;0;0;0;0;0;1;5;0;0;0;0
"13/10/2022";"06:25:00";"28";"AC03 - Aci";"730+100";"BR-163/MS";"SUL";"Saída de pista";1;0;0;0;0;0;0;0;0;0;3;0;0;0;0
"13/10/2022";"11:30:00";"178";"AC02 - Aci";"206+497";"BR-163/MS";"NORTE";"Tombamento";0;0;0;0;0;2;0;0;0;0;1;1;0;0;0
"13/10/2022";"18:18:00";"352";"AC02 - Aci";"377+717";"BR-163/MS";"NORTE";"Capotamento";1;0;0;0;0;2;0;0;0;0;3;1;0;0;0
"13/10/2022";"19:38:00";"367";"AC02 - Aci";"243+857";"BR-163/MS";"SUL";"Colisão - Traseira";0;0;0;1;0;0;0;0;0;1;1;1;0;0;0
"14/10/2022";"07:04:00";"49";"AC02 - Aci";"316+000";"BR-163/MS";"NORTE";"Tombamento";0;0;1;0;0;2;0;0;0;0;3;1;0;0;0
"14/10/2022";"08:19:00";"80";"AC04 - Atr";"688+646";"BR-163/MS";"SUL";"Atropelamento - Funcionário";0;0;1;0;0;0;0;0;0;0;1;1;0;0;0
"14/10/2022";"16:02:00";"269";"AC03 - Aci";"486+578";"BR-163/MS";"NORTE";"Colisão - Transversal";0;0;0;1;0;1;0;0;0;0;2;0;0;0;0
"15/10/2022";"10:04:00";"138";"AC03 - Aci";"257+150";"BR-163/MS";"SUL";"Colisão - Traseira";1;0;0;0;0;1;0;0;0;0;2;0;0;0;0
"15/10/2022";"10:22:00";"143";"AC03 - Aci";"24+700";"BR-163/MS";"SUL";"Saída de pista";0;0;0;0;0;0;0;0;0;1;1;0;0;0;0
"15/10/2022";"21:38:00";"284";"AC03 - Aci";"277+282";"BR-163/MS";"NORTE";"Tombamento de moto";0;0;0;1;0;0;0;0;0;0;2;0;0;0;0
"15/10/2022";"23:28:00";"298";"AC04 - Atr";"485+191";"BR-163/MS";"SUL";"Atropelamento - Morador/Trabalhador/Estudante";0;1;1;0;0;3;0;0;0;0;4;0;0;1;0
"16/10/2022";"03:00:00";"21";"AC03 - Aci";"10+126";"BR-163/MS";"NORTE";"Tombamento";0;0;1;0;0;2;0;0;0;0;3;0;0;0;0
"16/10/2022";"13:40:00";"178";"AC02 - Aci";"600+500";"BR-163/MS";"NORTE";"Tombamento";0;0;0;0;0;0;0;0;0;1;4;1;0;0;0
"16/10/2022";"17:44:00";"229";"AC03 - Aci";"390+294";"BR-163/MS";"NORTE";"Colisão - Traseira";1;0;0;0;0;0;0;0;0;1;7;0;0;0;0
"16/10/2022";"18:07:00";"234";"AC02 - Aci";"98+200";"BR-163/MS";"SUL";"Tombamento de moto";0;0;0;1;0;0;0;0;0;0;1;1;0;0;0
"16/10/2022";"19:26:00";"266";"AC02 - Aci";"399+080";"BR-163/MS";"NORTE";"Colisão - Traseira";1;0;0;0;0;0;0;0;0;1;1;3;0;0;0