data;horario;n_da_ocorrencia;tipo_de_ocorrencia;km;trecho;sentido;tipo_de_acidente;automovel;bicicleta;caminhao;moto;onibus;outros;tracao_animal;transporte_de_cargas_especiais;trator_maquinas;utilitarios;ilesos;levemente_feridos;moderadamente_feridos;gravemente_feridos;mortos
"16/10/2022";"19:52:00";"290";"AC03 - Aci";"722+950";"BR-163/MS";"SUL";"Atropelamento de Animal";0;0;0;0;0;0;0;0;0;1;1;0;0;0;0
"17/10/2022";"00:18:00";"3";"AC03 - Aci";"1+700";"BR-163/MS";"NORTE";"Choque - Sinalização";1;0;0;0;0;0;0;0;0;0;2;0;0;0;0
"17/10/2022";"03:49:00";"12";"AC02 - Aci";"614+800";"BR-163/MS";"NORTE";"Colisão - Lateral";0;0;0;1;1;0;0;0;0;0;85;0;0;1;0
"17/10/2022";"14:01:00";"269";"AC03 - Aci";"2+500";"BR-163/MS";"NORTE";"Colisão - Traseira";1;0;0;0;0;0;0;0;0;1;4;0;0;0;0
"17/10/2022";"16:03:00";"319";"AC03 - Aci";"485+630";"BR-163/MS";"NORTE";"Colisão - Traseira";0;0;0;0;0;1;0;0;0;1;6;0;0;0;0
"17/10/2022";"16:30:00";"321";"AC03 - Aci";"247+250";"BR-163/MS";"NORTE";"Saída de pista";0;0;0;0;0;0;0;0;0;1;2;0;0;0;0
"17/10/2022";"17:23:00";"337";"AC02 - Aci";"371+580";"BR-163/MS";"NORTE";"Saída de pista";1;0;0;0;0;0;0;0;0;0;0;1;0;0;0
"17/10/2022";"18:39:00";"351";"AC03 - Aci";"169+900";"BR-163/MS";"SUL";"Saída de pista";1;0;0;0;0;0;0;0;0;0;4;0;0;0;0
"18/10/2022";"02:13:00";"7";"AC03 - Aci";"316+052";"BR-163/MS";"NORTE";"Choque - Sinalização";0;0;0;0;0;1;0;0;0;0;1;0;0;0;0
"18/10/2022";"12:51:00";"212";"AC02 - Aci";"338+309";"BR-163/MS";"NORTE";"Colisão - Transversal";1;0;0;0;1;0;0;0;0;0;2;1;0;0;0
"18/10/2022";"15:45:00";"272";"AC03 - Aci";"657+655";"BR-163/MS";"NORTE";"Colisão - Traseira";0;0;2;0;0;2;0;0;0;0;4;0;0;0;0
"19/10/2022";"03:26:00";"18";"AC03 - Aci";"34+668";"BR-163/MS";"SUL";"Tombamento";0;0;1;0;0;2;0;0;0;0;3;0;0;0;0
"19/10/2022";"05:15:00";"28";"AC03 - Aci";"210+864";"BR-163/MS";"SUL";"Colisão - Lateral";2;0;0;0;0;0;0;0;0;0;2;0;0;0;0
"19/10/2022";"06:22:00";"34";"AC02 - Aci";"692+448";"BR-163/MS";"NORTE";"Tombamento";0;0;1;0;0;2;0;0;0;0;2;1;0;0;0
"19/10/2022";"09:03:00";"118";"AC02 - Aci";"212+900";"BR-163/MS";"SUL";"Engavetamento";2;0;0;0;0;0;0;0;0;3;7;1;0;0;0
"19/10/2022";"18:33:00";"330";"AC03 - Aci";"33+284";"BR-163/MS";"SUL";"Colisão - Lateral";1;0;0;0;0;1;0;0;0;0;2;0;0;0;0
"19/10/2022";"19:25:00";"351";"AC03 - Aci";"579+170";"BR-163/MS";"SUL";"Choque - Sinalização";0;0;0;0;0;1;0;0;0;1;2;0;0;0;0
"20/10/2022";"01:10:00";"7";"AC02 - Aci";"477+725";"BR-163/MS";"SUL";"Colisão - Transversal";0;0;1;0;0;0;0;0;0;1;1;0;1;0;0
"20/10/2022";"03:36:00";"22";"AC03 - Aci";"267+000";"BR-163/MS";"NORTE";"Choque - Meio Fio";0;0;0;0;0;0;0;0;0;1;1;0;0;0;0
"20/10/2022";"04:51:00";"27";"AC02 - Aci";"264+000";"BR-163/MS";"NORTE";"Tombamento de moto";0;0;0;1;0;0;0;0;0;0;1;0;1;0;0
"20/10/2022";"09:30:00";"135";"AC02 - Aci";"37+050";"BR-163/MS";"SUL";"Colisão - Traseira";0;0;0;0;0;2;0;0;0;1;2;0;1;0;0
"20/10/2022";"14:04:00";"262";"AC02 - Aci";"754+354";"BR-163/MS";"SUL";"Tombamento de moto";0;0;0;1;0;0;0;0;0;0;0;1;0;0;0
"20/10/2022";"18:01:00";"365";"AC03 - Aci";"485+654";"BR-163/MS";"SUL";"Colisão - Traseira";1;0;1;0;0;0;0;0;0;0;2;0;0;0;0
"20/10/2022";"18:34:00";"368";"AC03 - Aci";"238+000";"BR-163/MS";"SUL";"Atropelamento de Animal";1;0;0;0;0;0;0;0;0;0;1;0;0;0;0
"20/10/2022";"18:57:00";"374";"AC03 - Aci";"237+200";"BR-163/MS";"SUL";"Atropelamento de Animal";1;0;0;0;0;0;0;0;0;0;1;0;0;0;0
"21/10/2022";"05:20:00";"31";"AC02 - Aci";"548+050";"BR-163/MS";"NORTE";"Capotamento";1;0;0;0;0;0;0;0;0;0;1;1;0;0;0
"21/10/2022";"06:01:00";"35";"AC03 - Aci";"499+112";"BR-163/MS";"SUL";"Colisão - Lateral";1;0;0;0;1;0;0;0;0;0;15;0;0;0;0
"21/10/2022";"06:36:00";"40";"AC03 - Aci";"759+210";"BR-163/MS";"SUL";"Tombamento";0;0;1;0;0;2;0;0;0;0;3;0;0;0;0
"21/10/2022";"11:13:00";"182";"AC04 - Atr";"487+530";"BR-163/MS";"SUL";"Atropelamento - Morador/Trabalhador/Estudante";0;1;0;0;0;0;0;0;0;0;0;1;1;0;0
"21/10/2022";"17:26:00";"377";"AC03 - Aci";"564+520";"BR-163/MS";"NORTE";"Saída de pista";1;0;0;0;0;0;0;0;0;0;1;0;0;0;0
"21/10/2022";"17:58:00";"389";"AC02 - Aci";"483+000";"BR-163/MS";"NORTE";"Colisão - Transversal";1;0;0;1;0;0;0;0;0;0;2;1;0;0;0
"22/10/2022";"17:41:00";"385";"AC03 - Aci";"533+824";"BR-163/MS";"NORTE";"Colisão - Lateral";1;0;1;0;0;0;0;0;0;0;3;0;0;0;0
"22/10/2022";"23:49:00";"454";"AC03 - Aci";"126+917";"BR-163/MS";"SUL";"Capotamento";1;0;0;0;0;0;0;0;0;0;1;0;0;0;0
"23/10/2022";"00:37:00";"4";"AC02 - Aci";"110+150";"BR-163/MS";"NORTE";"Tombamento de moto";0;0;0;1;0;0;0;0;0;0;0;1;0;0;0
"23/10/2022";"15:55:00";"225";"AC03 - Aci";"793+657";"BR-163/MS";"NORTE";"Atropelamento de Animal";0;0;1;0;0;0;0;0;0;0;2;0;0;0;0
"23/10/2022";"18:38:00";"258";"AC02 - Aci";"144+850";"BR-163/MS";"SUL";"Tombamento de moto";0;0;0;1;0;0;0;0;0;0;0;1;0;0;0
"23/10/2022";"19:29:00";"296";"AC02 - Aci";"614+216";"BR-163/MS";"NORTE";"Colisão - Transversal";2;0;0;0;0;0;0;0;0;0;7;1;0;0;0
"23/10/2022";"21:41:00";"310";"AC03 - Aci";"182+100";"BR-163/MS";"SUL";"Capotamento";1;0;0;0;0;0;0;0;0;0;3;0;0;0;0
"24/10/2022";"03:29:00";"16";"AC01 - Aci";"350+851";"BR-163/MS";"SUL";"Colisão - Frontal";0;0;0;0;1;0;0;0;0;1;10;14;2;1;3
"24/10/2022";"07:06:00";"48";"AC03 - Aci";"513+254";"BR-163/MS";"NORTE";;1;0;0;0;0;1;0;0;0;0;3;0;0;0;0
"24/10/2022";"09:09:00";"122";"AC03 - Aci";"476+710";"BR-163/MS";"NORTE";"Colisão - Transversal";2;0;0;0;0;0;0;0;0;0;2;0;0;0;0
"24/10/2022";"11:45:00";"181";"AC02 - Aci";"77+600";"BR-163/MS";"SUL";"Colisão - Transversal";0;0;0;1;0;0;0;0;0;1;1;1;0;0;0
"24/10/2022";"12:38:00";"195";"AC03 - Aci";"451+200";"BR-163/MS";"SUL";"Tombamento";0;0;1;0;0;2;0;0;0;0;3;0;0;0;0
"24/10/2022";"17:02:00";"282";"AC02 - Aci";"256+100";"BR-163/MS";"NORTE";"Tombamento de moto";0;0;0;1;0;0;0;0;0;0;0;0;1;0;0
"24/10/2022";"17:26:00";"287";"AC02 - Aci";"223+015";"BR-163/MS";"NORTE";"Colisão - Lateral";0;0;1;1;0;2;0;0;0;0;3;0;1;0;0
"24/10/2022";"17:53:00";"294";"AC02 - Aci";"205+789";"BR-163/MS";"SUL";"Choque com veículo na faixa de rolamento";0;1;0;0;0;1;0;0;0;0;1;0;1;0;0
"24/10/2022";"20:04:00";"317";"AC03 - Aci";"669+209";"BR-163/MS";"SUL";"Choque Defensa";0;0;0;0;0;0;0;0;0;1;1;0;0;0;0
"26/10/2022";"05:01:00";"45";"AC02 - Aci";"486+200";"BR-163/MS";"SUL";"Colisão - Traseira";1;0;0;0;0;0;0;0;0;1;3;0;1;0;0
"26/10/2022";"06:16:00";"59";"AC02 - Aci";"487+400";"BR-163/MS";"SUL";"Tombamento";0;0;0;0;0;2;0;0;0;0;1;1;0;0;0
"26/10/2022";"16:36:00";"309";"AC03 - Aci";"296+250";"BR-163/MS";"NORTE";"Colisão - Lateral";1;0;1;0;0;2;0;0;0;1;7;0;0;0;0
"26/10/2022";"18:37:00";"345";"AC02 - Aci";"20+800";"BR-163/MS";"SUL";"Colisão - Frontal";1;0;0;1;0;0;0;0;0;0;2;1;0;0;0
"26/10/2022";"22:04:00";"426";"AC02 - Aci";"400+500";"BR-163/MS";"SUL";"Tombamento de moto";0;0;0;1;0;0;0;0;0;0;0;2;0;0;0
"27/10/2022";"02:25:00";"10";"AC02 - Aci";"56+050";"BR-163/MS";"SUL";"Saída de pista";1;0;0;0;0;0;0;0;0;0;0;1;0;0;0
"27/10/2022";"03:20:00";"15";"AC02 - Aci";"424+265";"BR-163/MS";"NORTE";"Saída de pista";1;0;0;0;0;0;0;0;0;0;0;1;0;0;0
"27/10/2022";"04:59:00";"26";"AC02 - Aci";"616+985";"BR-163/MS";"NORTE";"Colisão - Transversal";0;0;0;1;0;0;0;0;0;1;1;1;0;0;0
"27/10/2022";"22:24:00";"328";"AC03 - Aci";"792+758";"BR-163/MS";"SUL";"Colisão - Traseira";0;0;1;0;0;4;0;0;0;0;5;0;0;0;0
"27/10/2022";"23:00:00";"333";"AC03 - Aci";"383+501";"BR-163/MS";"SUL";"Atropelamento de Animal";0;0;0;0;0;0;0;0;0;1;1;0;0;0;0
"28/10/2022";"02:05:00";"7";"AC02 - Aci";"587+500";"BR-163/MS";"NORTE";"Capotamento";0;0;0;0;0;0;0;0;0;1;0;0;1;0;0
"28/10/2022";"05:23:00";"18";"AC02 - Aci";"103+015";"BR-163/MS";"SUL";"Tombamento de moto";0;0;0;1;0;0;0;0;0;0;0;0;1;0;0
"28/10/2022";"18:43:00";"306";"AC02 - Aci";"436+293";"BR-163/MS";"SUL";"Capotamento";1;0;0;0;0;0;0;0;0;0;2;1;0;0;0
"28/10/2022";"18:59:00";"313";"AC02 - Aci";"436+293";"BR-163/MS";"SUL";"Atropelamento de Animal";1;0;0;0;0;0;0;0;0;0;2;1;0;0;0
"29/10/2022";"07:21:00";"63";"AC02 - Aci";"455+100";"BR-163/MS";"SUL";"Colisão - Transversal";1;0;2;0;0;4;0;0;0;1;10;0;1;1;0
"29/10/2022";"18:34:00";"350";"AC02 - Aci";"260+600";"BR-163/MS";"NORTE";"Atropelamento - Usuário";1;0;0;0;0;0;0;0;0;0;1;1;0;0;0
"29/10/2022";"18:45:00";"371";"AC01 - Aci";"260+600";"BR-163/MS";"NORTE";"Colisão - Traseira";0;0;0;1;0;0;0;0;0;1;1;0;0;0;1
"29/10/2022";"18:54:00";"375";"AC03 - Aci";"537+897";"BR-163/MS";"NORTE";"Atropelamento de Animal";0;0;1;0;0;0;0;0;0;0;1;0;0;0;0
"29/10/2022";"20:23:00";"408";"AC03 - Aci";"547+156";"BR-163/MS";"NORTE";"Atropelamento de Animal";1;0;0;0;0;0;0;0;0;0;3;0;0;0;0
"30/10/2022";"09:28:00";"105";"AC03 - Aci";"418+950";"BR-163/MS";"NORTE";"Colisão - Lateral";1;0;0;0;0;0;0;0;0;1;2;0;0;0;0
"30/10/2022";"14:47:00";"184";"AC03 - Aci";"836+550";"BR-163/MS";"NORTE";"Choque Defensa";0;0;0;0;0;3;0;0;0;0;3;0;0;0;0
"30/10/2022";"22:01:00";"335";"AC02 - Aci";"476+701";"BR-163/MS";"NORTE";"Tombamento de moto";0;0;0;1;0;0;0;0;0;0;0;0;0;1;0
"31/10/2022";"05:10:00";"20";"AC02 - Aci";"273+500";"BR-163/MS";"NORTE";"Tombamento";0;0;0;0;0;2;0;0;0;0;1;0;1;0;0
"31/10/2022";"08:25:00";"78";"AC03 - Aci";"42+600";"BR-163/MS";"SUL";"Saída de pista";0;0;0;0;0;0;0;0;0;1;1;0;0;0;0
"31/10/2022";"10:12:00";"107";"AC03 - Aci";"186+250";"BR-163/MS";"SUL";"Tombamento";0;0;1;0;0;2;0;0;0;0;3;0;0;0;0
"31/10/2022";"13:57:00";"150";"AC03 - Aci";"234+850";"BR-163/MS";"NORTE";"Saída de pista";0;0;0;0;0;0;0;0;0;1;2;0;0;0;0
"31/10/2022";"19:01:00";"200";"AC01 - Aci";"488+625";"BR-163/MS";"NORTE";"Colisão - Traseira";0;0;1;1;0;0;0;0;0;0;1;0;0;0;1
"01/11/2022";"10:19:00";"99";"AC02 - Aci";"549+000";"BR-163/MS";"NORTE";"Colisão - Transversal";0;0;0;1;0;0;0;0;0;1;1;1;0;0;0
"01/11/2022";"23:30:00";"215";"AC02 - Aci";"258+900";"BR-163/MS";"SUL";"Atropelamento - Morador/Trabalhador/Estudante";0;1;0;0;0;1;0;0;0;0;1;0;0;1;0
"02/11/2022";"08:19:00";"64";"AC02 - Aci";"550+510";"BR-163/MS";"SUL";"Tombamento";0;0;0;0;0;3;0;0;0;0;2;1;0;0;0
"03/11/2022";"00:27:00";"4";"AC02 - Aci";"466+322";"BR-163/MS";"SUL";"Tombamento de moto";0;0;0;1;0;0;0;0;0;0;0;1;0;0;0
"03/11/2022";"05:30:00";"19";"AC03 - Aci";"655+500";"BR-163/MS";"SUL";"Tombamento";0;0;0;0;0;0;0;0;0;1;1;0;0;0;0
"03/11/2022";"11:41:00";"161";"AC02 - Aci";"41+620";"BR-163/MS";"NORTE";"Colisão - Traseira";1;0;0;0;1;0;0;0;0;0;0;20;0;0;0
"03/11/2022";"12:48:00";"174";"AC02 - Aci";"78+654";"BR-163/MS";"NORTE";"Colisão - Frontal";1;0;0;0;0;0;0;0;0;1;2;1;0;0;0
"03/11/2022";"18:26:00";"258";"AC02 - Aci";"463+924";"BR-163/MS";"NORTE";"Colisão - Frontal";0;0;0;0;0;2;0;0;0;1;2;0;1;0;0
"03/11/2022";"18:44:00";"283";"AC02 - Aci";"678+900";"BR-163/MS";"SUL";"Colisão - Lateral";0;0;0;1;0;1;0;0;0;0;1;1;0;0;0
"03/11/2022";"19:33:00";"298";"AC03 - Aci";"263+800";"BR-163/MS";"NORTE";"Colisão - Lateral";0;0;0;1;0;0;0;0;0;1;2;0;0;0;0
"04/11/2022";"06:44:00";"55";"AC02 - Aci";"738+738";"BR-163/MS";"NORTE";"Atropelamento de Animal";0;0;0;1;0;0;0;0;0;0;0;1;0;0;0
"04/11/2022";"08:38:00";"121";"AC02 - Aci";"485+730";"BR-163/MS";"SUL";"Colisão - Transversal";1;0;2;0;0;0;0;0;0;0;6;1;0;0;0
"04/11/2022";"16:46:00";"267";"AC03 - Aci";"485+486";"BR-163/MS";"SUL";;2;0;0;0;0;0;0;0;0;0;2;0;0;0;0
"04/11/2022";"18:40:00";"296";"AC01 - Aci";"251+250";"BR-163/MS";"SUL";"Colisão - Frontal";0;0;0;1;0;0;0;0;0;1;4;0;0;0;1
"05/11/2022";"00:53:00";"8";"AC03 - Aci";"667+800";"BR-163/MS";"NORTE";"Capotamento";1;0;0;0;0;0;0;0;0;0;1;0;0;0;0
"05/11/2022";"07:22:00";"63";"AC02 - Aci";"480+990";"BR-163/MS";"NORTE";"Colisão - Transversal";1;0;1;0;0;2;0;0;0;0;3;0;1;0;0
"05/11/2022";"08:41:00";"121";"AC03 - Aci";"64+241";"BR-163/MS";"SUL";"Colisão - Traseira";2;0;0;0;0;0;0;0;0;0;9;0;0;0;0
"05/11/2022";"20:19:00";"303";"AC03 - Aci";"544+806";"BR-163/MS";"SUL";"Colisão - Traseira";0;0;2;0;0;0;0;0;0;0;2;0;0;0;0
"06/11/2022";"05:29:00";"17";"AC01 - Aci";"690+381";"BR-163/MS";"SUL";"Colisão - Lateral";1;0;1;0;0;3;0;0;0;0;3;0;1;0;1
"06/11/2022";"14:41:00";"148";"AC02 - Aci";"256+746";"BR-163/MS";"SUL";"Saída de pista";1;0;0;0;0;0;0;0;0;0;0;1;0;0;0
"06/11/2022";"18:50:00";"224";"AC02 - Aci";"262+450";"BR-163/MS";"NORTE";"Tombamento";0;1;0;0;0;0;0;0;0;0;0;1;0;0;0
"06/11/2022";"19:12:00";"230";"AC02 - Aci";"845+200";"BR-163/MS";"SUL";"Choque Defensa";0;0;0;1;0;0;0;0;0;0;0;0;1;0;0
"06/11/2022";"19:35:00";"235";"AC02 - Aci";"18+700";"BR-163/MS";"SUL";"Colisão - Traseira";1;0;0;1;0;0;0;0;0;0;1;1;0;0;0
"06/11/2022";"22:28:00";"277";"AC03 - Aci";"463+681";"BR-163/MS";"NORTE";"Atropelamento de Animal";1;0;0;0;0;0;0;0;0;0;1;0;0;0;0
"07/11/2022";"05:37:00";"21";"AC03 - Aci";"2+500";"BR-163/MS";"SUL";"Saída de pista";1;0;0;0;0;0;0;0;0;0;1;0;0;0;0
"07/11/2022";"10:51:00";"150";"AC02 - Aci";"259+494";"BR-163/MS";"NORTE";"Colisão - Transversal";0;0;0;0;0;0;0;0;0;2;1;1;0;0;0
"07/11/2022";"13:04:00";"181";"AC03 - Aci";"31+054";"BR-163/MS";"SUL";"Colisão - Lateral";1;0;1;0;0;2;0;0;0;0;5;0;0;0;0
"07/11/2022";"13:46:00";"190";"AC03 - Aci";"561+280";"BR-163/MS";"NORTE";"Saída de pista";1;0;0;0;0;0;0;0;0;0;5;0;0;0;0
"07/11/2022";"17:43:00";"238";"AC02 - Aci";"682+280";"BR-163/MS";"NORTE";"Colisão - Traseira";1;0;0;0;0;0;0;0;0;1;5;1;0;0;0
"07/11/2022";"23:32:00";"306";"AC04 - Atr";"77+323";"BR-163/MS";"SUL";"Atropelamento - Morador/Trabalhador/Estudante";0;0;0;1;0;0;0;0;0;0;1;1;0;0;0
"08/11/2022";"02:52:00";"12";"AC03 - Aci";"452+909";"BR-163/MS";"NORTE";"Atropelamento de Animal";0;0;0;0;0;0;0;0;0;1;1;0;0;0;0
"08/11/2022";"08:58:00";"124";"AC02 - Aci";"487+530";"BR-163/MS";"NORTE";"Colisão - Lateral";1;0;0;0;0;1;0;0;0;0;2;1;0;0;0
"08/11/2022";"14:43:00";"247";"AC03 - Aci";"603+654";"BR-163/MS";"SUL";"Colisão - Traseira";1;0;0;0;0;0;0;0;0;1;5;0;0;0;0
"08/11/2022";"15:59:00";"267";"AC03 - Aci";"485+680";"BR-163/MS";"SUL";"Engavetamento";1;0;1;0;0;2;0;0;0;1;6;0;0;0;0
"08/11/2022";"19:59:00";"355";"AC03 - Aci";"813+400";"BR-163/MS";"NORTE";"Colisão - Transversal";0;0;1;0;0;2;0;0;0;1;5;0;0;0;0
"08/11/2022";"20:14:00";"358";"AC04 - Atr";"393+562";"BR-163/MS";"NORTE";"Atropelamento - Usuário";1;0;0;0;0;2;0;0;0;0;3;0;0;1;0
"09/11/2022";"00:50:00";"10";"AC03 - Aci";"739+858";"BR-163/MS";"SUL";"Atropelamento de Animal";1;0;0;0;0;0;0;0;0;0;2;0;0;0;0
"09/11/2022";"06:56:00";"90";"AC03 - Aci";"485+630";"BR-163/MS";"SUL";"Colisão - Traseira";0;0;1;0;0;1;0;0;0;0;2;0;0;0;0
"09/11/2022";"06:59:00";"92";"AC03 - Aci";"691+967";"BR-163/MS";"NORTE";"Tombamento";0;0;1;0;0;2;0;0;0;0;3;0;0;0;0
"09/11/2022";"08:06:00";"115";"AC02 - Aci";"658+150";"BR-163/MS";"NORTE";"Colisão - Traseira";0;0;2;0;0;6;0;0;0;0;7;1;0;1;0
"09/11/2022";"10:10:00";"155";"AC02 - Aci";"301+321";"BR-163/MS";"NORTE";"Tombamento de moto";0;0;0;1;0;0;0;0;0;0;1;1;0;0;0
"09/11/2022";"17:36:00";"296";"AC02 - Aci";"484+000";"BR-163/MS";"NORTE";"Colisão - Lateral";0;1;0;1;0;0;0;0;0;0;0;1;1;0;0
"09/11/2022";"18:03:00";"303";"AC04 - Atr";"481+980";"BR-163/MS";"SUL";"Atropelamento - Andarilho";0;1;0;0;0;1;0;0;0;0;1;0;0;1;0
"09/11/2022";"18:26:00";"308";"AC03 - Aci";"799+199";"BR-163/MS";"SUL";"Colisão - Traseira";0;0;1;0;0;5;0;0;0;1;7;0;0;0;0
"09/11/2022";"21:42:00";"402";"AC03 - Aci";"809+000";"BR-163/MS";"SUL";"Atropelamento de Animal";0;0;0;0;0;1;0;0;0;0;1;0;0;0;0
"09/11/2022";"21:43:00";"403";"AC02 - Aci";"810+175";"BR-163/MS";"SUL";"Atropelamento de Animal";0;0;0;1;0;0;0;0;0;0;0;0;1;0;0
"10/11/2022";"07:03:00";"56";"AC03 - Aci";"267+990";"BR-163/MS";"NORTE";"Engavetamento";0;0;0;0;0;0;0;0;0;3;5;0;0;0;0
"10/11/2022";"17:42:00";"276";"AC03 - Aci";"486+247";"BR-163/MS";"NORTE";"Colisão - Traseira";2;0;0;0;0;0;0;0;0;0;4;0;0;0;0
"11/11/2022";"03:24:00";"9";"AC03 - Aci";"660+577";"BR-163/MS";"SUL";"Atropelamento de Animal";0;0;0;0;0;1;0;0;0;0;2;0;0;0;0
"11/11/2022";"06:36:00";"36";"AC03 - Aci";"364+028";"BR-163/MS";"SUL";"Saída de pista";0;0;1;0;0;0;0;0;0;0;1;0;0;0;0
"11/11/2022";"06:55:00";"58";"AC02 - Aci";"484+711";"BR-163/MS";"SUL";"Tombamento de moto";0;0;0;1;0;0;0;0;0;0;0;1;0;0;0
"11/11/2022";"07:13:00";"65";"AC03 - Aci";"844+302";"BR-163/MS";"NORTE";"Tombamento";0;0;1;0;0;2;0;0;0;0;3;0;0;0;0
"11/11/2022";"18:44:00";"299";"AC02 - Aci";"185+576";"BR-163/MS";"SUL";"Capotamento";0;0;0;0;0;0;0;0;0;1;3;1;0;0;0
"11/11/2022";"19:05:00";"304";"AC03 - Aci";"375+118";"BR-163/MS";"NORTE";"Saída de pista";1;0;0;0;0;0;0;0;0;0;2;0;0;0;0
"12/11/2022";"13:27:00";"223";"AC02 - Aci";"103+800";"BR-163/MS";"NORTE";"Colisão - Lateral";1;0;1;0;0;2;0;0;0;0;5;1;0;0;0
"12/11/2022";"17:26:00";"297";"AC03 - Aci";"533+322";"BR-163/MS";"NORTE";"Colisão - Traseira";1;0;0;0;0;1;0;0;0;0;2;0;0;0;0
"12/11/2022";"17:31:00";"299";"AC03 - Aci";"248+482";"BR-163/MS";"NORTE";"Saída de pista";0;0;0;0;0;0;0;0;0;1;1;0;0;0;0
"12/11/2022";"18:53:00";"343";"AC02 - Aci";"42+490";"BR-163/MS";"SUL";"Capotamento";0;0;0;0;0;0;0;0;0;1;2;1;0;0;0
"12/11/2022";"18:55:00";"344";"AC03 - Aci";"518+000";"BR-163/MS";"NORTE";"Atropelamento de Animal";1;0;0;0;0;0;0;0;0;0;1;0;0;0;0
"12/11/2022";"20:05:00";"358";"AC02 - Aci";"108+525";"BR-163/MS";"NORTE";"Tombamento de moto";0;0;0;1;0;0;0;0;0;0;0;0;1;0;0
"12/11/2022";"23:25:00";"378";"AC03 - Aci";"117+142";"BR-163/MS";"SUL";"Choque contra viaduto/ponte";0;0;0;0;0;0;0;0;0;1;1;0;0;0;0
"13/11/2022";"04:57:00";"31";"AC03 - Aci";"261+800";"BR-163/MS";"NORTE";"Saída de pista";1;0;0;0;0;0;0;0;0;0;1;0;0;0;0
"13/11/2022";"06:08:00";"46";"AC01 - Aci";"39+763";"BR-163/MS";"SUL";"Colisão - Transversal";0;0;1;1;0;2;0;0;0;0;3;0;0;0;1
"13/11/2022";"07:32:00";"93";"AC02 - Aci";"473+703";"BR-163/MS";"NORTE";"Engavetamento";0;0;2;2;0;2;0;0;0;0;5;1;0;0;0
"13/11/2022";"16:40:00";"207";"AC01 - Aci";"10+900";"BR-163/MS";"NORTE";"Colisão - Lateral";1;0;0;1;0;0;0;0;0;0;2;0;0;0;1
"13/11/2022";"18:52:00";"257";"AC03 - Aci";"115+233";"BR-163/MS";"NORTE";"Colisão - Transversal";1;0;0;0;0;1;0;0;0;0;6;0;0;0;0
"13/11/2022";"20:11:00";"288";"AC03 - Aci";"170+291";"BR-163/MS";"SUL";"Atropelamento de Animal";1;0;0;0;0;0;0;0;0;0;1;0;0;0;0
"13/11/2022";"22:47:00";"324";"AC02 - Aci";"483+103";"BR-163/MS";"NORTE";"Colisão - Transversal";0;0;1;0;0;2;0;0;0;1;3;0;1;1;0
"14/11/2022";"06:19:00";"52";"AC03 - Aci";"601+100";"BR-163/MS";"SUL";"Saída de pista";1;0;0;0;0;0;0;0;0;0;1;0;0;0;0
"14/11/2022";"16:36:00";"232";"AC02 - Aci";"554+850";"BR-163/MS";"SUL";"Tombamento de moto";0;0;0;1;0;0;0;0;0;0;0;2;0;0;0
"14/11/2022";"17:37:00";"244";"AC02 - Aci";"486+050";"BR-163/MS";"NORTE";"Tombamento de moto";0;0;0;1;0;0;0;0;0;0;0;2;0;0;0
"14/11/2022";"18:27:00";"273";"AC03 - Aci";"68+100";"BR-163/MS";"NORTE";"Saída de pista";1;0;0;0;0;0;0;0;0;0;1;0;0;0;0
"14/11/2022";"18:56:00";"286";"AC02 - Aci";"453+000";"BR-163/MS";"NORTE";"Atropelamento de Animal";0;0;0;1;0;0;0;0;0;0;0;1;0;0;0
"15/11/2022";"17:10:00";"256";"AC02 - Aci";"97+381";"BR-163/MS";"NORTE";"Capotamento";1;0;0;0;0;0;0;0;0;0;0;0;2;0;0
"16/11/2022";"05:46:00";"22";"AC02 - Aci";"378+987";"BR-163/MS";"SUL";"Tombamento";0;0;0;0;0;2;0;0;0;0;1;0;1;0;0
"16/11/2022";"17:46:00";"262";"AC03 - Aci";"36+851";"BR-163/MS";"SUL";"Capotamento";0;0;0;0;0;0;0;0;0;1;1;0;0;0;0
"17/11/2022";"15:38:00";"261";"AC02 - Aci";"392+493";"BR-163/MS";"SUL";"Colisão - Traseira";0;0;0;0;1;2;0;0;0;0;1;15;0;0;0
"18/11/2022";"09:38:00";"169";"AC02 - Aci";"548+365";"BR-163/MS";"NORTE";"Colisão - Transversal";0;0;1;1;0;0;0;0;0;0;1;1;0;0;0
"18/11/2022";"16:06:00";"287";"AC02 - Aci";"393+050";"BR-163/MS";"NORTE";"Tombamento";0;0;0;0;0;2;0;0;0;0;1;1;0;0;0
"19/11/2022";"04:25:00";"29";"AC02 - Aci";"486+311";"BR-163/MS";"NORTE";"Colisão - Transversal";1;0;0;1;0;0;0;0;0;0;1;2;0;0;0
"19/11/2022";"09:35:00";"133";"AC03 - Aci";"216+960";"BR-163/MS";"SUL";"Colisão - Traseira";1;0;0;0;0;1;0;0;0;0;3;0;0;0;0
"20/11/2022";"02:11:00";"18";"AC03 - Aci";"154+868";"BR-163/MS";"SUL";"Choque - Sinalização";0;0;0;0;0;0;0;0;0;1;3;0;0;0;0
"20/11/2022";"04:25:00";"25";"AC03 - Aci";"641+376";"BR-163/MS";"SUL";"Atropelamento de Animal";0;0;0;0;1;0;0;0;0;0;1;0;0;0;0
"20/11/2022";"09:01:00";"109";"AC02 - Aci";"737+294";"BR-163/MS";"NORTE";"Tombamento";0;1;0;0;0;0;0;0;0;0;0;1;0;0;0
"20/11/2022";"10:23:00";"142";"AC02 - Aci";"310+881";"BR-163/MS";"NORTE";"Capotamento";1;0;0;0;0;0;0;0;0;0;0;1;0;0;0
"20/11/2022";"13:16:00";"171";"AC02 - Aci";"681+188";"BR-163/MS";"SUL";"Tombamento";0;1;0;0;0;0;0;0;0;0;0;1;0;0;0
"20/11/2022";"14:19:00";"181";"AC03 - Aci";"776+539";"BR-163/MS";"NORTE";"Colisão - Lateral";0;0;1;0;0;0;0;0;0;1;2;0;0;0;0
"20/11/2022";"19:42:00";"252";"AC02 - Aci";"483+975";"BR-163/MS";"SUL";"Atropelamento de Animal";0;0;0;1;0;0;0;0;0;0;0;0;0;2;0
"20/11/2022";"23:41:00";"302";"AC03 - Aci";"423+132";"BR-163/MS";"SUL";"Saída de pista";1;0;0;0;0;0;0;0;0;0;1;0;0;0;0
"20/11/2022";"23:54:00";"303";"AC03 - Aci";"318+033";"BR-163/MS";"SUL";"Atropelamento de Animal";0;0;0;0;0;0;0;0;0;1;1;0;0;0;0
"21/11/2022";"00:28:00";"5";"AC03 - Aci";"283+189";"BR-163/MS";"SUL";"Colisão - Lateral";1;0;0;0;0;1;0;0;0;0;2;0;0;0;0