data;horario;n_da_ocorrencia;tipo_de_ocorrencia;km;trecho;sentido;tipo_de_acidente;automovel;bicicleta;caminhao;moto;onibus;outros;tracao_animal;transporte_de_cargas_especiais;trator_maquinas;utilitarios;ilesos;levemente_feridos;moderadamente_feridos;gravemente_feridos;mortos
"21/11/2022";"10:53:00";"149";"AC03 - Aci";"82+100";"BR-163/MS";"NORTE";"Tombamento de moto";0;0;0;1;0;0;0;0;0;0;1;0;0;0;0
"21/11/2022";"10:54:00";"150";"AC02 - Aci";"135+058";"BR-163/MS";"SUL";"Capotamento";1;0;0;0;0;0;0;0;0;0;0;0;1;0;0
"21/11/2022";"12:58:00";"176";"AC02 - Aci";"260+780";"BR-163/MS";"NORTE";"Capotamento";1;0;0;0;0;0;0;0;0;0;0;1;0;0;0
"21/11/2022";"19:35:00";"269";"AC03 - Aci";"431+836";"BR-163/MS";"SUL";"Choque Defensa";1;0;0;0;0;0;0;0;0;0;1;0;0;0;0
"21/11/2022";"19:37:00";"270";"AC03 - Aci";"330+429";"BR-163/MS";"SUL";"Atropelamento de Animal";1;0;0;0;0;0;0;0;0;0;2;0;0;0;0
"21/11/2022";"19:41:00";"272";"AC03 - Aci";"569+528";"BR-163/MS";"SUL";"Atropelamento de Animal";0;0;0;0;0;0;0;0;0;1;2;0;0;0;0
"21/11/2022";"19:41:00";"273";"AC03 - Aci";"569+528";"BR-163/MS";"SUL";"Atropelamento de Animal";1;0;0;0;0;0;0;0;0;0;5;0;0;0;0
"21/11/2022";"23:22:00";"308";"AC03 - Aci";"569+206";"BR-163/MS";"NORTE";"Atropelamento de Animal";0;0;0;0;0;0;0;0;0;1;4;0;0;0;0
"22/11/2022";"23:55:00";"314";"AC03 - Aci";"349+788";"BR-163/MS";"NORTE";"Atropelamento de Animal";1;0;0;0;0;0;0;0;0;0;2;0;0;0;0
"23/11/2022";"05:08:00";"29";"AC02 - Aci";"682+061";"BR-163/MS";"SUL";"Colisão - Transversal";0;0;1;1;0;2;0;0;0;0;4;1;1;0;0
"23/11/2022";"09:30:00";"131";"AC03 - Aci";"42+545";"BR-163/MS";"NORTE";"Colisão - Lateral";1;0;0;0;0;2;0;0;0;0;4;0;0;0;0
"23/11/2022";"13:35:00";"190";"AC03 - Aci";"687+336";"BR-163/MS";"SUL";"Capotamento";0;0;1;0;0;0;0;0;0;0;2;0;0;0;0
"23/11/2022";"15:21:00";"207";"AC02 - Aci";"477+335";"BR-163/MS";"NORTE";"Tombamento de moto";0;0;0;1;0;0;0;0;0;0;0;0;1;0;0
"23/11/2022";"16:11:00";"225";"AC02 - Aci";"66+000";"BR-163/MS";"NORTE";;0;0;0;1;0;0;0;0;0;0;0;1;0;0;0
"24/11/2022";"07:08:00";"87";"AC02 - Aci";"486+325";"BR-163/MS";"NORTE";"Colisão - Lateral";1;0;0;1;0;0;0;0;0;0;1;1;0;0;0
"24/11/2022";"23:31:00";"366";"AC03 - Aci";"697+553";"BR-163/MS";"SUL";"Atropelamento de Animal";0;0;0;0;0;0;0;0;0;1;1;0;0;0;0
"25/11/2022";"06:20:00";"39";"AC02 - Aci";"269+973";"BR-163/MS";"SUL";"Colisão - Transversal";0;0;0;1;0;0;0;0;0;1;2;2;0;0;0
"25/11/2022";"11:39:00";"188";"AC02 - Aci";"644+043";"BR-163/MS";"SUL";"Tombamento";0;0;0;0;0;3;0;0;0;0;2;1;0;0;0
"25/11/2022";"16:56:00";"297";"AC03 - Aci";"456+453";"BR-163/MS";"NORTE";"Colisão - Transversal";1;0;1;0;0;0;0;0;0;0;2;0;0;0;0
"26/11/2022";"07:57:00";"85";"AC02 - Aci";"580+906";"BR-163/MS";"NORTE";"Tombamento de moto";0;0;0;1;0;0;0;0;0;0;0;1;0;0;0
"26/11/2022";"17:12:00";"200";"AC03 - Aci";"661+600";"BR-163/MS";"SUL";"Tombamento";0;0;1;0;0;2;0;0;0;0;3;0;0;0;0
"27/11/2022";"07:51:00";"91";"AC02 - Aci";"639+087";"BR-163/MS";"NORTE";"Colisão - Frontal";0;0;2;0;0;2;0;0;0;0;3;0;1;0;0
"27/11/2022";"17:19:00";"215";"AC03 - Aci";"36+611";"BR-163/MS";"SUL";"Engavetamento";1;0;0;0;0;0;0;0;0;2;12;0;0;0;0
"27/11/2022";"21:04:00";"293";"AC03 - Aci";"388+118";"BR-163/MS";"SUL";"Atropelamento de Animal";1;0;0;0;0;0;0;0;0;0;3;0;0;0;0
"27/11/2022";"22:31:00";"310";"AC03 - Aci";"265+000";"BR-163/MS";"SUL";"Colisão - Traseira";1;0;0;0;1;0;0;0;0;0;17;0;0;0;0
"27/11/2022";"23:43:00";"319";"AC03 - Aci";"68+311";"BR-163/MS";"NORTE";"Atropelamento de Animal";1;0;0;0;0;0;0;0;0;0;2;0;0;0;0
"27/11/2022";"23:58:00";"323";"AC03 - Aci";"521+000";"BR-163/MS";"SUL";;0;0;0;1;0;0;0;0;0;0;1;0;0;0;0
"28/11/2022";"05:38:00";"51";"AC02 - Aci";"196+800";"BR-163/MS";"NORTE";"Tombamento de moto";0;0;0;1;0;0;0;0;0;0;1;1;0;0;0
"28/11/2022";"12:05:00";"204";"AC02 - Aci";"530+990";"BR-163/MS";"NORTE";"Colisão - Traseira";0;0;0;0;0;2;0;0;0;1;2;0;0;1;0
"28/11/2022";"13:16:00";"220";"AC02 - Aci";"581+224";"BR-163/MS";"NORTE";"Tombamento de moto";0;0;0;1;0;0;0;0;0;0;0;0;1;0;0
"28/11/2022";"20:20:00";"345";"AC02 - Aci";"260+610";"BR-163/MS";"SUL";"Atropelamento de Animal";0;0;0;1;0;0;0;0;0;0;0;1;0;0;0
"28/11/2022";"20:57:00";"354";"AC02 - Aci";"260+610";"BR-163/MS";"NORTE";"Choque com veículo na faixa de rolamento";1;0;0;1;0;0;0;0;0;0;3;1;0;0;0
"29/11/2022";"02:48:00";"22";"AC03 - Aci";"726+000";"BR-163/MS";"NORTE";"Atropelamento de Animal";0;0;0;0;0;0;0;0;0;1;2;0;0;0;0
"29/11/2022";"13:42:00";"231";"AC02 - Aci";"481+731";"BR-163/MS";"NORTE";"Colisão - Frontal";1;0;1;0;0;0;0;0;0;0;1;1;1;0;0
"29/11/2022";"13:53:00";"234";"AC02 - Aci";"233+385";"BR-163/MS";"NORTE";"Colisão - Traseira";0;0;0;0;0;0;0;0;0;2;2;1;0;0;0
"29/11/2022";"18:53:00";"297";"AC02 - Aci";"726+753";"BR-163/MS";"SUL";"Colisão - Transversal";0;0;0;1;1;0;0;0;0;0;11;0;0;1;0
"29/11/2022";"20:45:00";"315";"AC03 - Aci";"832+208";"BR-163/MS";"SUL";"Atropelamento de Animal";0;0;0;0;0;0;0;0;0;1;4;0;0;0;0
"30/11/2022";"05:52:00";"20";"AC03 - Aci";"297+130";"BR-163/MS";"NORTE";"Saída de pista";0;0;1;0;0;0;0;0;0;0;1;0;0;0;0
"30/11/2022";"08:14:00";"79";"AC02 - Aci";"361+514";"BR-163/MS";"NORTE";;0;0;0;1;0;0;0;0;0;0;0;2;0;0;0
"30/11/2022";"14:21:00";"207";"AC02 - Aci";"748+262";"BR-163/MS";"NORTE";"Saída de pista";0;0;0;0;0;0;0;0;0;1;2;0;1;0;0
"30/11/2022";"16:49:00";"252";"AC02 - Aci";"235+332";"BR-163/MS";"SUL";"Tombamento de moto";0;0;0;1;0;0;0;0;0;0;0;2;0;0;0
"30/11/2022";"19:54:00";"305";"AC03 - Aci";"573+500";"BR-163/MS";"NORTE";"Atropelamento de Animal";0;0;0;0;0;0;0;0;0;1;2;0;0;0;0
"30/11/2022";"21:36:00";"312";"AC03 - Aci";"34+396";"BR-163/MS";"SUL";"Saída de pista";0;0;1;0;0;2;0;0;0;0;3;0;0;0;0
"01/12/2022";"15:01:00";"192";"Acidente s";"245,996";"BR-163/MS";"SUL";"Colisão com veículos (traseira)";0;0;0;0;0;0;0;0;0;2;3;0;0;0;0
"01/12/2022";"16:46:00";"215";"Acidente c";"75,386";"BR-163/MS";"NORTE";"Atropelamento de animais";0;0;0;1;0;0;0;0;0;0;0;1;0;0;0
"01/12/2022";"18:20:00";"245";"Acidente s";"541,32";"BR-163/MS";"SUL";"Tombamento";1;0;0;0;0;0;0;0;0;0;4;0;0;0;0
"01/12/2022";"22:57:00";"292";"Acidente s";"53,8";"BR-163/MS";"NORTE";"Atropelamento de animais";0;0;1;0;0;0;0;0;0;0;3;0;0;0;0
"02/12/2022";"02:48:00";"13";"Acidente c";"463,739";"BR-163/MS";"SUL";"Colisão com veículos (traseira)";0;1;0;0;0;1;0;0;0;0;1;0;1;0;0
"02/12/2022";"07:39:00";"102";"Acidente s";"366,5";"BR-163/MS";"NORTE";"Colisão com veículos (traseira)";0;0;0;0;0;0;0;0;0;2;2;0;0;0;0
"02/12/2022";"22:42:00";"369";"Acidente s";"248,569";"BR-163/MS";"NORTE";"Saídas de pista";1;0;0;0;0;0;0;0;0;0;1;0;0;0;0
"03/12/2022";"01:05:00";"14";"Acidente s";"228,985";"BR-163/MS";"SUL";"Colisão c/ obstáculos";1;0;0;0;0;0;0;0;0;0;1;0;0;0;0
"03/12/2022";"05:19:00";"52";"Acidente s";"273,193";"BR-163/MS";"SUL";"Capotamento";2;0;0;0;0;0;0;0;0;0;4;0;0;0;0
"03/12/2022";"07:02:00";"68";"Acidente s";"117,21";"BR-163/MS";"NORTE";"Colisão lateral no mesmo sentido";0;0;0;1;0;1;0;0;0;0;2;0;0;0;0
"03/12/2022";"09:16:00";"141";"Acidente c";"478,357";"BR-163/MS";"SUL";"Tombamento";0;0;1;0;0;1;0;0;0;0;1;1;0;0;0
"03/12/2022";"12:45:00";"197";"Acidente s";"490,471";"BR-163/MS";"NORTE";"Colisão com veículos (traseira)";2;0;0;0;0;0;0;0;0;0;3;0;0;0;0
"03/12/2022";"13:51:00";"209";"Acidente s";"740,462";"BR-163/MS";"SUL";"Colisão com veículos (traseira)";0;0;2;0;0;0;0;0;0;0;2;0;0;0;0
"03/12/2022";"14:02:00";"212";"Acidente s";"13,906";"BR-163/MS";"SUL";"Saídas de pista";0;0;1;0;0;1;0;0;0;1;7;0;0;0;0
"03/12/2022";"16:35:00";"246";"Acidente s";"360,528";"BR-163/MS";"SUL";"Tombamento";0;0;1;0;0;2;0;0;0;0;3;0;0;0;0
"03/12/2022";"16:42:00";"247";"Acidente c";"8,31";"BR-163/MS";"NORTE";"Colisão com veículos (frontal)";1;0;1;0;0;1;0;0;0;0;4;1;1;0;1
"04/12/2022";"10:45:00";"137";"Acidente c";"19,28";"BR-163/MS";"SUL";"Tombamento de moto";0;0;0;1;0;0;0;0;0;0;0;1;0;0;0
"04/12/2022";"11:49:00";"147";"Acidente c";"677,23";"BR-163/MS";"SUL";"Tombamento";0;0;1;0;0;1;0;0;0;0;1;1;0;0;0
"04/12/2022";"12:43:00";"153";"Acidente s";"487,545";"BR-163/MS";"SUL";"Colisão lateral no sentido contrário";1;0;1;0;0;1;0;0;0;0;4;0;0;0;0
"04/12/2022";"13:03:00";"157";"Acidente c";"808,52";"BR-163/MS";"NORTE";"Colisão c/ obstáculos";0;0;2;0;0;2;0;0;0;0;3;0;1;0;0
"04/12/2022";"17:24:00";"195";"Acidente s";"696,263";"BR-163/MS";"NORTE";"Colisão c/ obstáculos";1;0;0;0;0;0;0;0;0;0;1;0;0;0;0
"05/12/2022";"01:18:00";"18";"Acidente c";"494,603";"BR-163/MS";"NORTE";"Tombamento de moto";0;0;0;1;0;0;0;0;0;0;0;1;1;0;0
"05/12/2022";"03:33:00";"24";"Acidente c";"662,299";"BR-163/MS";"NORTE";"Tombamento";0;0;1;0;0;0;0;0;0;0;0;1;0;0;0
"05/12/2022";"06:04:00";"34";"Acidente c";"182,241";"BR-163/MS";"NORTE";"Colisão com veículos (frontal)";0;0;2;0;0;0;0;0;0;0;1;0;0;1;0
"05/12/2022";"12:02:00";"178";"Acidente s";"5,942";"BR-163/MS";"NORTE";"Colisão com veículos (traseira)";0;0;2;0;0;2;0;0;0;0;4;0;0;0;0
"05/12/2022";"14:57:00";"206";"Acidente s";"490,355";"BR-163/MS";"SUL";"Colisão com veículos (traseira)";1;0;0;0;0;1;0;0;0;0;2;0;0;0;0
"06/12/2022";"01:29:00";"11";"Acidente s";"281,346";"BR-163/MS";"SUL";"Saídas de pista";1;0;0;0;0;0;0;0;0;0;1;0;0;0;0
"06/12/2022";"07:24:00";"81";"Acidente c";"486,61";"BR-163/MS";"NORTE";"Engavetamento";0;0;0;1;0;0;0;0;0;2;5;0;0;0;0
"06/12/2022";"11:45:00";"177";"Acidente s";"614,512";"BR-163/MS";"NORTE";"Colisão lateral no mesmo sentido";1;0;0;0;0;0;0;0;0;1;3;0;0;0;0
"06/12/2022";"12:27:00";"186";"Acidente s";"627,55";"BR-163/MS";"NORTE";"Colisão c/ obstáculos";1;0;0;0;1;0;0;0;0;0;2;0;0;0;0
"06/12/2022";"14:47:00";"218";"Acidente s";"435,7";"BR-163/MS";"SUL";"Saídas de pista";0;0;1;0;0;0;0;0;0;0;2;0;0;0;0
"06/12/2022";"21:39:00";"348";"Acidente s";"560,685";"BR-163/MS";"NORTE";"Atropelamento de animais";0;0;0;0;0;0;0;0;0;1;1;0;0;0;0
"07/12/2022";"05:53:00";"75";"Acidente s";"225,9";"BR-163/MS";"SUL";"Colisão lateral no mesmo sentido";0;0;1;0;0;2;0;0;0;1;5;0;0;0;0
"07/12/2022";"10:53:00";"200";"Acidente c";"548,365";"BR-163/MS";"NORTE";"Colisão lateral no sentido contrário";1;0;0;0;0;0;0;0;0;1;2;1;0;0;0
"07/12/2022";"12:02:00";"222";"Acidente c";"253,902";"BR-163/MS";"SUL";"Colisão lateral no mesmo sentido";1;0;0;0;0;0;0;0;0;1;1;1;0;0;0
"07/12/2022";"12:04:00";"223";"Acidente s";"484,981";"BR-163/MS";"NORTE";"Colisão com veículos (traseira)";1;0;0;0;0;0;0;0;0;1;2;0;0;0;0
"07/12/2022";"14:48:00";"266";"Acidente c";"785,215";"BR-163/MS";"NORTE";"Tombamento";0;0;1;0;0;1;0;0;0;0;1;1;0;0;0
"08/12/2022";"07:40:00";"103";"Acidente s";"276,295";"BR-163/MS";"SUL";"Tombamento";0;0;1;0;0;3;0;0;0;0;4;0;0;0;0
"08/12/2022";"07:45:00";"105";"Acidente c";"780,99";"BR-163/MS";"SUL";"Colisão com veículos (traseira)";0;0;0;1;0;0;0;0;0;1;4;2;0;0;0
"08/12/2022";"22:49:00";"346";"Acidente c";"256,915";"BR-163/MS";"NORTE";"Colisão com veículos (frontal)";1;0;0;1;0;0;0;0;0;0;1;0;0;1;0
"09/12/2022";"09:00:00";"98";"Acidente c";"372,44";"BR-163/MS";"NORTE";"Saídas de pista";1;0;0;0;0;0;0;0;0;0;0;1;0;0;0
"09/12/2022";"12:41:00";"202";"Acidente c";"579,547";"BR-163/MS";"SUL";"Saídas de pista";1;0;0;0;0;0;0;0;0;0;0;1;0;0;0
"09/12/2022";"16:23:00";"267";"Acidente s";"525,88";"BR-163/MS";"NORTE";"Colisão com veículos (traseira)";1;0;0;0;0;0;0;0;0;1;4;0;0;0;0
"09/12/2022";"20:23:00";"345";"Acidente s";"490,815";"BR-163/MS";"SUL";"Colisão com veículos (traseira)";0;0;0;1;0;0;0;0;0;1;2;0;0;0;0
"09/12/2022";"22:55:00";"370";"Acidente s";"52,686";"BR-163/MS";"SUL";"Colisão c/ obstáculos";0;0;1;0;0;1;0;0;0;0;2;0;0;0;0
"10/12/2022";"03:37:00";"19";"Acidente s";"500,282";"BR-163/MS";"NORTE";"Capotamento";1;0;0;0;0;0;0;0;0;0;3;0;0;0;0
"10/12/2022";"08:02:00";"116";"Acidente s";"5,821";"BR-163/MS";"NORTE";"Colisão com veículos (traseira)";2;0;0;0;0;0;0;0;0;0;7;0;0;0;0
"10/12/2022";"10:37:00";"191";"Acidente s";"165,339";"BR-163/MS";"NORTE";"Tombamento";0;0;1;0;0;0;0;0;0;0;2;0;0;0;0
"10/12/2022";"11:14:00";"194";"Acidente s";"96,395";"BR-163/MS";"NORTE";"Saídas de pista";1;0;0;0;0;0;0;0;0;0;1;0;0;0;0
"10/12/2022";"15:03:00";"244";"Acidente s";"38,205";"BR-163/MS";"NORTE";"Colisão com veículos (traseira)";1;0;0;0;0;0;0;0;0;1;3;0;0;0;0
"10/12/2022";"15:32:00";"252";"Acidente s";"272,669";"BR-163/MS";"SUL";"Colisão lateral no mesmo sentido";2;0;0;0;0;0;0;0;0;0;2;0;0;0;0
"10/12/2022";"17:22:00";"288";"Acidente s";"88,842";"BR-163/MS";"NORTE";"Colisão c/ obstáculos";0;0;1;0;0;0;0;0;0;0;1;0;0;0;0
"10/12/2022";"22:29:00";"353";"Acidente s";"412,3";"BR-163/MS";"SUL";"Atropelamento de animais";1;0;0;0;0;0;0;0;0;0;3;0;0;0;0
"11/12/2022";"03:24:00";"18";"Acidente s";"526";"BR-163/MS";"NORTE";"Colisão c/ obstáculos";1;0;0;0;0;0;0;0;0;0;3;0;0;0;0
"11/12/2022";"07:58:00";"109";"Acidente s";"26,9";"BR-163/MS";"NORTE";"Colisão c/ obstáculos";0;0;1;0;0;1;0;0;0;0;2;0;0;0;0
"11/12/2022";"20:17:00";"328";"Acidente s";"60,36";"BR-163/MS";"NORTE";"Colisão com veículos (traseira)";1;0;0;0;0;1;0;0;0;0;3;0;0;0;0
"11/12/2022";"23:34:00";"348";"Acidente s";"100,99";"BR-163/MS";"NORTE";"Colisão c/ obstáculos";1;0;0;0;0;0;0;0;0;0;1;0;0;0;0
"11/12/2022";"23:51:00";"351";"Atropelame";"258,728";"BR-163/MS";"NORTE";"Atropelamento de pedestre";1;0;0;0;0;0;0;0;0;0;3;0;0;0;1
"12/12/2022";"05:32:00";"22";"Acidente s";"743,249";"BR-163/MS";"SUL";"Tombamento de moto";0;0;0;1;0;0;0;0;0;0;2;0;0;0;0
"12/12/2022";"09:57:00";"145";"Acidente c";"77,739";"BR-163/MS";"SUL";"Colisão lateral no sentido contrário";1;0;0;0;0;0;0;0;0;1;1;1;0;0;0
"13/12/2022";"07:37:00";"72";"Acidente c";"615,8";"BR-163/MS";"NORTE";"Colisão lateral no sentido contrário";0;0;0;1;0;0;0;0;0;1;1;0;0;0;0
"13/12/2022";"08:37:00";"90";"Acidente c";"475,156";"BR-163/MS";"SUL";"Tombamento de moto";0;0;0;1;0;0;0;0;0;0;0;0;1;0;0
"13/12/2022";"08:47:00";"95";"Acidente c";"727,9";"BR-163/MS";"NORTE";"Tombamento de moto";0;0;0;1;0;0;0;0;0;0;0;1;0;0;0
"13/12/2022";"11:30:00";"176";"Acidente c";"726,468";"BR-163/MS";"NORTE";"Colisão lateral no mesmo sentido";1;0;1;0;0;0;0;0;0;0;3;3;0;0;0
"13/12/2022";"19:36:00";"325";"Acidente c";"280,262";"BR-163/MS";"SUL";"Colisão c/ obstáculos";0;0;0;1;0;0;0;0;0;0;0;1;0;0;0
"13/12/2022";"21:13:00";"346";"Acidente s";"488,437";"BR-163/MS";"SUL";"Capotamento";0;0;1;0;0;1;0;0;0;0;3;0;0;0;0
"13/12/2022";"23:19:00";"362";"Acidente s";"504,187";"BR-163/MS";"SUL";"Atropelamento de animais";0;0;0;0;1;0;0;0;0;0;4;0;0;0;0
"13/12/2022";"23:19:00";"363";"Acidente s";"779,447";"BR-163/MS";"NORTE";"Atropelamento de animais";2;0;0;0;0;0;0;0;0;0;4;0;0;0;0
"14/12/2022";"02:38:00";"17";"Acidente s";"255,153";"BR-163/MS";"NORTE";"Colisão c/ obstáculos";1;0;0;0;0;0;0;0;0;0;1;0;0;0;0
"14/12/2022";"10:10:00";"163";"Acidente c";"485,455";"BR-163/MS";"NORTE";"Colisão com veículos (traseira)";0;0;2;0;0;2;0;0;0;0;3;0;1;0;0
"14/12/2022";"17:37:00";"284";"Acidente c";"615,6";"BR-163/MS";"NORTE";"Colisão lateral no sentido contrário";1;0;0;1;0;0;0;0;0;0;1;1;0;0;0
"14/12/2022";"18:30:00";"325";"Acidente c";"680,93";"BR-163/MS";"SUL";"Colisão lateral no sentido contrário";1;0;0;1;0;0;0;0;0;0;1;1;0;0;0
"15/12/2022";"00:23:00";"2";"Acidente c";"226,918";"BR-163/MS";"SUL";"Atropelamento de animais";0;0;0;1;0;0;0;0;0;0;0;1;0;0;0
"15/12/2022";"01:18:00";"5";"Acidente s";"145,206";"BR-163/MS";"SUL";"Atropelamento de animais";0;0;0;0;0;0;0;0;0;1;1;0;0;0;0
"15/12/2022";"16:37:00";"320";"Acidente c";"486,35";"BR-163/MS";"NORTE";"Colisão com veículos (frontal)";1;0;0;1;0;0;0;0;0;0;2;0;1;0;0
"15/12/2022";"23:42:00";"448";"Acidente s";"779,9";"BR-163/MS";"SUL";"Atropelamento de animais";0;0;0;0;0;0;0;0;0;1;0;0;0;0;0
"16/12/2022";"07:16:00";"65";"Acidente s";"545,5";"BR-163/MS";"NORTE";"Colisão lateral no mesmo sentido";0;0;0;0;0;1;0;0;0;1;2;0;0;0;0
"16/12/2022";"07:47:00";"85";"Acidente s";"751,507";"BR-163/MS";"SUL";"Colisão lateral no mesmo sentido";1;0;1;0;0;0;0;0;0;0;4;0;0;0;0
"16/12/2022";"11:47:00";"203";"Acidente s";"426,43";"BR-163/MS";"NORTE";"Tombamento";0;0;1;0;0;1;0;0;0;0;2;0;0;0;0
"16/12/2022";"14:50:00";"258";"Acidente s";"403,4";"BR-163/MS";"SUL";"Saídas de pista";0;0;1;0;0;1;0;0;0;0;2;0;0;0;0
"16/12/2022";"14:53:00";"259";"Acidente s";"525,457";"BR-163/MS";"SUL";"Saídas de pista";0;0;1;0;0;2;0;0;0;0;5;0;0;0;0
"16/12/2022";"16:07:00";"279";"Acidente s";"225,621";"BR-163/MS";"SUL";"Colisão lateral no mesmo sentido";0;0;1;0;0;2;0;0;0;1;5;0;0;0;0
"16/12/2022";"16:12:00";"281";"Acidente s";"614,7";"BR-163/MS";"NORTE";"Colisão lateral no sentido contrário";2;0;0;0;0;0;0;0;0;0;2;0;0;0;0
"16/12/2022";"16:38:00";"288";"Acidente s";"484,7";"BR-163/MS";"NORTE";"Colisão c/ obstáculos";2;0;0;0;0;0;0;0;0;0;7;0;0;0;0
"16/12/2022";"18:28:00";"326";"Acidente s";"540,689";"BR-163/MS";"SUL";"Tombamento";0;0;1;0;0;2;0;0;0;0;3;0;0;0;0
"16/12/2022";"18:56:00";"343";"Acidente s";"790,971";"BR-163/MS";"SUL";"Atropelamento de animais";1;0;0;0;0;0;0;0;0;0;7;0;0;0;0
"16/12/2022";"19:03:00";"344";"Acidente c";"697,855";"BR-163/MS";"NORTE";"Capotamento";0;0;0;0;0;0;0;0;0;1;0;1;0;0;0
"16/12/2022";"20:11:00";"371";"Atropelame";"76,5";"BR-163/MS";"SUL";"Atropelamento de pedestre";0;0;1;0;0;2;0;0;0;0;3;0;0;1;0
"17/12/2022";"07:58:00";"78";"Acidente c";"502,162";"BR-163/MS";"NORTE";"Colisão lateral no mesmo sentido";0;1;0;0;0;0;0;0;0;1;1;0;1;0;0
"17/12/2022";"12:14:00";"154";"Acidente s";"363,407";"BR-163/MS";"SUL";"Colisão com veículos (traseira)";2;0;0;0;0;0;0;0;0;0;3;0;0;0;0
"17/12/2022";"13:34:00";"130";"Acidente c";"470,79";"BR-163/MS";"NORTE";"Colisão lateral no sentido contrário";0;0;0;1;0;0;0;0;0;1;2;1;0;0;0
"17/12/2022";"18:02:00";"231";"Acidente c";"261,25";"BR-163/MS";"SUL";"Tombamento de moto";0;0;0;1;0;0;0;0;0;0;0;1;0;0;0
"17/12/2022";"18:54:00";"240";"Acidente c";"725,493";"BR-163/MS";"NORTE";"Tombamento";0;1;0;0;0;0;0;0;0;0;0;1;0;0;0
"17/12/2022";"19:17:00";"245";"Acidente s";"790,322";"BR-163/MS";"SUL";"Tombamento de moto";0;0;0;1;0;0;0;0;0;0;1;0;0;0;0
"18/12/2022";"06:56:00";"35";"Acidente c";"619,26";"BR-163/MS";"SUL";"Tombamento de moto";0;0;0;1;0;0;0;0;0;0;0;2;0;0;0
"18/12/2022";"07:45:00";"82";"Acidente s";"6,15";"BR-163/MS";"NORTE";"Engavetamento";1;0;0;0;0;2;0;0;0;0;4;0;0;0;0
"18/12/2022";"14:40:00";"175";"Acidente s";"495,392";"BR-163/MS";"SUL";"Saídas de pista";1;0;0;0;0;0;0;0;0;0;3;0;0;0;0
"19/12/2022";"07:15:00";"65";"Acidente s";"486,338";"BR-163/MS";"SUL";"Engavetamento";1;0;0;0;0;2;0;0;0;0;3;0;0;0;0
"19/12/2022";"07:24:00";"70";"Acidente c";"722,8";"BR-163/MS";"SUL";"Colisão com veículos (traseira)";1;1;0;0;0;0;0;0;0;0;3;0;1;0;0
"19/12/2022";"15:03:00";"263";"Acidente s";"402,815";"BR-163/MS";"NORTE";"Saídas de pista";1;0;0;0;0;0;0;0;0;0;5;0;0;0;0
"20/12/2022";"04:35:00";"32";"Acidente s";"37,473";"BR-163/MS";"SUL";"Colisão lateral no mesmo sentido";0;0;2;0;0;4;0;0;0;0;6;0;0;0;0
"20/12/2022";"05:20:00";"37";"Acidente s";"186,21";"BR-163/MS";"SUL";"Colisão com veículos (traseira)";1;0;0;0;0;0;0;0;0;1;2;0;0;0;0
"20/12/2022";"18:13:00";"380";"Atropelame";"259,717";"BR-163/MS";"NORTE";"Atropelamento de pedestre";0;0;0;1;0;0;0;0;0;0;0;0;1;1;0
"20/12/2022";"23:04:00";"438";"Acidente c";"256,269";"BR-163/MS";"SUL";"Colisão c/ obstáculos";1;0;0;1;0;0;0;0;0;0;1;0;0;1;0
"21/12/2022";"01:37:00";"7";"Acidente c";"779,731";"BR-163/MS";"NORTE";"Capotamento";1;0;0;0;0;0;0;0;0;0;0;1;0;0;0
"21/12/2022";"07:05:00";"72";"Acidente c";"504,9";"BR-163/MS";"SUL";"Colisão com veículos (frontal)";0;0;1;1;0;1;0;0;0;0;2;0;0;0;1
"21/12/2022";"09:52:00";"147";"Acidente s";"151,23";"BR-163/MS";"SUL";"Tombamento";0;0;1;0;0;0;0;0;0;0;1;0;0;0;0
"21/12/2022";"12:25:00";"190";"Acidente s";"489,252";"BR-163/MS";"NORTE";"Engavetamento";2;0;0;0;0;0;0;0;0;1;10;0;0;0;0
"21/12/2022";"13:18:00";"207";"Acidente s";"696,25";"BR-163/MS";"SUL";"Saídas de pista";0;0;1;0;0;0;0;0;0;0;1;0;0;0;0
"21/12/2022";"16:46:00";"288";"Acidente c";"215,7";"BR-163/MS";"NORTE";"Colisão com veículos (traseira)";2;0;0;0;0;0;0;0;0;1;0;8;2;1;0
"21/12/2022";"17:06:00";"300";"Acidente s";"658,196";"BR-163/MS";"NORTE";"Colisão lateral no mesmo sentido";1;0;0;0;0;0;0;0;0;1;6;0;0;0;0
"21/12/2022";"17:14:00";"309";"Acidente s";"151,1";"BR-163/MS";"NORTE";"Colisão lateral no mesmo sentido";0;0;2;0;0;1;0;0;0;0;3;0;0;0;0
"21/12/2022";"19:55:00";"361";"Acidente s";"153,635";"BR-163/MS";"NORTE";"Colisão lateral no mesmo sentido";1;0;1;0;0;0;0;0;0;0;4;0;0;0;0
"22/12/2022";"07:08:00";"54";"Acidente s";"481,872";"BR-163/MS";"NORTE";"Colisão lateral no mesmo sentido";1;0;1;0;0;1;0;0;0;0;7;0;0;0;0
"22/12/2022";"09:42:00";"138";"Acidente s";"26,739";"BR-163/MS";"SUL";"Colisão com veículos (traseira)";1;0;0;0;0;0;0;0;0;1;3;0;0;0;0
"22/12/2022";"10:16:00";"152";"Acidente s";"487,393";"BR-163/MS";"SUL";"Engavetamento";2;0;1;0;0;0;0;0;0;0;6;0;0;0;0
"22/12/2022";"15:40:00";"262";"Acidente s";"5,8";"BR-163/MS";"NORTE";"Colisão com veículos (traseira)";1;0;0;0;0;0;0;0;0;1;4;0;0;0;0
"22/12/2022";"17:10:00";"298";"Acidente s";"364,98";"BR-163/MS";"NORTE";"Colisão com veículos (traseira)";0;0;0;0;0;0;0;0;0;2;5;0;0;0;0