data;horario;n_da_ocorrencia;tipo_de_ocorrencia;km;trecho;sentido;tipo_de_acidente;automovel;bicicleta;caminhao;moto;onibus;outros;tracao_animal;transporte_de_cargas_especiais;trator_maquinas;utilitarios;ilesos;levemente_feridos;moderadamente_feridos;gravemente_feridos;mortos
"23/12/2022";"09:02:00";"140";"Acidente c";"486,926";"BR-163/MS";"SUL";"Engavetamento";1;0;0;0;0;0;0;0;0;3;15;1;0;0;0
"23/12/2022";"09:13:00";"146";"Acidente s";"330,565";"BR-163/MS";"SUL";"Saídas de pista";0;0;1;0;0;0;0;0;0;0;1;0;0;0;0
"23/12/2022";"09:50:00";"155";"Acidente s";"5,857";"BR-163/MS";"NORTE";"Engavetamento";4;0;0;0;0;0;0;0;0;1;18;0;0;0;0
"23/12/2022";"11:04:00";"180";"Acidente s";"399,865";"BR-163/MS";"NORTE";"Colisão c/ obstáculos";1;0;0;0;0;0;0;0;0;0;5;0;0;0;0
"24/12/2022";"02:02:00";"11";"Acidente s";"243,361";"BR-163/MS";"NORTE";"Capotamento";1;0;0;0;0;0;0;0;0;0;5;0;0;0;0
"24/12/2022";"07:28:00";"138";"Acidente c";"784,437";"BR-163/MS";"SUL";"Colisão com veículos (traseira)";1;0;1;0;0;2;0;0;0;0;7;1;0;0;0
"24/12/2022";"11:30:00";"216";"Atropelame";"115,6";"BR-163/MS";"NORTE";"Atropelamento de pedestre";0;0;0;0;0;0;0;0;0;1;3;1;0;0;0
"24/12/2022";"12:59:00";"242";"Acidente s";"793,547";"BR-163/MS";"NORTE";"Colisão lateral no mesmo sentido";1;0;4;0;0;6;0;0;0;0;15;0;0;0;0
"24/12/2022";"15:30:00";"275";"Acidente c";"368,1";"BR-163/MS";"SUL";"Tombamento de moto";0;0;0;1;0;0;0;0;0;0;0;2;0;0;0
"24/12/2022";"23:01:00";"389";"Acidente c";"367,448";"BR-163/MS";"SUL";"Colisão com veículos (traseira)";0;0;0;1;0;1;0;0;0;0;1;0;1;0;0
"25/12/2022";"09:23:00";"97";"Acidente c";"89,282";"BR-163/MS";"SUL";"Colisão com veículos (traseira)";1;0;0;1;0;0;0;0;0;1;1;0;1;0;0
"25/12/2022";"11:35:00";"111";"Acidente c";"233,711";"BR-163/MS";"SUL";"Tombamento de moto";0;0;0;1;0;0;0;0;0;0;0;2;0;0;0
"25/12/2022";"17:44:00";"196";"Acidente s";"470,79";"BR-163/MS";"NORTE";"Colisão lateral no sentido contrário";0;0;1;0;0;2;0;0;0;1;4;0;0;0;0
"25/12/2022";"22:59:00";"261";"Acidente c";"298,204";"BR-163/MS";"SUL";"Tombamento de moto";0;0;0;1;0;0;0;0;0;0;0;1;0;0;0
"26/12/2022";"07:46:00";"92";"Acidente s";"465,15";"BR-163/MS";"NORTE";"Colisão com veículos (traseira)";2;0;0;0;0;0;0;0;0;0;2;0;0;0;0
"26/12/2022";"08:20:00";"100";"Acidente s";"583,117";"BR-163/MS";"SUL";"Capotamento";1;0;0;0;0;0;0;0;0;0;1;0;0;0;0
"26/12/2022";"08:29:00";"105";"Acidente c";"425,2";"BR-163/MS";"NORTE";"Colisão lateral no sentido contrário";1;0;0;1;0;0;0;0;0;0;1;0;0;2;0
"26/12/2022";"09:21:00";"119";"Acidente s";"478,5";"BR-163/MS";"SUL";"Colisão c/ obstáculos";0;0;0;0;0;0;0;0;0;2;2;0;0;0;0
"26/12/2022";"12:09:00";"177";"Acidente c";"1,966";"BR-163/MS";"NORTE";"Tombamento de moto";0;0;0;1;0;1;0;0;0;0;1;1;0;0;0
"26/12/2022";"13:19:00";"189";"Acidente c";"262,673";"BR-163/MS";"NORTE";"Colisão c/ obstáculos";0;0;0;1;0;0;0;0;0;0;0;1;0;0;0
"26/12/2022";"13:58:00";"199";"Acidente c";"498,7";"BR-163/MS";"SUL";"Tombamento";0;0;0;0;0;0;0;0;0;1;0;1;0;0;0
"26/12/2022";"17:01:00";"266";"Acidente c";"477,725";"BR-163/MS";"NORTE";"Colisão com veículos (traseira)";0;1;0;1;0;0;0;0;0;0;0;0;1;1;0
"26/12/2022";"22:11:00";"356";"Acidente s";"471,1";"BR-163/MS";"NORTE";"Colisão lateral no mesmo sentido";1;0;1;0;0;2;0;0;0;0;4;0;0;0;0
"26/12/2022";"22:50:00";"359";"Acidente s";"454";"BR-163/MS";"NORTE";"Atropelamento de animais";0;0;0;0;0;0;0;0;0;1;2;0;0;0;0
"27/12/2022";"09:24:00";"142";"Acidente s";"97,83";"BR-163/MS";"SUL";"Colisão lateral no sentido contrário";1;0;0;0;0;0;0;0;0;1;6;0;0;0;0
"27/12/2022";"09:38:00";"151";"Acidente s";"234,333";"BR-163/MS";"NORTE";"Capotamento";0;0;0;0;0;0;0;0;0;1;5;0;0;0;0
"28/12/2022";"07:37:00";"123";"Acidente c";"478,6";"BR-163/MS";"SUL";"Colisão lateral no mesmo sentido";1;0;0;1;0;0;0;0;0;0;1;1;0;0;0
"28/12/2022";"13:31:00";"272";"Acidente c";"816,621";"BR-163/MS";"SUL";"Capotamento";1;0;0;0;0;0;0;0;0;0;1;3;0;0;0
"28/12/2022";"13:55:00";"278";"Acidente c";"485,41";"BR-163/MS";"NORTE";"Colisão com veículos (traseira)";1;0;0;1;0;0;0;0;0;0;2;0;1;0;0
"28/12/2022";"19:28:00";"403";"Acidente c";"844,456";"BR-163/MS";"SUL";"Capotamento";0;0;0;0;0;0;0;0;0;1;2;2;0;0;0
"29/12/2022";"05:34:00";"53";"Acidente s";"657,15";"BR-163/MS";"NORTE";"Saídas de pista";0;0;1;0;0;1;0;0;0;0;3;0;0;0;0
"29/12/2022";"14:47:00";"273";"Acidente s";"786,15";"BR-163/MS";"NORTE";"Colisão com veículos (traseira)";2;0;0;0;0;0;0;0;0;0;5;0;0;0;0
"29/12/2022";"15:15:00";"284";"Acidente c";"134,75";"BR-163/MS";"NORTE";"Colisão com veículos (traseira)";1;0;0;0;0;0;0;0;0;1;0;10;0;0;0
"29/12/2022";"16:08:00";"298";"Acidente c";"311,23";"BR-163/MS";"SUL";"Capotamento";1;0;0;0;0;0;0;0;0;0;0;0;0;0;1
"29/12/2022";"22:40:00";"405";"Atropelame";"266,55";"BR-163/MS";"SUL";"Atropelamento de pedestre";0;0;0;1;0;0;0;0;0;0;1;0;1;0;0
"30/12/2022";"05:46:00";"27";"Acidente s";"57,48";"BR-163/MS";"SUL";"Colisão c/ obstáculos";1;0;0;0;0;0;0;0;0;0;6;0;0;0;0
"30/12/2022";"05:49:00";"28";"Acidente c";"615,9";"BR-163/MS";"SUL";"Colisão lateral no sentido contrário";1;0;0;1;0;0;0;0;0;0;2;0;0;0;0
"30/12/2022";"15:08:00";"266";"Acidente s";"22,388";"BR-163/MS";"NORTE";"Colisão c/ obstáculos";2;0;0;0;0;0;0;0;0;0;10;0;0;0;0
"30/12/2022";"18:53:00";"351";"Acidente s";"424,228";"BR-163/MS";"SUL";"Atropelamento de animais";1;0;0;0;0;0;0;0;0;0;3;0;0;0;0
"30/12/2022";"19:13:00";"359";"Acidente s";"693,5";"BR-163/MS";"SUL";"Atropelamento de animais";1;0;0;0;0;0;0;0;0;0;3;0;0;0;0
"30/12/2022";"23:57:00";"416";"Acidente s";"419,773";"BR-163/MS";"NORTE";"Atropelamento de animais";1;0;0;0;0;0;0;0;0;0;2;0;0;0;0
"31/12/2022";"18:55:00";"273";"Acidente s";"426,455";"BR-163/MS";"SUL";"Atropelamento de animais";0;0;0;0;0;0;0;0;0;1;2;0;0;0;0
"31/12/2022";"19:26:00";"304";"Acidente s";"686,154";"BR-163/MS";"SUL";"Atropelamento de animais";1;0;0;0;0;0;0;0;0;0;2;0;0;0;0
"31/12/2022";"20:21:00";"311";"Acidente s";"21,61";"BR-163/MS";"NORTE";"Colisão lateral no sentido contrário";2;0;0;0;0;0;0;0;0;0;3;0;0;0;0
"01/01/2023";"16:01:00";"189";"Acidente c";"126,888";"BR-163/MS";"SUL";"Capotamento";1;0;0;0;0;0;0;0;0;0;2;1;0;0;0
"02/01/2023";"01:30:00";"9";"Acidente c";"262,522";"BR-163/MS";"NORTE";"Tombamento de moto";0;0;0;1;0;0;0;0;0;0;0;1;0;0;0
"02/01/2023";"14:32:00";"226";"Acidente c";"436,3";"BR-163/MS";"NORTE";"Capotamento";1;0;0;0;0;0;0;0;0;0;0;2;1;0;0
"02/01/2023";"15:46:00";"248";"Acidente s";"564,566";"BR-163/MS";"NORTE";"Colisão com veículos (traseira)";2;0;0;0;0;0;0;0;0;0;6;0;0;0;0
"02/01/2023";"20:46:00";"367";"Acidente s";"485,442";"BR-163/MS";"NORTE";"Colisão com veículos (traseira)";1;0;0;0;0;1;0;0;0;1;8;0;0;0;0
"03/01/2023";"03:26:00";"24";"Acidente s";"795,947";"BR-163/MS";"NORTE";"Atropelamento de animais";0;0;0;0;0;0;0;0;0;1;5;0;0;0;0
"03/01/2023";"07:09:00";"89";"Acidente c";"260,961";"BR-163/MS";"SUL";"Colisão com veículos (traseira)";0;0;0;0;0;2;0;0;0;0;2;1;0;0;0
"03/01/2023";"07:19:00";"91";"Acidente s";"600,567";"BR-163/MS";"NORTE";"Saídas de pista";0;0;1;0;0;0;0;0;0;0;3;0;0;0;0
"03/01/2023";"08:42:00";"142";"Acidente s";"786,1";"BR-163/MS";"SUL";"Colisão com veículos (traseira)";0;0;0;0;0;0;0;0;0;2;5;0;0;0;0
"03/01/2023";"17:16:00";"353";"Acidente s";"484,3";"BR-163/MS";"SUL";"Colisão com veículos (traseira)";0;0;1;0;0;1;0;0;0;1;6;0;0;0;0
"03/01/2023";"18:30:00";"368";"Acidente s";"642,87";"BR-163/MS";"NORTE";"Colisão c/ obstáculos";0;0;0;0;0;0;0;0;0;1;2;0;0;0;0
"04/01/2023";"06:32:00";"33";"Acidente s";"373,322";"BR-163/MS";"NORTE";"Capotamento";0;0;0;0;0;0;0;0;0;1;1;0;0;0;0
"04/01/2023";"11:11:00";"157";"Acidente s";"485,12";"BR-163/MS";"NORTE";"Engavetamento";1;0;2;0;0;0;0;0;0;0;4;0;0;0;0
"04/01/2023";"14:05:00";"202";"Acidente s";"468,7";"BR-163/MS";"NORTE";"Saídas de pista";0;0;1;0;0;0;0;0;0;0;1;0;0;0;0
"04/01/2023";"14:42:00";"207";"Acidente c";"432,111";"BR-163/MS";"NORTE";"Colisão com veículos (traseira)";0;0;1;0;1;0;0;0;0;0;1;39;0;0;0
"04/01/2023";"14:44:00";"208";"Acidente s";"552,621";"BR-163/MS";"SUL";"Saídas de pista";0;0;0;0;0;0;0;0;0;1;1;0;0;0;0
"04/01/2023";"14:58:00";"212";"Acidente c";"791,7";"BR-163/MS";"NORTE";"Colisão com veículos (frontal)";1;0;2;0;0;4;0;0;0;0;7;0;2;0;1
"04/01/2023";"15:22:00";"217";"Acidente s";"483,621";"BR-163/MS";"NORTE";"Colisão com veículos (traseira)";1;0;0;0;0;0;0;0;0;1;2;0;0;0;0
"04/01/2023";"17:12:00";"240";"Acidente s";"778,444";"BR-163/MS";"NORTE";"Saídas de pista";1;0;0;0;0;0;0;0;0;0;5;0;0;0;0
"05/01/2023";"00:01:00";"1";"Acidente s";"323,339";"BR-163/MS";"NORTE";"Atropelamento de animais";0;0;0;0;1;0;0;0;0;0;1;0;0;0;0
"05/01/2023";"09:15:00";"155";"Acidente s";"358,341";"BR-163/MS";"NORTE";"Capotamento";0;0;1;0;0;0;0;0;0;1;6;0;0;0;0
"05/01/2023";"09:18:00";"158";"Acidente s";"466,322";"BR-163/MS";"SUL";"Colisão lateral no mesmo sentido";1;0;0;0;0;0;0;0;0;1;5;0;0;0;0
"07/01/2023";"04:23:00";"33";"Acidente c";"264,892";"BR-163/MS";"NORTE";"Saídas de pista";0;0;0;0;0;0;0;0;0;1;0;1;0;0;0
"07/01/2023";"11:00:00";"242";"Acidente s";"135,99";"BR-163/MS";"NORTE";"Colisão com veículos (traseira)";2;0;0;0;0;0;0;0;0;0;7;0;0;0;0
"07/01/2023";"14:23:00";"317";"Acidente c";"485,533";"BR-163/MS";"NORTE";"Tombamento de moto";0;0;0;1;0;0;0;0;0;0;0;1;0;0;0
"07/01/2023";"14:58:00";"327";"Acidente c";"475,1";"BR-163/MS";"NORTE";"Colisão lateral no mesmo sentido";0;1;0;0;0;0;0;0;0;0;0;0;1;0;0
"07/01/2023";"19:20:00";"412";"Acidente c";"74,224";"BR-163/MS";"SUL";"Tombamento de moto";0;0;0;2;0;1;0;0;0;0;1;0;0;1;1
"08/01/2023";"03:15:00";"10";"Acidente s";"681,78";"BR-163/MS";"SUL";"Colisão lateral no mesmo sentido";1;0;0;0;1;0;0;0;0;0;17;0;0;0;0
"08/01/2023";"06:14:00";"22";"Acidente c";"655,2";"BR-163/MS";"SUL";"Tombamento";0;0;1;0;0;1;0;0;0;0;1;1;0;0;0
"08/01/2023";"10:08:00";"142";"Acidente s";"290,904";"BR-163/MS";"NORTE";"Colisão c/ obstáculos";1;0;0;0;0;0;0;0;0;0;3;0;0;0;0
"08/01/2023";"11:14:00";"169";"Acidente c";"397,192";"BR-163/MS";"NORTE";"Tombamento de moto";0;0;0;1;0;0;0;0;0;0;1;1;0;0;0
"08/01/2023";"12:25:00";"190";"Acidente s";"424,562";"BR-163/MS";"NORTE";"Tombamento";0;0;1;0;0;1;0;0;0;0;3;0;0;0;0
"08/01/2023";"16:14:00";"245";"Acidente c";"646,318";"BR-163/MS";"NORTE";"Tombamento";0;0;1;0;0;1;0;0;0;0;1;0;1;0;0
"08/01/2023";"17:20:00";"270";"Acidente s";"305,6";"BR-163/MS";"NORTE";"Atropelamento de animais";1;0;0;0;0;0;0;0;0;0;4;0;0;0;0
"08/01/2023";"19:34:00";"327";"Acidente s";"256";"BR-163/MS";"SUL";"Colisão com veículos (frontal)";0;1;0;1;0;0;0;0;0;0;2;0;0;0;0
"08/01/2023";"20:49:00";"332";"Acidente s";"464,1";"BR-163/MS";"SUL";"Atropelamento de animais";0;0;0;1;0;0;0;0;0;0;1;0;0;0;0
"09/01/2023";"05:44:00";"25";"Acidente c";"822,69";"BR-163/MS";"NORTE";"Tombamento de moto";0;0;0;1;0;0;0;0;0;0;0;2;0;0;0
"09/01/2023";"06:40:00";"37";"Acidente c";"265,752";"BR-163/MS";"SUL";"Colisão com veículos (traseira)";0;0;1;1;0;1;0;0;0;0;2;1;0;0;0
"09/01/2023";"07:44:00";"98";"Acidente s";"158,456";"BR-163/MS";"NORTE";"Colisão lateral no mesmo sentido";0;0;2;0;0;3;0;0;0;0;5;0;0;0;0
"09/01/2023";"13:22:00";"218";"Acidente s";"668,3";"BR-163/MS";"NORTE";"Saídas de pista";0;0;0;0;0;0;0;0;0;1;4;0;0;0;0
"09/01/2023";"13:28:00";"221";"Acidente s";"339,48";"BR-163/MS";"NORTE";"Capotamento";0;0;0;0;0;0;0;0;0;1;1;0;0;0;0
"09/01/2023";"13:40:00";"225";"Acidente c";"615,39";"BR-163/MS";"NORTE";"Colisão lateral no sentido contrário";1;0;0;1;0;0;0;0;0;0;4;0;0;0;0
"09/01/2023";"18:46:00";"339";"Acidente s";"256,65";"BR-163/MS";"NORTE";"Colisão lateral no mesmo sentido";0;0;1;0;0;1;0;0;0;1;3;0;0;0;0
"09/01/2023";"22:14:00";"375";"Acidente s";"661,687";"BR-163/MS";"SUL";"Colisão com veículos (traseira)";1;0;0;0;0;2;0;0;0;0;3;0;0;0;0
"09/01/2023";"22:43:00";"377";"Acidente s";"497,431";"BR-163/MS";"NORTE";"Atropelamento de animais";1;0;0;0;0;0;0;0;0;0;2;0;0;0;0
"10/01/2023";"06:57:00";"39";"Acidente s";"136,418";"BR-163/MS";"NORTE";"Colisão com veículos (traseira)";0;0;0;0;0;1;0;0;0;1;3;0;0;0;0
"10/01/2023";"10:04:00";"164";"Acidente c";"367,749";"BR-163/MS";"SUL";"Colisão com veículos (traseira)";1;0;0;0;0;1;0;0;0;0;1;5;0;0;0
"10/01/2023";"12:06:00";"211";"Acidente c";"680,778";"BR-163/MS";"SUL";"Colisão lateral no sentido contrário";0;0;0;1;0;0;0;0;0;1;1;2;0;0;0
"10/01/2023";"12:32:00";"216";"Acidente s";"468";"BR-163/MS";"NORTE";"Tombamento de moto";0;0;0;1;0;0;0;0;0;0;2;0;0;0;0
"10/01/2023";"15:40:00";"277";"Acidente c";"341,895";"BR-163/MS";"SUL";"Tombamento de moto";0;0;0;1;0;0;0;0;0;0;0;1;0;0;0
"10/01/2023";"15:58:00";"284";"Acidente s";"277,223";"BR-163/MS";"NORTE";"Saídas de pista";0;0;0;0;0;0;0;0;0;1;1;0;0;0;0
"11/01/2023";"07:34:00";"119";"Acidente s";"832,135";"BR-163/MS";"NORTE";"Saídas de pista";0;0;0;0;0;0;0;0;0;1;3;0;0;0;0
"11/01/2023";"11:46:00";"239";"Acidente c";"566,453";"BR-163/MS";"NORTE";"Saídas de pista";1;0;0;0;0;0;0;0;0;0;1;1;0;0;0
"11/01/2023";"19:14:00";"395";"Acidente s";"270,614";"BR-163/MS";"SUL";"Colisão lateral no sentido contrário";1;0;0;0;0;0;0;0;0;1;5;0;0;0;0
"12/01/2023";"04:20:00";"36";"Acidente s";"152,778";"BR-163/MS";"SUL";"Atropelamento de animais";0;0;0;0;0;0;0;0;0;1;5;0;0;0;0
"12/01/2023";"17:08:00";"321";"Acidente s";"222";"BR-163/MS";"SUL";"Engavetamento";1;0;1;0;0;0;0;0;0;1;7;0;0;0;0
"13/01/2023";"00:50:00";"3";"Acidente s";"286";"BR-163/MS";"NORTE";"Capotamento";1;0;0;0;0;0;0;0;0;0;1;0;0;0;0
"13/01/2023";"03:07:00";"7";"Acidente s";"407,5";"BR-163/MS";"NORTE";"Colisão c/ obstáculos";0;0;0;0;0;0;0;0;0;1;2;0;0;0;0
"13/01/2023";"07:25:00";"77";"Acidente c";"493,15";"BR-163/MS";"NORTE";"Colisão lateral no mesmo sentido";0;0;1;0;0;0;0;0;0;1;2;1;0;0;0
"13/01/2023";"11:09:00";"175";"Acidente s";"733,36";"BR-163/MS";"SUL";"Colisão lateral no sentido contrário";2;0;0;0;0;0;0;0;0;0;3;0;0;0;0
"14/01/2023";"00:24:00";"3";"Acidente s";"421,54";"BR-163/MS";"SUL";"Atropelamento de animais";1;0;0;0;0;0;0;0;0;0;3;0;0;0;0
"14/01/2023";"06:45:00";"43";"Acidente c";"723,54";"BR-163/MS";"NORTE";"Colisão com veículos (frontal)";0;0;1;0;0;3;0;0;0;1;4;0;0;0;2
"14/01/2023";"10:36:00";"147";"Acidente c";"725,551";"BR-163/MS";"SUL";"Colisão lateral no sentido contrário";1;0;0;1;0;0;0;0;0;0;2;1;0;0;0
"14/01/2023";"12:41:00";"186";"Acidente s";"218,783";"BR-163/MS";"SUL";"Colisão c/ obstáculos";1;0;0;0;0;0;0;0;0;0;1;0;0;0;0
"14/01/2023";"15:44:00";"233";"Acidente c";"264,89";"BR-163/MS";"SUL";"Tombamento";0;0;1;0;0;1;0;0;0;0;1;0;0;1;0
"14/01/2023";"17:42:00";"265";"Acidente c";"495,247";"BR-163/MS";"SUL";"Colisão lateral no mesmo sentido";1;0;1;0;0;0;0;0;0;0;4;1;0;0;0
"15/01/2023";"01:24:00";"6";"Acidente s";"330,827";"BR-163/MS";"SUL";"Atropelamento de animais";0;0;1;0;0;2;0;0;0;0;3;0;0;0;0
"15/01/2023";"06:52:00";"46";"Acidente c";"626,903";"BR-163/MS";"SUL";"Tombamento de moto";0;0;0;1;0;0;0;0;0;0;0;0;1;0;0
"15/01/2023";"12:44:00";"178";"Acidente s";"477,822";"BR-163/MS";"NORTE";"Colisão lateral no sentido contrário";1;0;1;0;0;0;0;0;0;0;5;0;0;0;0
"15/01/2023";"14:15:00";"195";"Acidente s";"37,722";"BR-163/MS";"NORTE";"Colisão com veículos (traseira)";1;0;0;0;0;0;0;0;0;1;9;0;0;0;0
"16/01/2023";"00:32:00";"7";"Acidente s";"377,491";"BR-163/MS";"SUL";"Atropelamento de animais";0;0;0;0;0;0;0;0;0;1;5;0;0;0;0
"16/01/2023";"04:41:00";"34";"Acidente c";"609,745";"BR-163/MS";"NORTE";"Colisão lateral no sentido contrário";1;0;0;1;0;0;0;0;0;0;1;0;0;1;0
"16/01/2023";"14:32:00";"255";"Acidente c";"734";"BR-163/MS";"NORTE";"Colisão com veículos (traseira)";1;0;0;0;0;0;0;0;0;1;4;1;0;0;0
"16/01/2023";"16:40:00";"285";"Acidente c";"5,349";"BR-163/MS";"SUL";"Colisão com veículos (traseira)";1;0;0;0;0;0;0;0;0;1;3;1;0;0;0
"16/01/2023";"19:13:00";"329";"Acidente s";"656,541";"BR-163/MS";"SUL";"Saídas de pista";0;0;1;0;0;2;0;0;0;0;4;0;0;0;0
"16/01/2023";"21:20:00";"375";"Acidente c";"773,126";"BR-163/MS";"SUL";"Tombamento";0;0;1;0;0;2;0;0;0;0;2;0;1;0;0
"17/01/2023";"06:46:00";"73";"Acidente s";"6,38";"BR-163/MS";"NORTE";"Colisão c/ obstáculos";1;0;0;0;0;0;0;0;0;0;1;0;0;0;0
"17/01/2023";"07:58:00";"138";"Acidente c";"479,176";"BR-163/MS";"SUL";"Colisão lateral no sentido contrário";1;0;0;0;0;0;0;0;0;1;1;1;0;0;0
"17/01/2023";"08:45:00";"157";"Acidente s";"207,15";"BR-163/MS";"NORTE";"Colisão lateral no mesmo sentido";0;0;1;0;0;1;0;0;0;1;3;0;0;0;0
"17/01/2023";"11:07:00";"223";"Acidente c";"487,321";"BR-163/MS";"SUL";"Capotamento";0;0;1;0;0;0;0;0;0;0;1;1;0;0;0
"19/01/2023";"07:14:00";"48";"Acidente s";"470,79";"BR-163/MS";"SUL";"Colisão lateral no mesmo sentido";1;0;1;0;0;0;0;0;0;0;4;0;0;0;0
"19/01/2023";"07:47:00";"75";"Atropelame";"83,387";"BR-163/MS";"NORTE";"Outros";0;0;0;0;0;1;0;0;0;0;1;0;1;0;0
"19/01/2023";"09:54:00";"136";"Acidente c";"555,692";"BR-163/MS";"NORTE";"Capotamento";0;0;1;0;0;0;0;0;0;1;2;2;0;0;0
"19/01/2023";"12:15:00";"206";"Acidente c";"211,386";"BR-163/MS";"SUL";"Colisão com veículos (frontal)";0;0;1;0;0;2;0;0;0;1;3;1;0;1;0
"19/01/2023";"15:45:00";"264";"Acidente c";"0,282";"BR-163/MS";"NORTE";"Tombamento";0;0;1;0;0;1;0;0;0;0;1;1;0;0;0
"19/01/2023";"19:31:00";"375";"Acidente c";"619,968";"BR-163/MS";"SUL";"Colisão com veículos (traseira)";0;0;0;1;0;1;0;0;0;0;1;2;0;0;0
"19/01/2023";"23:10:00";"420";"Acidente c";"462,83";"BR-163/MS";"NORTE";"Atropelamento de animais";0;0;0;1;0;0;0;0;0;0;0;1;0;0;0
"20/01/2023";"06:18:00";"46";"Acidente c";"330,241";"BR-163/MS";"NORTE";"Saídas de pista";1;0;0;0;0;0;0;0;0;0;0;0;1;0;0
"20/01/2023";"16:37:00";"288";"Acidente s";"271,417";"BR-163/MS";"NORTE";"Colisão lateral no sentido contrário";0;0;1;0;0;0;0;0;0;1;5;0;0;0;0
"21/01/2023";"03:51:00";"19";"Acidente s";"639,466";"BR-163/MS";"SUL";"Atropelamento de animais";1;0;0;0;0;0;0;0;0;0;4;0;0;0;0
"21/01/2023";"06:31:00";"60";"Acidente c";"486,395";"BR-163/MS";"NORTE";"Capotamento";1;0;0;0;0;0;0;0;0;0;1;1;0;0;0
"21/01/2023";"10:19:00";"173";"Acidente s";"597,8";"BR-163/MS";"NORTE";"Saídas de pista";0;0;0;0;0;0;0;0;0;1;2;0;0;0;0
"22/01/2023";"06:26:00";"29";"Acidente s";"818,5";"BR-163/MS";"NORTE";"Colisão c/ obstáculos";0;0;1;0;0;1;0;0;0;0;2;0;0;0;0
"22/01/2023";"13:41:00";"164";"Acidente s";"774,881";"BR-163/MS";"SUL";"Colisão c/ obstáculos";1;0;0;0;0;0;0;0;0;0;1;0;0;0;0
"22/01/2023";"17:16:00";"235";"Acidente c";"400,323";"BR-163/MS";"NORTE";"Colisão com veículos (frontal)";0;0;3;0;0;4;0;0;0;0;5;3;1;1;0
"23/01/2023";"03:26:00";"15";"Acidente c";"372,24";"BR-163/MS";"NORTE";"Tombamento de moto";0;0;0;1;0;0;0;0;0;0;1;1;0;0;0
"23/01/2023";"08:04:00";"98";"Acidente c";"563,914";"BR-163/MS";"SUL";"Tombamento";0;0;1;0;0;2;0;0;0;0;2;0;1;0;0
"23/01/2023";"09:59:00";"145";"Acidente s";"292,9";"BR-163/MS";"NORTE";"Engavetamento";2;0;0;0;0;0;0;0;0;1;6;0;0;0;0
"23/01/2023";"14:38:00";"237";"Acidente s";"653,863";"BR-163/MS";"NORTE";"Saídas de pista";0;0;1;0;0;2;0;0;0;0;3;0;0;0;0
"23/01/2023";"19:15:00";"323";"Acidente s";"751,455";"BR-163/MS";"NORTE";"Atropelamento de animais";0;0;0;0;0;0;0;0;0;1;1;0;0;0;0
"23/01/2023";"20:40:00";"353";"Acidente c";"117,445";"BR-163/MS";"NORTE";"Colisão lateral no mesmo sentido";0;0;1;1;0;0;0;0;0;0;1;0;0;1;0
"23/01/2023";"21:27:00";"356";"Acidente s";"446,229";"BR-163/MS";"SUL";"Tombamento";0;0;1;0;0;2;0;0;0;0;4;0;0;0;0
"24/01/2023";"01:19:00";"13";"Acidente s";"461,8";"BR-163/MS";"NORTE";"Atropelamento de animais";1;0;0;0;0;0;0;0;0;0;2;0;0;0;0
"24/01/2023";"14:05:00";"253";"Acidente c";"485,546";"BR-163/MS";"NORTE";"Colisão lateral no sentido contrário";1;0;1;0;0;0;0;0;0;0;1;1;0;0;0
"24/01/2023";"15:12:00";"281";"Acidente s";"480,666";"BR-163/MS";"NORTE";"Colisão com veículos (traseira)";1;0;0;0;1;0;0;0;0;0;29;0;0;0;0
"24/01/2023";"17:28:00";"344";"Acidente c";"611,952";"BR-163/MS";"NORTE";"Engavetamento";1;0;1;1;0;0;0;0;0;0;3;1;0;0;0
"24/01/2023";"18:42:00";"361";"Acidente s";"50,429";"BR-163/MS";"NORTE";"Colisão lateral no mesmo sentido";1;0;1;0;0;2;0;0;0;0;4;0;0;0;0
"25/01/2023";"04:55:00";"30";"Acidente s";"504,976";"BR-163/MS";"NORTE";"Atropelamento de animais";1;0;0;0;0;0;0;0;0;0;1;0;0;0;0
"25/01/2023";"11:12:00";"220";"Acidente c";"485,541";"BR-163/MS";"NORTE";"Colisão com veículos (traseira)";1;0;1;0;0;1;0;0;0;0;2;0;1;0;0
"25/01/2023";"13:20:00";"262";"Acidente s";"653,96";"BR-163/MS";"SUL";"Colisão com veículos (traseira)";1;0;0;0;0;0;0;0;0;1;6;0;0;0;0
"25/01/2023";"15:32:00";"310";"Acidente s";"364,561";"BR-163/MS";"SUL";"Colisão com veículos (traseira)";0;0;0;0;0;0;0;0;0;2;3;0;0;0;0
"25/01/2023";"17:38:00";"379";"Acidente c";"840,753";"BR-163/MS";"NORTE";"Tombamento";0;0;1;0;0;1;0;0;0;0;1;0;1;0;0
"26/01/2023";"16:02:00";"296";"Acidente s";"569,23";"BR-163/MS";"NORTE";"Colisão c/ obstáculos";0;0;0;0;0;0;0;0;0;1;1;0;0;0;0
"27/01/2023";"05:52:00";"21";"Acidente c";"255,254";"BR-163/MS";"SUL";"Tombamento de moto";0;0;0;1;0;0;0;0;0;0;0;1;0;0;0
"27/01/2023";"10:54:00";"184";"Acidente s";"546,907";"BR-163/MS";"SUL";"Saídas de pista";1;0;0;0;0;0;0;0;0;0;3;0;0;0;0