data;horario;n_da_ocorrencia;tipo_de_ocorrencia;km;trecho;sentido;tipo_de_acidente;automovel;bicicleta;caminhao;moto;onibus;outros;tracao_animal;transporte_de_cargas_especiais;trator_maquinas;utilitarios;ilesos;levemente_feridos;moderadamente_feridos;gravemente_feridos;mortos
"27/01/2023";"13:33:00";"235";"Acidente s";"615,654";"BR-163/MS";"SUL";"Colisão lateral no sentido contrário";2;0;0;0;0;0;0;0;0;0;7;0;0;0;0
"27/01/2023";"15:38:00";"277";"Acidente c";"405,44";"BR-163/MS";"NORTE";"Colisão com veículos (traseira)";0;0;0;0;0;0;0;0;0;2;1;1;0;0;0
"28/01/2023";"01:59:00";"12";"Acidente s";"427";"BR-163/MS";"NORTE";"Atropelamento de animais";0;0;1;0;0;0;0;0;0;0;2;0;0;0;0
"28/01/2023";"04:51:00";"20";"Acidente s";"624,181";"BR-163/MS";"NORTE";"Atropelamento de animais";1;0;0;0;0;0;0;0;0;0;2;0;0;0;0
"28/01/2023";"12:21:00";"181";"Acidente c";"23,128";"BR-163/MS";"SUL";"Colisão com veículos (frontal)";0;0;1;0;0;0;0;0;0;1;2;1;0;0;0
"28/01/2023";"19:30:00";"311";"Atropelame";"679,908";"BR-163/MS";"NORTE";"Atropelamento de pedestre";1;0;0;0;0;0;0;0;0;0;2;0;0;1;0
"29/01/2023";"11:06:00";"148";"Acidente s";"381,18";"BR-163/MS";"SUL";"Colisão lateral no mesmo sentido";2;0;0;0;0;0;0;0;0;0;5;0;0;0;0
"29/01/2023";"16:41:00";"208";"Acidente c";"263";"BR-163/MS";"SUL";"Outros";1;0;0;1;0;0;0;0;0;0;4;1;0;0;0
"29/01/2023";"19:25:00";"263";"Acidente s";"485,63";"BR-163/MS";"SUL";"Colisão com veículos (traseira)";1;0;0;0;0;1;0;0;0;0;6;0;0;0;0
"29/01/2023";"20:30:00";"300";"Acidente s";"543,799";"BR-163/MS";"NORTE";"Saídas de pista";1;0;0;0;0;0;0;0;0;0;2;0;0;0;0
"30/01/2023";"18:54:00";"320";"Acidente s";"341,727";"BR-163/MS";"SUL";"Colisão com veículos (traseira)";2;0;0;0;0;0;0;0;0;0;4;0;0;0;0
"30/01/2023";"20:01:00";"341";"Acidente c";"83,917";"BR-163/MS";"SUL";"Colisão com veículos (traseira)";1;0;1;0;0;0;0;0;0;0;1;1;0;0;0
"31/01/2023";"06:31:00";"30";"Acidente c";"475,451";"BR-163/MS";"SUL";"Colisão lateral no mesmo sentido";0;0;1;1;0;0;0;0;0;0;1;1;0;0;0
"31/01/2023";"06:55:00";"53";"Acidente c";"466,322";"BR-163/MS";"NORTE";"Colisão com veículos (traseira)";1;0;0;0;0;0;0;0;0;1;3;1;0;0;0
"31/01/2023";"10:36:00";"164";"Acidente s";"223,529";"BR-163/MS";"NORTE";"Tombamento";0;0;1;0;0;0;0;0;0;0;2;0;0;0;0
"31/01/2023";"10:45:00";"169";"Acidente c";"722,246";"BR-163/MS";"SUL";"Capotamento";0;0;0;0;0;0;0;0;0;1;0;3;0;0;0
"31/01/2023";"11:46:00";"195";"Acidente c";"77,82";"BR-163/MS";"NORTE";"Tombamento";0;0;0;1;0;0;0;0;0;0;0;1;0;0;0
"31/01/2023";"13:47:00";"224";"Acidente c";"492,831";"BR-163/MS";"NORTE";"Capotamento";0;0;0;0;0;0;0;0;0;1;0;3;0;1;0
"31/01/2023";"16:59:00";"282";"Acidente c";"283,297";"BR-163/MS";"NORTE";"Colisão com veículos (traseira)";1;0;1;0;0;0;0;0;0;0;1;1;0;0;0
"31/01/2023";"19:23:00";"316";"Acidente s";"266,896";"BR-163/MS";"NORTE";"Colisão c/ obstáculos";0;0;0;0;0;0;0;0;0;1;1;0;0;0;0
"01/02/2023";"07:29:00";"87";"Acidente c";"480,556";"BR-163/MS";"NORTE";"Engavetamento";1;0;1;1;0;1;0;0;0;0;3;0;0;1;0
"01/02/2023";"10:05:00";"149";"Acidente s";"452,738";"BR-163/MS";"NORTE";"Colisão c/ obstáculos";1;0;0;0;0;0;0;0;0;0;3;0;0;0;0
"01/02/2023";"15:31:00";"269";"Acidente s";"39,739";"BR-163/MS";"NORTE";"Colisão lateral no mesmo sentido";0;0;0;0;0;1;0;0;0;1;2;0;0;0;0
"01/02/2023";"15:51:00";"278";"Acidente s";"149,88";"BR-163/MS";"NORTE";"Saídas de pista";1;0;0;0;0;0;0;0;0;0;1;0;0;0;0
"01/02/2023";"16:21:00";"289";"Acidente s";"461,124";"BR-163/MS";"SUL";"Colisão lateral no sentido contrário";1;0;0;0;1;0;0;0;0;0;8;0;0;0;0
"01/02/2023";"17:47:00";"345";"Acidente c";"476,88";"BR-163/MS";"NORTE";"Tombamento de moto";0;0;0;1;0;0;0;0;0;0;0;1;0;0;0
"01/02/2023";"20:53:00";"403";"Acidente s";"219,5";"BR-163/MS";"NORTE";"Saídas de pista";0;0;0;0;0;0;0;0;0;1;2;0;0;0;0
"01/02/2023";"23:57:00";"420";"Acidente s";"238,594";"BR-163/MS";"NORTE";"Colisão c/ obstáculos";1;0;0;0;0;0;0;0;0;0;1;0;0;0;0
"02/02/2023";"01:42:00";"6";"Acidente s";"411,617";"BR-163/MS";"NORTE";"Saídas de pista";0;0;1;0;0;2;0;0;0;0;3;0;0;0;0
"02/02/2023";"07:57:00";"73";"Acidente c";"87,598";"BR-163/MS";"NORTE";"Tombamento";0;0;1;0;0;0;0;0;0;0;0;1;0;0;0
"02/02/2023";"08:36:00";"89";"Acidente s";"475,943";"BR-163/MS";"SUL";"Colisão com veículos (traseira)";1;0;1;0;0;0;0;0;0;0;2;0;0;0;0
"02/02/2023";"09:05:00";"107";"Acidente c";"575,377";"BR-163/MS";"SUL";"Colisão com veículos (traseira)";0;0;1;0;0;0;0;0;0;1;2;1;0;0;0
"02/02/2023";"13:07:00";"203";"Acidente s";"218,812";"BR-163/MS";"NORTE";"Colisão lateral no mesmo sentido";0;0;1;0;0;1;0;0;0;0;2;0;0;0;0
"02/02/2023";"16:49:00";"258";"Acidente s";"341,895";"BR-163/MS";"NORTE";"Colisão com veículos (traseira)";1;0;0;0;0;1;0;0;0;0;3;0;0;0;0
"02/02/2023";"19:14:00";"303";"Acidente s";"278,763";"BR-163/MS";"SUL";"Colisão c/ obstáculos";0;0;0;0;0;0;0;0;0;1;1;0;0;0;0
"02/02/2023";"20:22:00";"325";"Acidente s";"825,543";"BR-163/MS";"NORTE";"Atropelamento de animais";1;0;0;0;0;0;0;0;0;0;3;0;0;0;0
"03/02/2023";"05:20:00";"19";"Acidente s";"207,62";"BR-163/MS";"NORTE";"Saídas de pista";0;0;1;0;0;0;0;0;0;0;1;0;0;0;0
"03/02/2023";"14:34:00";"224";"Atropelame";"492,148";"BR-163/MS";"SUL";"Atropelamento de pedestre";0;0;0;0;0;1;0;0;0;0;1;1;0;0;0
"03/02/2023";"18:52:00";"303";"Acidente s";"382,817";"BR-163/MS";"NORTE";"Saídas de pista";0;0;0;0;0;0;0;0;0;1;5;0;0;0;0
"03/02/2023";"20:58:00";"347";"Acidente c";"266,897";"BR-163/MS";"SUL";"Tombamento de moto";0;0;0;1;0;0;0;0;0;0;0;1;0;0;0
"04/02/2023";"15:45:00";"253";"Acidente c";"489,697";"BR-163/MS";"SUL";"Tombamento de moto";0;0;0;1;0;0;0;0;0;0;0;2;0;0;0
"04/02/2023";"18:57:00";"310";"Acidente s";"31,1";"BR-163/MS";"SUL";"Atropelamento de animais";1;0;0;0;0;0;0;0;0;0;3;0;0;0;0
"04/02/2023";"19:24:00";"314";"Acidente s";"586,336";"BR-163/MS";"NORTE";"Colisão c/ obstáculos";1;0;0;0;0;0;0;0;0;0;1;0;0;0;0
"04/02/2023";"23:25:00";"361";"Acidente c";"529,113";"BR-163/MS";"SUL";"Tombamento de moto";0;0;0;1;0;0;0;0;0;0;0;1;0;0;0
"05/02/2023";"02:49:00";"13";"Acidente s";"466";"BR-163/MS";"NORTE";"Tombamento de moto";3;0;0;1;0;0;0;0;0;0;4;0;0;0;0
"06/02/2023";"11:44:00";"200";"Acidente c";"342,162";"BR-163/MS";"SUL";"Colisão com veículos (traseira)";2;0;0;0;0;0;0;0;0;0;2;1;0;0;0
"06/02/2023";"18:02:00";"328";"Acidente s";"37";"BR-163/MS";"NORTE";"Engavetamento";1;0;2;0;0;0;0;0;0;0;3;0;0;0;0
"07/02/2023";"10:27:00";"150";"Acidente s";"609,98";"BR-163/MS";"NORTE";"Tombamento";0;0;1;0;0;1;0;0;0;0;2;0;0;0;0
"07/02/2023";"10:43:00";"158";"Acidente s";"206,684";"BR-163/MS";"NORTE";"Capotamento";0;0;0;0;0;0;0;0;0;1;2;0;0;0;0
"07/02/2023";"15:39:00";"237";"Acidente c";"734,603";"BR-163/MS";"SUL";"Colisão com veículos (traseira)";1;0;1;0;0;1;0;0;0;0;3;1;0;0;0
"07/02/2023";"15:51:00";"238";"Acidente c";"757,39";"BR-163/MS";"NORTE";"Outros";0;0;0;0;0;0;0;0;0;1;1;2;0;0;0
"08/02/2023";"00:01:00";"1";"Acidente s";"502,208";"BR-163/MS";"NORTE";"Tombamento";0;0;1;0;0;1;0;0;0;0;3;0;0;0;0
"09/02/2023";"04:57:00";"30";"Acidente s";"732,203";"BR-163/MS";"SUL";"Saídas de pista";0;0;1;0;0;0;0;0;0;0;1;0;0;0;0
"09/02/2023";"08:36:00";"113";"Acidente s";"254,692";"BR-163/MS";"NORTE";"Engavetamento";1;0;0;0;0;2;0;0;0;0;5;0;0;0;0
"09/02/2023";"13:45:00";"210";"Acidente s";"661,186";"BR-163/MS";"NORTE";"Saídas de pista";0;0;1;0;0;0;0;0;0;0;1;0;0;0;0
"10/02/2023";"10:34:00";"153";"Acidente s";"351,9";"BR-163/MS";"SUL";"Saídas de pista";0;0;1;0;0;0;0;0;0;0;1;0;0;0;0
"10/02/2023";"18:24:00";"253";"Acidente s";"49,255";"BR-163/MS";"NORTE";"Saídas de pista";1;0;0;0;0;0;0;0;0;0;2;0;0;0;0
"11/02/2023";"02:57:00";"8";"Acidente s";"270,9";"BR-163/MS";"SUL";"Saídas de pista";1;0;0;0;0;0;0;0;0;0;1;0;0;0;0
"11/02/2023";"04:48:00";"13";"Acidente c";"20,263";"BR-163/MS";"SUL";"Tombamento de moto";0;0;0;1;0;0;0;0;0;0;0;1;0;0;0
"11/02/2023";"09:25:00";"113";"Acidente s";"461,577";"BR-163/MS";"SUL";"Tombamento de moto";0;0;0;1;0;0;0;0;0;0;1;0;0;0;0
"11/02/2023";"11:11:00";"139";"Acidente s";"237,456";"BR-163/MS";"SUL";"Colisão lateral no mesmo sentido";1;0;1;0;0;2;0;0;0;0;5;0;0;0;0
"11/02/2023";"19:35:00";"281";"Acidente s";"51,8";"BR-163/MS";"NORTE";"Saídas de pista";1;0;0;0;0;0;0;0;0;0;3;0;0;0;0
"11/02/2023";"19:42:00";"282";"Acidente s";"76,5";"BR-163/MS";"NORTE";"Colisão lateral no mesmo sentido";1;0;1;0;0;1;0;0;0;0;4;0;0;0;0
"12/02/2023";"15:13:00";"197";"Acidente c";"710,938";"BR-163/MS";"NORTE";"Colisão c/ obstáculos";0;0;1;0;0;0;0;0;0;0;0;1;0;0;0
"12/02/2023";"15:30:00";"202";"Acidente s";"587,771";"BR-163/MS";"NORTE";"Saídas de pista";1;0;1;0;0;1;0;0;0;0;6;0;0;0;0
"12/02/2023";"18:55:00";"237";"Acidente c";"479,277";"BR-163/MS";"NORTE";"Colisão com veículos (traseira)";1;0;0;1;0;0;0;0;0;0;5;1;0;0;0
"12/02/2023";"23:15:00";"292";"Acidente c";"78,322";"BR-163/MS";"SUL";"Colisão c/ obstáculos";0;0;0;1;0;0;0;0;0;0;0;0;0;1;0
"13/02/2023";"07:40:00";"68";"Acidente c";"267,405";"BR-163/MS";"SUL";"Engavetamento";4;0;0;0;0;0;0;0;0;0;5;1;0;0;0
"13/02/2023";"19:14:00";"302";"Acidente c";"9,314";"BR-163/MS";"SUL";"Colisão lateral no sentido contrário";0;0;0;2;0;0;0;0;0;0;0;2;0;0;0
"13/02/2023";"19:20:00";"303";"Acidente c";"615,649";"BR-163/MS";"SUL";"Colisão lateral no sentido contrário";1;0;1;0;0;2;0;0;0;0;4;1;0;0;0
"14/02/2023";"01:23:00";"7";"Acidente c";"329,422";"BR-163/MS";"SUL";"Colisão lateral no sentido contrário";0;0;2;0;0;1;0;0;0;0;4;0;0;0;1
"14/02/2023";"06:11:00";"25";"Acidente s";"388,61";"BR-163/MS";"NORTE";"Tombamento";0;0;2;0;0;2;0;0;0;0;5;0;0;0;0
"14/02/2023";"12:47:00";"170";"Acidente c";"193,331";"BR-163/MS";"NORTE";"Colisão lateral no sentido contrário";1;0;0;0;0;0;0;0;0;1;2;3;0;0;0
"14/02/2023";"17:18:00";"223";"Acidente s";"466,322";"BR-163/MS";"SUL";"Capotamento";0;0;1;0;0;1;0;0;0;0;2;0;0;0;0
"14/02/2023";"19:26:00";"255";"Acidente s";"503,107";"BR-163/MS";"SUL";"Atropelamento de animais";1;0;0;0;0;0;0;0;0;0;4;0;0;0;0
"14/02/2023";"19:45:00";"260";"Acidente s";"658,978";"BR-163/MS";"SUL";"Atropelamento de animais";0;0;0;0;0;0;0;0;0;1;1;0;0;0;0
"15/02/2023";"04:30:00";"15";"Acidente s";"131,75";"BR-163/MS";"NORTE";"Colisão lateral no mesmo sentido";1;0;1;0;0;1;0;0;0;0;6;0;0;0;0
"15/02/2023";"13:40:00";"188";"Acidente s";"548,128";"BR-163/MS";"SUL";"Colisão com veículos (traseira)";1;0;0;0;0;1;0;0;0;0;2;0;0;0;0
"15/02/2023";"17:12:00";"243";"Acidente s";"393,591";"BR-163/MS";"SUL";"Colisão com veículos (traseira)";0;0;2;0;0;4;0;0;0;0;6;0;0;0;0
"15/02/2023";"17:17:00";"245";"Acidente s";"547,679";"BR-163/MS";"NORTE";"Colisão com veículos (traseira)";1;0;0;0;0;0;0;0;0;1;3;0;0;0;0
"16/02/2023";"01:56:00";"12";"Acidente c";"74,554";"BR-163/MS";"SUL";"Colisão lateral no mesmo sentido";0;0;0;2;0;0;0;0;0;1;1;1;1;1;0
"16/02/2023";"05:08:00";"18";"Acidente s";"504,595";"BR-163/MS";"NORTE";"Atropelamento de animais";0;0;0;0;0;0;0;0;0;1;1;0;0;0;0
"16/02/2023";"09:08:00";"104";"Acidente s";"681,412";"BR-163/MS";"NORTE";"Colisão c/ obstáculos";0;0;1;1;0;0;0;0;1;0;3;0;0;0;0
"16/02/2023";"13:08:00";"180";"Acidente s";"159,1";"BR-163/MS";"SUL";"Capotamento";1;0;0;0;0;0;0;0;0;0;2;0;0;0;0
"16/02/2023";"16:01:00";"224";"Acidente s";"328,598";"BR-163/MS";"SUL";"Colisão com veículos (traseira)";0;0;0;0;0;0;0;0;0;1;1;0;0;0;0
"16/02/2023";"20:11:00";"297";"Acidente s";"615,46";"BR-163/MS";"NORTE";"Colisão c/ obstáculos";1;0;0;0;0;0;0;0;0;0;2;0;0;0;0
"16/02/2023";"21:28:00";"305";"Acidente s";"28,68";"BR-163/MS";"SUL";"Colisão c/ obstáculos";0;0;1;0;0;1;0;0;0;0;2;0;0;0;0
"16/02/2023";"22:42:00";"309";"Acidente s";"55,137";"BR-163/MS";"SUL";"Saídas de pista";0;0;0;0;0;0;0;0;0;1;1;0;0;0;0
"17/02/2023";"13:38:00";"229";"Acidente s";"123,396";"BR-163/MS";"SUL";"Colisão lateral no sentido contrário";2;0;0;0;0;0;0;0;0;0;3;0;0;0;0
"17/02/2023";"16:48:00";"324";"Acidente c";"471,448";"BR-163/MS";"NORTE";"Colisão c/ obstáculos";0;0;1;1;0;0;0;0;0;0;1;1;0;0;0
"17/02/2023";"17:22:00";"336";"Acidente c";"487,428";"BR-163/MS";"SUL";"Colisão lateral no sentido contrário";1;0;0;1;0;0;0;0;0;0;1;1;0;0;0
"18/02/2023";"08:51:00";"109";"Acidente s";"425,56";"BR-163/MS";"NORTE";"Capotamento";0;0;0;0;0;0;0;0;0;1;0;1;0;0;0
"18/02/2023";"09:49:00";"134";"Acidente s";"5,4";"BR-163/MS";"NORTE";"Engavetamento";0;0;0;0;0;0;0;0;0;3;7;0;0;0;0
"18/02/2023";"16:18:00";"267";"Acidente c";"456,22";"BR-163/MS";"NORTE";"Tombamento de moto";0;0;0;1;0;0;0;0;0;0;1;0;1;0;0
"18/02/2023";"19:07:00";"323";"Acidente c";"734,5";"BR-163/MS";"NORTE";"Atropelamento de animais";1;0;0;0;0;0;0;0;0;0;0;1;0;0;0
"19/02/2023";"19:20:00";"223";"Acidente c";"486,291";"BR-163/MS";"NORTE";"Colisão com veículos (traseira)";2;0;0;0;0;0;0;0;0;0;5;1;0;0;0
"19/02/2023";"20:55:00";"234";"Acidente c";"437,43";"BR-163/MS";"NORTE";"Colisão lateral no mesmo sentido";1;0;1;0;0;1;0;0;0;0;2;0;0;0;1
"20/02/2023";"00:19:00";"1";"Acidente s";"503,174";"BR-163/MS";"NORTE";"Tombamento";0;0;1;0;0;1;0;0;0;0;2;0;0;0;0
"20/02/2023";"06:44:00";"31";"Acidente s";"254,139";"BR-163/MS";"SUL";"Colisão lateral no sentido contrário";0;0;2;0;0;2;0;0;0;0;4;0;0;0;0
"20/02/2023";"17:48:00";"215";"Acidente s";"565,387";"BR-163/MS";"NORTE";"Saídas de pista";0;0;1;0;0;1;0;0;0;0;2;0;0;0;0
"20/02/2023";"18:54:00";"229";"Acidente s";"300,952";"BR-163/MS";"NORTE";"Colisão c/ obstáculos";1;0;0;0;0;0;0;0;0;0;4;0;0;0;0
"20/02/2023";"22:02:00";"287";"Acidente s";"244,537";"BR-163/MS";"NORTE";"Colisão com veículos (traseira)";1;0;1;0;0;1;0;0;0;0;6;0;0;0;0
"20/02/2023";"22:33:00";"293";"Acidente s";"403,5";"BR-163/MS";"SUL";"Saídas de pista";0;0;1;0;0;0;0;0;0;0;2;0;0;0;0
"21/02/2023";"08:00:00";"86";"Acidente c";"687,469";"BR-163/MS";"NORTE";"Saídas de pista";1;0;0;0;0;0;0;0;0;0;0;1;0;0;0
"21/02/2023";"13:53:00";"219";"Acidente c";"270,608";"BR-163/MS";"SUL";"Tombamento";0;0;1;0;0;2;0;0;0;0;2;1;0;0;0
"21/02/2023";"17:38:00";"326";"Acidente s";"97";"BR-163/MS";"SUL";"Outros";0;0;0;0;0;1;0;0;0;0;1;0;0;0;0
"22/02/2023";"05:18:00";"32";"Acidente s";"502,18";"BR-163/MS";"NORTE";"Saídas de pista";0;0;1;0;0;0;0;0;0;0;2;0;0;0;0
"22/02/2023";"07:41:00";"87";"Acidente s";"6,1";"BR-163/MS";"SUL";"Colisão com veículos (traseira)";2;0;0;0;0;0;0;0;0;0;2;0;0;0;0
"22/02/2023";"12:05:00";"236";"Acidente s";"500,55";"BR-163/MS";"SUL";"Colisão com veículos (traseira)";1;0;0;0;0;0;0;0;0;1;2;0;0;0;0
"22/02/2023";"14:24:00";"264";"Acidente s";"187,613";"BR-163/MS";"NORTE";"Capotamento";0;0;0;0;0;0;0;0;0;1;2;0;0;0;0
"23/02/2023";"03:01:00";"11";"Acidente s";"390,969";"BR-163/MS";"NORTE";"Atropelamento de animais";1;0;0;0;0;0;0;0;0;0;3;0;0;0;0
"23/02/2023";"14:25:00";"234";"Acidente s";"82,65";"BR-163/MS";"NORTE";"Colisão c/ obstáculos";0;0;0;0;0;0;0;0;0;1;2;0;0;0;0
"23/02/2023";"16:52:00";"272";"Acidente s";"485,459";"BR-163/MS";"SUL";"Colisão lateral no sentido contrário";1;0;1;0;0;2;0;0;0;0;4;0;0;0;0
"23/02/2023";"19:41:00";"319";"Acidente s";"28,9";"BR-163/MS";"SUL";"Colisão c/ obstáculos";0;0;0;0;0;0;0;0;0;1;1;0;0;0;0
"23/02/2023";"19:58:00";"324";"Acidente c";"158,974";"BR-163/MS";"SUL";"Capotamento";1;0;0;0;0;0;0;0;0;0;4;1;0;0;0
"23/02/2023";"21:09:00";"333";"Acidente s";"655,8";"BR-163/MS";"SUL";"Colisão c/ obstáculos";0;0;1;0;0;1;0;0;0;0;2;0;0;0;0
"23/02/2023";"21:46:00";"338";"Acidente s";"206,77";"BR-163/MS";"SUL";"Atropelamento de animais";0;0;0;0;0;0;0;0;0;1;2;0;0;0;0
"24/02/2023";"00:16:00";"3";"Acidente s";"540,516";"BR-163/MS";"SUL";"Atropelamento de animais";0;0;0;0;1;0;0;0;0;0;19;0;0;0;0
"24/02/2023";"02:13:00";"14";"Acidente c";"341,752";"BR-163/MS";"NORTE";"Colisão com veículos (traseira)";1;0;0;0;0;0;0;0;0;1;1;1;0;0;0
"24/02/2023";"07:45:00";"80";"Acidente s";"462,577";"BR-163/MS";"SUL";"Colisão com veículos (traseira)";0;0;3;0;0;4;0;0;0;0;7;0;0;0;0
"24/02/2023";"09:55:00";"139";"Acidente s";"494,513";"BR-163/MS";"SUL";"Capotamento";0;0;0;0;0;0;0;0;0;1;1;0;0;0;0
"24/02/2023";"16:40:00";"302";"Acidente c";"837,523";"BR-163/MS";"NORTE";"Colisão lateral no mesmo sentido";1;0;0;0;0;0;0;0;0;1;4;1;0;0;0
"24/02/2023";"16:43:00";"305";"Acidente s";"486,467";"BR-163/MS";"SUL";"Colisão lateral no mesmo sentido";1;0;1;0;0;0;0;0;0;0;2;0;0;0;0
"24/02/2023";"16:47:00";"307";"Acidente s";"475";"BR-163/MS";"NORTE";"Outros";1;0;0;0;0;0;0;0;0;0;1;0;0;0;0
"24/02/2023";"19:17:00";"360";"Acidente s";"477,674";"BR-163/MS";"SUL";"Tombamento de moto";1;0;0;1;0;0;0;0;0;0;2;0;0;0;0
"25/02/2023";"11:54:00";"239";"Acidente s";"479,115";"BR-163/MS";"SUL";"Colisão lateral no sentido contrário";3;0;0;0;0;0;0;0;0;0;6;0;0;0;0
"25/02/2023";"16:30:00";"323";"Acidente s";"723,165";"BR-163/MS";"NORTE";"Saídas de pista";0;0;0;0;0;0;0;0;0;1;1;0;0;0;0
"25/02/2023";"17:24:00";"344";"Acidente c";"392,148";"BR-163/MS";"SUL";"Colisão lateral no mesmo sentido";0;0;1;1;0;1;0;0;0;0;2;0;1;0;0
"25/02/2023";"22:17:00";"433";"Acidente s";"6,366";"BR-163/MS";"NORTE";"Capotamento";1;0;0;0;0;0;0;0;0;0;2;0;0;0;0
"26/02/2023";"14:05:00";"211";"Acidente c";"249,629";"BR-163/MS";"NORTE";"Capotamento";1;0;0;0;0;0;0;0;0;0;0;1;0;0;0
"26/02/2023";"16:40:00";"264";"Acidente c";"533,824";"BR-163/MS";"SUL";"Colisão com veículos (traseira)";1;0;1;0;0;1;0;0;0;0;4;2;0;0;0
"27/02/2023";"06:12:00";"62";"Acidente s";"587,529";"BR-163/MS";"NORTE";"Capotamento";1;0;0;0;0;0;0;0;0;0;1;0;0;0;0
"27/02/2023";"09:50:00";"175";"Acidente c";"479,764";"BR-163/MS";"SUL";"Tombamento de moto";0;0;0;1;0;0;0;0;0;0;0;1;0;0;0
"27/02/2023";"18:00:00";"415";"Acidente s";"32,327";"BR-163/MS";"NORTE";"Colisão c/ obstáculos";1;0;0;0;0;0;0;0;0;0;2;0;0;0;0
"27/02/2023";"20:44:00";"442";"Acidente c";"264,173";"BR-163/MS";"NORTE";"Tombamento de moto";0;0;0;1;0;0;0;0;0;0;0;2;0;0;0
"28/02/2023";"17:53:00";"338";"Acidente c";"18,2";"BR-163/MS";"SUL";"Colisão lateral no mesmo sentido";1;0;0;1;0;0;0;0;0;0;1;1;0;0;0
"01/03/2023";"07:09:00";"34";"Acidente c";"485,159";"BR-163/MS";"NORTE";"Colisão com veículos (traseira)";0;0;0;2;0;0;0;0;0;0;1;0;1;0;0
"01/03/2023";"08:32:00";"74";"Acidente c";"376,122";"BR-163/MS";"SUL";"Colisão com veículos (traseira)";0;0;2;0;0;0;0;0;0;0;1;1;0;0;0
"01/03/2023";"09:08:00";"113";"Acidente c";"225,42";"BR-163/MS";"SUL";"Colisão lateral no mesmo sentido";0;0;1;0;0;0;0;0;0;1;2;1;0;0;0
"01/03/2023";"10:04:00";"151";"Acidente s";"215,897";"BR-163/MS";"NORTE";"Colisão com veículos (traseira)";0;0;0;0;0;0;0;0;0;2;3;0;0;0;0
"01/03/2023";"13:00:00";"205";"Acidente s";"510,426";"BR-163/MS";"NORTE";"Saídas de pista";0;0;1;0;0;0;0;0;0;0;1;0;0;0;0
"01/03/2023";"14:50:00";"239";"Acidente c";"484,408";"BR-163/MS";"NORTE";"Colisão lateral no sentido contrário";0;0;2;0;0;1;0;0;0;0;2;0;0;1;0
"01/03/2023";"17:33:00";"285";"Acidente s";"528,227";"BR-163/MS";"NORTE";"Colisão lateral no sentido contrário";2;0;0;0;0;0;0;0;0;0;4;0;0;0;0
"01/03/2023";"22:32:00";"352";"Acidente s";"155,391";"BR-163/MS";"NORTE";"Atropelamento de animais";1;0;0;0;0;0;0;0;0;0;3;0;0;0;0
"02/03/2023";"08:42:00";"94";"Acidente s";"323,141";"BR-163/MS";"NORTE";"Tombamento";0;0;1;0;0;2;0;0;0;0;3;0;0;0;0
"02/03/2023";"10:53:00";"202";"Acidente s";"28,555";"BR-163/MS";"NORTE";"Colisão com veículos (traseira)";1;0;1;0;0;1;0;0;0;0;4;0;0;0;0
"02/03/2023";"20:51:00";"388";"Acidente s";"754,8";"BR-163/MS";"NORTE";"Atropelamento de animais";0;0;0;0;0;0;0;0;0;1;2;0;0;0;0
"02/03/2023";"22:07:00";"401";"Acidente c";"397,792";"BR-163/MS";"SUL";"Colisão c/ obstáculos";1;0;0;0;0;0;0;0;0;0;0;1;0;0;0
"03/03/2023";"06:56:00";"57";"Acidente s";"379,874";"BR-163/MS";"SUL";"Engavetamento";0;0;3;0;0;3;0;0;0;0;6;0;0;0;0
"03/03/2023";"21:03:00";"460";"Acidente c";"232,937";"BR-163/MS";"NORTE";"Colisão com veículos (traseira)";0;0;0;0;0;0;0;0;0;2;0;3;0;0;0
"03/03/2023";"22:43:00";"497";"Acidente s";"309,5";"BR-163/MS";"SUL";"Atropelamento de animais";0;0;0;0;0;0;0;0;0;1;2;0;0;0;0
"04/03/2023";"00:38:00";"5";"Acidente s";"655,603";"BR-163/MS";"SUL";"Colisão c/ obstáculos";0;0;2;0;0;1;0;0;0;0;3;0;0;0;0
"05/03/2023";"10:20:00";"115";"Acidente c";"270,524";"BR-163/MS";"SUL";"Colisão lateral no mesmo sentido";0;0;0;1;0;0;0;0;0;1;1;6;1;0;0
"05/03/2023";"15:25:00";"195";"Acidente c";"262,588";"BR-163/MS";"SUL";"Tombamento de moto";0;0;0;1;0;0;0;0;0;0;1;0;0;0;0
"05/03/2023";"18:29:00";"243";"Acidente s";"111,7";"BR-163/MS";"NORTE";"Colisão com veículos (traseira)";0;0;2;0;0;1;0;0;0;0;3;0;0;0;0
"05/03/2023";"20:18:00";"295";"Acidente s";"661,117";"BR-163/MS";"NORTE";"Tombamento";0;0;0;0;0;1;0;0;0;1;5;0;0;0;0
"06/03/2023";"02:11:00";"9";"Acidente s";"290,1";"BR-163/MS";"NORTE";"Saídas de pista";1;0;0;0;0;0;0;0;0;0;1;0;0;0;0
"06/03/2023";"18:44:00";"297";"Acidente s";"495,4";"BR-163/MS";"NORTE";"Saídas de pista";1;0;0;0;0;0;0;0;0;0;2;0;0;0;0
"07/03/2023";"12:35:00";"220";"Acidente s";"113,253";"BR-163/MS";"NORTE";"Colisão com veículos (traseira)";0;0;2;0;0;1;0;0;0;0;4;0;0;0;0
"07/03/2023";"23:03:00";"370";"Acidente s";"153,644";"BR-163/MS";"SUL";"Tombamento";0;0;1;0;0;2;0;0;0;0;3;0;0;0;0