data;horario;n_da_ocorrencia;tipo_de_ocorrencia;km;trecho;sentido;tipo_de_acidente;automovel;bicicleta;caminhao;moto;onibus;outros;tracao_animal;transporte_de_cargas_especiais;trator_maquinas;utilitarios;ilesos;levemente_feridos;moderadamente_feridos;gravemente_feridos;mortos
"08/03/2023";"04:41:00";"38";"Acidente c";"449,285";"BR-163/MS";"NORTE";"Colisão lateral no mesmo sentido";1;0;1;0;0;2;0;0;0;0;6;1;0;0;0
"08/03/2023";"13:37:00";"274";"Acidente s";"613,436";"BR-163/MS";"NORTE";"Saídas de pista";1;0;0;0;0;0;0;0;0;0;2;0;0;0;0
"09/03/2023";"00:13:00";"1";"Acidente s";"294,117";"BR-163/MS";"SUL";"Colisão c/ obstáculos";0;0;0;0;0;1;0;0;0;1;2;0;0;0;0
"09/03/2023";"01:36:00";"9";"Acidente s";"771,852";"BR-163/MS";"SUL";"Atropelamento de animais";1;0;0;0;0;0;0;0;0;0;1;0;0;0;0
"09/03/2023";"16:43:00";"295";"Acidente s";"559,117";"BR-163/MS";"SUL";"Tombamento";0;0;1;0;0;1;0;0;0;0;2;0;0;0;0
"10/03/2023";"07:52:00";"92";"Acidente c";"98,428";"BR-163/MS";"SUL";"Capotamento";0;0;0;0;0;0;0;0;0;1;1;1;0;0;0
"10/03/2023";"11:21:00";"205";"Acidente s";"637,74";"BR-163/MS";"SUL";"Colisão lateral no mesmo sentido";0;0;1;0;0;2;0;0;0;1;4;0;0;0;0
"10/03/2023";"20:22:00";"386";"Acidente c";"500,881";"BR-163/MS";"SUL";"Colisão com veículos (frontal)";1;0;0;0;0;0;0;0;0;1;0;0;1;1;4
"10/03/2023";"21:24:00";"393";"Acidente s";"413,321";"BR-163/MS";"NORTE";"Atropelamento de animais";1;0;0;0;0;0;0;0;0;0;3;0;0;0;0
"10/03/2023";"21:53:00";"397";"Acidente s";"704";"BR-163/MS";"NORTE";"Atropelamento de animais";0;0;0;0;0;0;0;0;0;1;3;0;0;0;0
"10/03/2023";"22:15:00";"398";"Acidente s";"493";"BR-163/MS";"SUL";"Tombamento de moto";0;0;0;1;0;0;0;0;0;0;1;0;0;0;0
"11/03/2023";"08:21:00";"74";"Acidente s";"448,242";"BR-163/MS";"SUL";"Colisão lateral no sentido contrário";0;0;1;0;0;0;0;0;0;1;4;0;0;0;0
"11/03/2023";"10:28:00";"150";"Acidente c";"603,41";"BR-163/MS";"NORTE";"Saídas de pista";0;0;0;0;0;0;0;0;0;1;1;1;0;0;0
"11/03/2023";"12:56:00";"204";"Acidente c";"512,248";"BR-163/MS";"NORTE";"Capotamento";1;0;0;0;0;0;0;0;0;0;1;1;0;0;0
"11/03/2023";"18:17:00";"302";"Acidente s";"535,163";"BR-163/MS";"SUL";"Saídas de pista";1;0;0;0;0;0;0;0;0;0;1;0;0;0;0
"11/03/2023";"19:51:00";"362";"Acidente s";"528,174";"BR-163/MS";"NORTE";"Colisão com veículos (traseira)";1;0;1;0;0;0;0;0;0;0;4;0;0;0;0
"11/03/2023";"23:15:00";"402";"Acidente c";"562,339";"BR-163/MS";"NORTE";"Tombamento de moto";0;0;0;1;0;0;0;0;0;0;0;1;0;0;0
"12/03/2023";"00:19:00";"3";"Acidente s";"388,401";"BR-163/MS";"NORTE";"Atropelamento de animais";0;0;1;0;0;1;0;0;0;0;2;0;0;0;0
"12/03/2023";"01:48:00";"7";"Acidente s";"672,529";"BR-163/MS";"SUL";"Atropelamento de animais";0;0;1;0;0;1;0;0;0;0;2;0;0;0;0
"12/03/2023";"13:42:00";"165";"Acidente s";"784,454";"BR-163/MS";"NORTE";"Saídas de pista";0;0;0;0;0;0;0;0;0;1;4;0;0;0;0
"13/03/2023";"10:33:00";"182";"Acidente s";"522,277";"BR-163/MS";"NORTE";"Saídas de pista";1;0;0;0;0;0;0;0;0;0;1;0;0;0;0
"13/03/2023";"14:57:00";"285";"Acidente c";"475,802";"BR-163/MS";"NORTE";"Colisão com veículos (traseira)";0;0;0;1;0;1;0;0;0;0;1;1;0;0;0
"15/03/2023";"22:16:00";"437";"Acidente s";"70,805";"BR-163/MS";"NORTE";"Atropelamento de animais";1;0;0;0;0;0;0;0;0;0;3;0;0;0;0
"16/03/2023";"07:18:00";"64";"Acidente c";"495,173";"BR-163/MS";"SUL";"Colisão lateral no mesmo sentido";0;0;1;0;0;2;0;0;0;1;3;1;0;0;0
"16/03/2023";"11:09:00";"195";"Acidente c";"499,723";"BR-163/MS";"NORTE";"Capotamento";0;0;0;0;0;0;0;0;0;1;3;0;1;0;0
"16/03/2023";"12:43:00";"231";"Acidente c";"680,862";"BR-163/MS";"SUL";"Atropelamento de pedestre";1;0;0;0;0;0;0;0;0;0;2;1;0;0;0
"16/03/2023";"12:48:00";"233";"Acidente c";"9,713";"BR-163/MS";"NORTE";"Colisão c/ obstáculos";0;0;0;1;0;0;0;0;0;0;0;0;1;0;0
"17/03/2023";"01:49:00";"6";"Acidente c";"206,625";"BR-163/MS";"SUL";"Tombamento de moto";0;0;0;1;0;0;0;0;0;0;0;0;1;0;0
"17/03/2023";"02:12:00";"8";"Acidente s";"135,966";"BR-163/MS";"SUL";"Saídas de pista";1;0;0;0;0;0;0;0;0;0;3;0;0;0;0
"17/03/2023";"14:20:00";"302";"Acidente s";"675,881";"BR-163/MS";"NORTE";"Colisão lateral no sentido contrário";0;0;2;0;0;2;0;0;0;0;4;0;0;0;0
"17/03/2023";"18:36:00";"380";"Acidente c";"486,247";"BR-163/MS";"NORTE";"Colisão com veículos (traseira)";0;1;0;1;0;0;0;0;0;0;1;0;1;0;0
"17/03/2023";"22:16:00";"429";"Acidente s";"383,472";"BR-163/MS";"NORTE";"Colisão lateral no sentido contrário";0;0;2;0;0;2;0;0;0;0;5;0;0;0;0
"18/03/2023";"00:03:00";"1";"Acidente s";"0,727";"BR-163/MS";"SUL";"Saídas de pista";0;0;0;0;0;0;0;0;0;1;2;0;0;0;0
"18/03/2023";"05:51:00";"33";"Acidente c";"113,228";"BR-163/MS";"SUL";"Colisão com veículos (traseira)";1;0;0;0;1;0;0;0;0;1;2;8;2;0;0
"18/03/2023";"12:29:00";"257";"Acidente s";"270,115";"BR-163/MS";"SUL";"Tombamento";0;0;1;0;0;0;0;0;0;0;1;0;0;0;0
"18/03/2023";"15:58:00";"331";"Acidente c";"487,865";"BR-163/MS";"NORTE";"Saídas de pista";0;0;0;0;0;0;0;0;0;1;0;0;0;2;0
"18/03/2023";"18:39:00";"377";"Acidente c";"330,25";"BR-163/MS";"NORTE";"Capotamento";1;0;0;0;0;0;0;0;0;0;0;3;0;0;0
"18/03/2023";"23:39:00";"449";"Acidente s";"151,169";"BR-163/MS";"NORTE";"Atropelamento de animais";1;0;0;0;0;0;0;0;0;0;3;0;0;0;0
"19/03/2023";"00:02:00";"1";"Acidente c";"783,332";"BR-163/MS";"SUL";"Colisão lateral no sentido contrário";0;0;1;0;0;2;0;0;0;1;3;0;1;0;0
"19/03/2023";"03:53:00";"20";"Acidente c";"237,5";"BR-163/MS";"NORTE";"Colisão c/ obstáculos";0;0;0;1;0;0;0;0;0;0;0;1;0;0;0
"19/03/2023";"08:08:00";"91";"Acidente s";"18,3";"BR-163/MS";"SUL";"Colisão lateral no sentido contrário";1;0;0;0;0;1;0;0;0;1;6;0;0;0;0
"19/03/2023";"14:00:00";"292";"Acidente s";"440,1";"BR-163/MS";"NORTE";"Saídas de pista";1;0;0;0;0;0;0;0;0;0;4;0;0;0;0
"19/03/2023";"15:46:00";"350";"Acidente c";"334,9";"BR-163/MS";"NORTE";"Colisão lateral no sentido contrário";1;0;1;0;0;2;0;0;0;0;3;0;1;0;0
"19/03/2023";"19:21:00";"451";"Acidente c";"496,601";"BR-163/MS";"NORTE";"Colisão c/ obstáculos";1;0;0;0;0;0;0;0;0;0;1;1;1;0;0
"20/03/2023";"06:57:00";"52";"Acidente c";"477,594";"BR-163/MS";"NORTE";"Colisão lateral no sentido contrário";1;0;0;1;0;0;0;0;0;0;1;2;0;0;0
"20/03/2023";"09:01:00";"136";"Acidente c";"482,79";"BR-163/MS";"SUL";"Saídas de pista";1;0;0;0;0;0;0;0;0;0;2;1;0;0;0
"20/03/2023";"14:59:00";"282";"Acidente c";"483,8";"BR-163/MS";"NORTE";"Tombamento de moto";0;0;0;1;0;0;0;0;0;0;0;2;0;0;0
"22/03/2023";"06:12:00";"45";"Acidente c";"492,297";"BR-163/MS";"NORTE";"Colisão lateral no sentido contrário";0;0;1;1;0;0;0;0;0;0;4;0;0;1;0
"22/03/2023";"08:42:00";"114";"Acidente c";"679,831";"BR-163/MS";"NORTE";"Colisão lateral no mesmo sentido";0;0;0;2;0;0;0;0;0;0;0;1;1;0;0
"22/03/2023";"09:06:00";"128";"Acidente c";"542,659";"BR-163/MS";"SUL";"Colisão com veículos (traseira)";2;0;0;0;0;0;0;0;0;0;1;0;2;0;0
"22/03/2023";"11:23:00";"188";"Acidente c";"36,819";"BR-163/MS";"NORTE";"Colisão com veículos (frontal)";0;0;2;0;0;2;0;0;0;0;2;0;0;0;3
"22/03/2023";"17:47:00";"264";"Acidente s";"421,623";"BR-163/MS";"NORTE";"Colisão lateral no sentido contrário";0;0;0;0;0;1;0;0;0;1;2;0;0;0;0
"22/03/2023";"20:17:00";"296";"Acidente s";"251,926";"BR-163/MS";"NORTE";"Colisão lateral no sentido contrário";1;0;1;0;0;1;0;0;0;0;3;0;0;0;0
"23/03/2023";"01:28:00";"10";"Acidente c";"506,329";"BR-163/MS";"SUL";"Capotamento";1;0;0;0;0;0;0;0;0;0;0;1;0;0;0
"23/03/2023";"04:05:00";"15";"Acidente c";"418,87";"BR-163/MS";"NORTE";"Atropelamento de animais";0;0;0;1;0;0;0;0;0;0;0;0;1;0;0
"23/03/2023";"07:02:00";"72";"Acidente c";"485,63";"BR-163/MS";"SUL";"Engavetamento";0;0;3;0;0;0;0;0;0;0;3;2;0;0;0
"23/03/2023";"18:39:00";"274";"Acidente s";"144,354";"BR-163/MS";"NORTE";"Saídas de pista";1;0;0;0;0;0;0;0;0;0;1;0;0;0;0
"23/03/2023";"22:30:00";"344";"Acidente c";"63,798";"BR-163/MS";"SUL";"Capotamento";1;0;0;0;0;0;0;0;0;0;0;0;1;0;0
"24/03/2023";"05:50:00";"20";"Acidente s";"6,439";"BR-163/MS";"SUL";"Saídas de pista";1;0;0;0;0;0;0;0;0;0;2;0;0;0;0
"24/03/2023";"06:53:00";"54";"Acidente s";"38,882";"BR-163/MS";"SUL";"Colisão com veículos (traseira)";1;0;0;1;0;0;0;0;0;0;2;0;0;0;0
"24/03/2023";"08:58:00";"124";"Acidente s";"612,563";"BR-163/MS";"NORTE";"Colisão com veículos (traseira)";1;0;1;0;0;0;0;0;0;0;3;0;0;0;0
"24/03/2023";"13:11:00";"188";"Acidente s";"245,296";"BR-163/MS";"SUL";"Engavetamento";0;0;1;0;0;0;0;0;0;2;7;0;0;0;0
"25/03/2023";"04:44:00";"19";"Acidente s";"561,417";"BR-163/MS";"NORTE";"Saídas de pista";0;0;1;0;0;0;0;0;0;0;1;0;0;0;0
"25/03/2023";"13:29:00";"238";"Acidente s";"290,68";"BR-163/MS";"NORTE";"Saídas de pista";1;0;0;0;0;0;0;0;0;0;1;0;0;0;0
"25/03/2023";"22:21:00";"388";"Acidente s";"264,694";"BR-163/MS";"NORTE";"Tombamento de moto";0;0;0;1;0;0;0;0;0;0;1;0;0;0;0
"26/03/2023";"02:54:00";"16";"Acidente c";"833,576";"BR-163/MS";"NORTE";"Colisão com veículos (frontal)";1;0;1;0;0;1;0;0;0;0;1;1;0;0;3
"26/03/2023";"09:48:00";"96";"Acidente s";"437,79";"BR-163/MS";"NORTE";"Saídas de pista";1;0;1;0;0;0;0;0;0;0;6;0;0;0;0
"26/03/2023";"18:45:00";"246";"Acidente c";"266,922";"BR-163/MS";"NORTE";"Colisão c/ obstáculos";0;0;0;1;0;0;0;0;0;0;0;0;1;0;0
"26/03/2023";"21:57:00";"295";"Atropelame";"461,694";"BR-163/MS";"NORTE";"Atropelamento de pedestre";0;0;0;1;0;0;0;0;0;0;1;0;0;1;0
"27/03/2023";"05:39:00";"26";"Acidente s";"502,205";"BR-163/MS";"SUL";"Saídas de pista";1;0;0;0;0;0;0;0;0;0;1;0;0;0;0
"27/03/2023";"19:24:00";"234";"Acidente s";"835,743";"BR-163/MS";"SUL";"Atropelamento de animais";1;0;0;0;0;0;0;0;0;0;1;0;0;0;0
"27/03/2023";"19:30:00";"238";"Acidente s";"206,684";"BR-163/MS";"NORTE";"Tombamento";0;0;1;0;0;1;0;0;0;0;2;0;0;0;0
"28/03/2023";"07:10:00";"77";"Acidente s";"78,2";"BR-163/MS";"NORTE";"Colisão lateral no mesmo sentido";0;1;0;1;0;0;0;0;0;0;3;0;0;0;0
"28/03/2023";"11:48:00";"211";"Acidente s";"827,105";"BR-163/MS";"NORTE";"Colisão c/ obstáculos";0;0;1;0;0;0;0;0;0;0;1;0;0;0;0
"28/03/2023";"18:03:00";"318";"Acidente c";"6,952";"BR-163/MS";"NORTE";"Colisão c/ obstáculos";1;0;0;0;0;0;0;0;0;0;1;0;2;0;0
"29/03/2023";"13:25:00";"219";"Acidente c";"507,921";"BR-163/MS";"NORTE";"Saídas de pista";0;0;0;0;0;0;0;0;0;1;0;0;0;1;0
"29/03/2023";"19:13:00";"304";"Acidente c";"484,396";"BR-163/MS";"NORTE";"Colisão lateral no mesmo sentido";1;0;0;0;0;0;0;0;0;1;2;0;1;0;0
"30/03/2023";"06:23:00";"29";"Acidente c";"661,401";"BR-163/MS";"SUL";"Saídas de pista";0;0;1;0;0;2;0;0;0;0;2;1;0;0;0
"30/03/2023";"14:54:00";"275";"Acidente s";"487,487";"BR-163/MS";"NORTE";"Colisão lateral no sentido contrário";2;0;0;0;0;0;0;0;0;0;3;0;0;0;0
"30/03/2023";"14:55:00";"276";"Acidente s";"7,719";"BR-163/MS";"SUL";"Tombamento de moto";0;0;0;1;0;0;0;0;0;0;1;0;0;0;0
"30/03/2023";"16:42:00";"301";"Acidente s";"77,51";"BR-163/MS";"NORTE";"Colisão com veículos (traseira)";1;0;0;0;0;0;0;0;0;1;2;0;0;0;0
"30/03/2023";"21:38:00";"383";"Acidente s";"163,834";"BR-163/MS";"NORTE";"Atropelamento de animais";0;0;0;0;0;0;0;0;0;1;1;0;0;0;0
"31/03/2023";"02:31:00";"18";"Acidente s";"261,409";"BR-163/MS";"NORTE";"Atropelamento de animais";0;0;0;0;0;0;0;0;0;1;1;0;0;0;0
"31/03/2023";"10:51:00";"144";"Acidente c";"87,863";"BR-163/MS";"SUL";"Tombamento de moto";0;0;0;1;0;0;0;0;0;0;0;1;1;0;0
"31/03/2023";"15:42:00";"238";"Acidente s";"508,981";"BR-163/MS";"NORTE";"Saídas de pista";1;0;0;0;0;0;0;0;0;0;3;0;0;0;0
"31/03/2023";"19:08:00";"286";"Acidente s";"498,805";"BR-163/MS";"SUL";"Atropelamento de animais";1;0;0;0;0;0;0;0;0;0;2;0;0;0;0
"31/03/2023";"20:34:00";"299";"Acidente s";"761,627";"BR-163/MS";"SUL";"Atropelamento de animais";0;0;0;0;0;0;0;0;0;1;2;0;0;0;0
"01/04/2023";"02:04:00";"6";"Acidente s";"470,79";"BR-163/MS";"SUL";"Tombamento";0;0;1;0;0;0;0;0;0;0;1;0;0;0;0
"01/04/2023";"06:44:00";"32";"Acidente c";"273,21";"BR-163/MS";"SUL";"Colisão c/ obstáculos";0;0;0;0;0;0;0;0;0;1;0;0;1;0;0
"01/04/2023";"09:17:00";"93";"Acidente c";"470,97";"BR-163/MS";"NORTE";"Colisão lateral no mesmo sentido";1;0;0;1;0;0;0;0;0;0;4;1;0;0;0
"01/04/2023";"10:26:00";"119";"Acidente s";"546,634";"BR-163/MS";"NORTE";"Engavetamento";0;0;1;0;0;2;0;0;0;2;9;0;0;0;0
"01/04/2023";"10:48:00";"122";"Acidente c";"2,2";"BR-163/MS";"NORTE";"Tombamento de moto";0;0;0;1;0;0;0;0;0;0;1;1;0;0;0
"01/04/2023";"11:16:00";"125";"Acidente c";"503,94";"BR-163/MS";"NORTE";"Capotamento";1;0;0;0;0;0;0;0;0;0;0;0;1;0;0
"01/04/2023";"12:58:00";"148";"Acidente s";"239,554";"BR-163/MS";"NORTE";"Colisão com veículos (traseira)";0;0;0;0;0;0;0;0;0;3;4;0;0;0;0
"01/04/2023";"17:07:00";"198";"Acidente s";"137,33";"BR-163/MS";"SUL";"Colisão lateral no sentido contrário";0;0;1;0;0;0;0;0;0;1;2;0;0;0;0
"01/04/2023";"21:36:00";"263";"Acidente s";"398,8";"BR-163/MS";"SUL";"Atropelamento de animais";1;0;0;0;0;0;0;0;0;0;1;0;0;0;0
"02/04/2023";"15:28:00";"207";"Acidente c";"473,524";"BR-163/MS";"NORTE";"Tombamento de moto";0;0;0;1;0;0;0;0;0;0;0;2;0;0;0
"02/04/2023";"16:24:00";"218";"Acidente s";"40,486";"BR-163/MS";"NORTE";"Tombamento de moto";0;0;0;1;0;0;0;0;0;0;1;0;0;0;0
"02/04/2023";"16:53:00";"223";"Acidente c";"837,457";"BR-163/MS";"NORTE";"Tombamento de moto";0;0;0;1;0;0;0;0;0;0;0;1;0;0;0
"02/04/2023";"18:29:00";"247";"Acidente c";"493,26";"BR-163/MS";"NORTE";"Tombamento de moto";0;0;0;1;0;0;0;0;0;0;0;1;0;0;0
"02/04/2023";"21:14:00";"291";"Acidente c";"225,6";"BR-163/MS";"SUL";"Colisão c/ obstáculos";1;0;0;0;0;0;0;0;0;0;2;1;0;0;0
"03/04/2023";"03:26:00";"18";"Acidente c";"813,962";"BR-163/MS";"NORTE";"Tombamento de moto";0;0;0;1;0;0;0;0;0;0;0;1;0;0;0
"03/04/2023";"13:41:00";"188";"Acidente c";"460,828";"BR-163/MS";"NORTE";"Tombamento de moto";0;0;0;1;0;0;0;0;0;0;0;2;0;0;0
"03/04/2023";"14:45:00";"217";"Acidente s";"265,702";"BR-163/MS";"NORTE";"Colisão com veículos (traseira)";1;0;0;0;0;0;0;0;0;2;3;0;0;0;0
"03/04/2023";"23:40:00";"332";"Acidente c";"103,716";"BR-163/MS";"SUL";"Tombamento de moto";0;0;0;1;0;0;0;0;0;0;0;1;0;0;0
"04/04/2023";"04:05:00";"18";"Acidente s";"308,899";"BR-163/MS";"NORTE";"Saídas de pista";0;0;1;0;0;0;0;0;0;0;1;0;0;0;0
"05/04/2023";"01:44:00";"11";"Acidente s";"237,569";"BR-163/MS";"SUL";"Atropelamento de animais";1;0;0;0;0;0;0;0;0;0;1;0;0;0;0
"05/04/2023";"07:00:00";"44";"Acidente c";"267,859";"BR-163/MS";"SUL";"Tombamento de moto";0;0;0;1;0;0;0;0;0;0;0;1;0;0;0
"05/04/2023";"11:12:00";"161";"Acidente s";"374,185";"BR-163/MS";"NORTE";"Tombamento de moto";0;0;0;1;0;0;0;0;0;0;1;0;0;0;0
"05/04/2023";"18:00:00";"277";"Acidente s";"333,591";"BR-163/MS";"SUL";"Saídas de pista";1;0;0;0;0;0;0;0;0;0;4;0;0;0;0
"05/04/2023";"18:35:00";"287";"Acidente s";"3,9";"BR-163/MS";"SUL";"Colisão com veículos (traseira)";1;0;0;0;0;0;0;0;0;1;6;0;0;0;0
"06/04/2023";"10:04:00";"131";"Acidente s";"548,421";"BR-163/MS";"NORTE";"Colisão lateral no sentido contrário";1;0;0;0;0;0;0;0;0;1;3;0;0;0;0
"06/04/2023";"18:26:00";"313";"Acidente s";"485,153";"BR-163/MS";"NORTE";"Colisão com veículos (traseira)";1;0;1;0;0;0;0;0;0;0;3;0;0;0;0
"06/04/2023";"21:08:00";"379";"Atropelame";"679,339";"BR-163/MS";"SUL";"Atropelamento de pedestre";1;0;0;0;0;0;0;0;0;0;1;0;0;1;0
"07/04/2023";"07:26:00";"89";"Acidente c";"716,485";"BR-163/MS";"NORTE";"Tombamento de moto";0;0;0;1;0;0;0;0;0;0;0;0;1;0;0
"07/04/2023";"15:40:00";"235";"Acidente c";"482,291";"BR-163/MS";"NORTE";"Colisão com veículos (frontal)";1;0;1;0;0;2;0;0;0;0;3;0;0;0;1
"07/04/2023";"23:20:00";"357";"Acidente s";"316,725";"BR-163/MS";"NORTE";"Colisão c/ obstáculos";1;0;0;0;0;0;0;0;0;0;1;0;0;0;0
"07/04/2023";"23:21:00";"358";"Acidente s";"668,481";"BR-163/MS";"SUL";"Tombamento";0;0;1;0;0;2;0;0;0;0;3;0;0;0;0
"08/04/2023";"00:01:00";"1";"Acidente c";"668,48";"BR-163/MS";"SUL";"Colisão c/ obstáculos";0;0;0;1;0;0;0;0;0;0;0;1;0;0;0
"08/04/2023";"06:42:00";"38";"Acidente s";"342,53";"BR-163/MS";"SUL";"Saídas de pista";1;0;0;0;0;0;0;0;0;0;4;0;0;0;0
"08/04/2023";"08:53:00";"107";"Acidente s";"40,45";"BR-163/MS";"SUL";"Colisão lateral no mesmo sentido";1;0;1;0;0;1;0;0;0;0;5;0;0;0;0
"08/04/2023";"18:20:00";"279";"Acidente s";"538,3";"BR-163/MS";"NORTE";"Atropelamento de animais";1;0;0;0;0;0;0;0;0;0;2;0;0;0;0
"08/04/2023";"19:36:00";"319";"Atropelame";"53,568";"BR-163/MS";"SUL";"Atropelamento de pedestre";0;0;0;0;0;1;0;0;0;0;1;1;0;0;0
"09/04/2023";"01:56:00";"12";"Acidente c";"348,256";"BR-163/MS";"SUL";"Capotamento";0;0;0;0;0;0;0;0;0;1;0;1;0;0;0
"09/04/2023";"02:01:00";"13";"Acidente s";"495,538";"BR-163/MS";"SUL";"Tombamento de moto";0;0;0;1;0;0;0;0;0;0;1;0;0;0;0
"09/04/2023";"17:00:00";"220";"Acidente s";"225,42";"BR-163/MS";"NORTE";"Engavetamento";3;0;0;0;0;0;0;0;0;1;13;0;0;0;0
"09/04/2023";"17:59:00";"237";"Acidente s";"272,84";"BR-163/MS";"SUL";"Colisão lateral no mesmo sentido";1;0;0;0;0;1;0;0;0;0;5;0;0;0;0
"10/04/2023";"00:34:00";"3";"Acidente s";"389,37";"BR-163/MS";"SUL";"Atropelamento de animais";0;0;0;0;0;0;0;0;0;1;2;0;0;0;0
"10/04/2023";"02:49:00";"22";"Acidente c";"417,445";"BR-163/MS";"NORTE";"Saídas de pista";0;0;1;0;0;1;0;0;0;0;1;1;0;0;0
"10/04/2023";"07:27:00";"55";"Acidente s";"475,726";"BR-163/MS";"NORTE";"Engavetamento";2;0;0;0;0;1;0;0;0;0;3;0;0;0;0
"10/04/2023";"08:59:00";"118";"Acidente s";"418";"BR-163/MS";"NORTE";"Outros";0;0;1;0;0;0;0;0;0;0;1;0;0;0;0
"10/04/2023";"09:47:00";"131";"Acidente c";"399";"BR-163/MS";"NORTE";"Colisão lateral no sentido contrário";0;0;0;0;0;0;0;0;0;2;3;1;0;0;0
"10/04/2023";"21:28:00";"305";"Acidente s";"238,251";"BR-163/MS";"SUL";"Atropelamento de animais";0;0;0;0;0;0;0;0;0;1;2;0;0;0;0
"11/04/2023";"03:41:00";"14";"Acidente s";"339,5";"BR-163/MS";"NORTE";"Atropelamento de animais";0;0;0;0;0;0;0;0;0;1;1;0;0;0;0
"11/04/2023";"18:37:00";"289";"Acidente c";"462,829";"BR-163/MS";"NORTE";"Colisão lateral no sentido contrário";1;0;0;1;0;0;0;0;0;0;2;0;1;0;0
"11/04/2023";"20:41:00";"325";"Acidente c";"481,909";"BR-163/MS";"NORTE";"Colisão com veículos (traseira)";0;0;2;0;0;1;0;0;0;0;3;0;1;0;0
"11/04/2023";"20:45:00";"326";"Acidente s";"586,86";"BR-163/MS";"SUL";"Atropelamento de animais";1;0;0;0;0;0;0;0;0;0;2;0;0;0;0
"11/04/2023";"21:25:00";"333";"Acidente s";"283,94";"BR-163/MS";"SUL";"Tombamento";0;0;2;0;0;4;0;0;0;0;6;0;0;0;0
"12/04/2023";"09:46:00";"154";"Acidente s";"155,668";"BR-163/MS";"SUL";"Tombamento";0;0;1;0;0;0;0;0;0;0;2;0;0;0;0
"12/04/2023";"18:46:00";"351";"Acidente c";"479,242";"BR-163/MS";"SUL";"Tombamento de moto";0;0;0;1;0;0;0;0;0;0;0;0;1;0;0
"13/04/2023";"07:10:00";"40";"Acidente s";"477,725";"BR-163/MS";"NORTE";"Colisão com veículos (traseira)";0;0;2;0;0;3;0;0;0;0;5;0;0;0;0
"13/04/2023";"15:47:00";"253";"Acidente c";"114,68";"BR-163/MS";"SUL";"Colisão com veículos (traseira)";1;0;0;0;0;0;0;0;0;1;3;1;0;0;0
"13/04/2023";"16:37:00";"268";"Acidente s";"136,919";"BR-163/MS";"SUL";"Saídas de pista";1;0;0;0;0;0;0;0;0;0;1;0;0;0;0
"13/04/2023";"22:18:00";"348";"Acidente c";"266,989";"BR-163/MS";"NORTE";"Tombamento de moto";0;0;0;1;0;0;0;0;0;0;0;1;0;0;0
"14/04/2023";"05:35:00";"19";"Acidente c";"609,693";"BR-163/MS";"SUL";"Tombamento de moto";0;0;0;1;0;1;0;0;0;0;2;1;0;0;0
"14/04/2023";"11:14:00";"167";"Acidente c";"680,893";"BR-163/MS";"NORTE";"Colisão lateral no sentido contrário";0;1;0;1;0;0;0;0;0;0;3;1;0;0;0
"14/04/2023";"12:10:00";"181";"Acidente s";"401,575";"BR-163/MS";"SUL";"Colisão com veículos (traseira)";1;0;0;0;0;0;0;0;0;1;3;0;0;0;0
"14/04/2023";"12:27:00";"184";"Acidente c";"253,257";"BR-163/MS";"NORTE";"Tombamento de moto";0;0;0;1;0;0;0;0;0;0;0;0;1;0;0
"14/04/2023";"22:39:00";"374";"Acidente c";"16,569";"BR-163/MS";"SUL";"Tombamento de moto";0;0;0;1;0;0;0;0;0;0;0;1;0;0;0
"15/04/2023";"03:04:00";"14";"Acidente s";"452,116";"BR-163/MS";"SUL";"Atropelamento de animais";1;0;0;0;0;0;0;0;0;0;1;0;0;0;0
"15/04/2023";"04:32:00";"19";"Acidente c";"500,11";"BR-163/MS";"NORTE";"Capotamento";1;0;0;0;0;0;0;0;0;0;0;1;0;0;0
"16/04/2023";"00:13:00";"2";"Acidente s";"436,134";"BR-163/MS";"NORTE";"Atropelamento de animais";0;0;0;0;0;0;0;0;0;1;2;0;0;0;0
"16/04/2023";"03:33:00";"16";"Acidente s";"626,196";"BR-163/MS";"SUL";"Colisão c/ obstáculos";1;0;0;0;0;0;0;0;0;0;1;0;0;0;0
"16/04/2023";"07:59:00";"72";"Acidente s";"4,5";"BR-163/MS";"NORTE";"Colisão com veículos (traseira)";1;0;0;0;0;0;0;0;0;1;6;0;0;0;0
"16/04/2023";"12:30:00";"143";"Acidente c";"643,771";"BR-163/MS";"NORTE";"Capotamento";0;0;0;0;0;0;0;0;0;1;0;3;0;0;0
"16/04/2023";"18:43:00";"242";"Acidente c";"529,137";"BR-163/MS";"NORTE";"Colisão c/ obstáculos";0;0;0;0;0;0;0;0;0;1;1;1;0;0;0
"16/04/2023";"19:45:00";"276";"Acidente s";"495,309";"BR-163/MS";"SUL";"Colisão c/ obstáculos";1;0;0;0;0;0;0;0;0;0;2;0;0;0;0
"16/04/2023";"20:13:00";"278";"Acidente s";"559,8";"BR-163/MS";"NORTE";"Saídas de pista";0;0;0;0;0;0;0;0;0;1;2;0;0;0;0
"16/04/2023";"23:01:00";"288";"Acidente s";"262,579";"BR-163/MS";"SUL";"Colisão c/ obstáculos";0;0;0;0;0;0;0;0;0;1;1;0;0;0;0
"16/04/2023";"23:39:00";"289";"Acidente s";"677,24";"BR-163/MS";"NORTE";"Tombamento";0;0;1;0;0;1;0;0;0;0;2;0;0;0;0