data;horario;n_da_ocorrencia;tipo_de_ocorrencia;km;trecho;sentido;tipo_de_acidente;automovel;bicicleta;caminhao;moto;onibus;outros;tracao_animal;transporte_de_cargas_especiais;trator_maquinas;utilitarios;ilesos;levemente_feridos;moderadamente_feridos;gravemente_feridos;mortos
"17/04/2023";"09:18:00";"123";"Acidente c";"18,3";"BR-163/MS";"NORTE";"Tombamento de moto";0;0;0;1;0;1;0;0;0;0;1;1;0;0;0
"17/04/2023";"12:17:00";"199";"Acidente s";"578,585";"BR-163/MS";"NORTE";"Saídas de pista";1;0;0;0;0;0;0;0;0;0;1;0;0;0;0
"17/04/2023";"13:55:00";"214";"Acidente s";"753,1";"BR-163/MS";"NORTE";"Colisão com veículos (traseira)";1;0;1;0;0;0;0;0;0;0;3;0;0;0;0
"17/04/2023";"14:00:00";"215";"Atropelame";"475,101";"BR-163/MS";"NORTE";"Atropelamento de pedestre";0;0;1;0;0;2;0;0;0;0;3;0;0;0;1
"17/04/2023";"17:42:00";"263";"Acidente c";"548,332";"BR-163/MS";"SUL";"Tombamento de moto";0;0;0;1;0;0;0;0;0;0;0;1;0;0;0
"17/04/2023";"17:49:00";"265";"Acidente s";"260,699";"BR-163/MS";"NORTE";"Saídas de pista";1;0;0;0;0;0;0;0;0;0;1;0;0;0;0
"17/04/2023";"18:57:00";"275";"Acidente c";"256";"BR-163/MS";"SUL";"Colisão c/ obstáculos";1;0;0;0;0;1;0;0;0;0;1;1;0;0;0
"17/04/2023";"20:23:00";"315";"Acidente c";"615,651";"BR-163/MS";"SUL";"Colisão lateral no sentido contrário";1;0;0;1;0;0;0;0;0;0;1;1;0;0;0
"18/04/2023";"01:48:00";"6";"Acidente s";"179";"BR-163/MS";"SUL";"Engavetamento";1;0;0;0;0;2;0;0;0;0;5;0;0;0;0
"18/04/2023";"12:43:00";"182";"Acidente s";"270,101";"BR-163/MS";"SUL";"Colisão com veículos (traseira)";0;0;1;0;0;0;0;0;0;1;2;0;0;0;0
"18/04/2023";"20:54:00";"283";"Acidente c";"89,435";"BR-163/MS";"SUL";"Saídas de pista";0;0;0;0;0;0;0;0;0;1;5;1;0;0;0
"18/04/2023";"23:35:00";"298";"Acidente s";"688,456";"BR-163/MS";"SUL";"Atropelamento de animais";1;0;0;0;0;0;0;0;0;0;1;0;0;0;0
"19/04/2023";"06:13:00";"28";"Acidente s";"821,703";"BR-163/MS";"SUL";"Colisão c/ obstáculos";0;0;0;0;0;0;0;0;0;1;3;0;0;0;0
"19/04/2023";"17:41:00";"229";"Acidente c";"486";"BR-163/MS";"NORTE";"Colisão lateral no mesmo sentido";1;0;0;1;0;0;0;0;0;0;1;0;2;0;0
"19/04/2023";"18:38:00";"240";"Acidente s";"767,5";"BR-163/MS";"SUL";"Atropelamento de animais";0;0;0;0;0;0;0;0;0;1;2;0;0;0;0
"20/04/2023";"04:13:00";"10";"Acidente c";"614,8";"BR-163/MS";"NORTE";"Colisão lateral no sentido contrário";1;0;0;1;0;0;0;0;0;0;1;1;0;0;0
"20/04/2023";"06:55:00";"43";"Acidente s";"256,3";"BR-163/MS";"NORTE";"Colisão lateral no sentido contrário";0;0;2;0;0;1;0;0;0;0;3;0;0;0;0
"20/04/2023";"07:04:00";"45";"Acidente s";"776,787";"BR-163/MS";"SUL";"Colisão com veículos (traseira)";0;0;2;0;0;2;0;0;0;0;4;0;0;0;0
"20/04/2023";"10:34:00";"133";"Acidente s";"251,851";"BR-163/MS";"NORTE";"Colisão com veículos (traseira)";1;0;0;0;0;0;0;0;0;1;11;0;0;0;0
"20/04/2023";"14:32:00";"194";"Acidente s";"337,82";"BR-163/MS";"NORTE";"Saídas de pista";1;0;0;0;0;0;0;0;0;0;1;0;0;0;0
"20/04/2023";"17:02:00";"293";"Acidente c";"184,149";"BR-163/MS";"NORTE";"Colisão com veículos (frontal)";1;0;2;0;0;3;0;0;0;2;9;0;1;1;0
"20/04/2023";"18:17:00";"304";"Acidente c";"477,228";"BR-163/MS";"SUL";"Tombamento de moto";0;0;0;1;0;0;0;0;0;0;0;1;0;0;0
"20/04/2023";"23:20:00";"360";"Acidente s";"528,626";"BR-163/MS";"SUL";"Tombamento de moto";0;0;0;1;0;0;0;0;0;0;2;0;0;0;0
"20/04/2023";"23:57:00";"365";"Acidente s";"749,8";"BR-163/MS";"NORTE";"Atropelamento de animais";1;0;0;0;0;0;0;0;0;0;5;0;0;0;0
"21/04/2023";"04:23:00";"11";"Acidente s";"348,524";"BR-163/MS";"NORTE";"Saídas de pista";1;0;0;0;0;0;0;0;0;0;3;0;0;0;0
"21/04/2023";"13:54:00";"211";"Acidente c";"248,233";"BR-163/MS";"NORTE";"Saídas de pista";0;0;0;0;0;0;0;0;0;1;0;1;0;0;0
"21/04/2023";"17:13:00";"254";"Acidente s";"621,87";"BR-163/MS";"NORTE";"Capotamento";0;0;1;0;0;3;0;0;0;2;10;0;0;0;0
"21/04/2023";"18:20:00";"266";"Acidente s";"533,794";"BR-163/MS";"SUL";"Colisão com veículos (traseira)";1;0;1;0;0;1;0;0;0;0;6;0;0;0;0
"21/04/2023";"18:42:00";"293";"Acidente s";"260,5";"BR-163/MS";"NORTE";"Outros";1;0;0;0;0;0;0;0;0;0;1;0;0;0;0
"21/04/2023";"20:05:00";"332";"Acidente s";"365,231";"BR-163/MS";"NORTE";"Engavetamento";1;0;0;0;0;0;0;0;0;2;8;0;0;0;0
"21/04/2023";"20:15:00";"336";"Acidente c";"265,5";"BR-163/MS";"NORTE";"Tombamento de moto";0;0;0;1;0;0;0;0;0;0;0;1;0;0;0
"22/04/2023";"04:28:00";"9";"Acidente s";"257,666";"BR-163/MS";"NORTE";"Colisão com veículos (traseira)";2;0;0;0;0;0;0;0;0;1;3;0;0;0;0
"22/04/2023";"11:03:00";"128";"Acidente c";"497,462";"BR-163/MS";"NORTE";"Tombamento de moto";0;0;0;1;0;0;0;0;0;0;0;1;0;0;0
"22/04/2023";"19:50:00";"273";"Acidente s";"158,982";"BR-163/MS";"SUL";"Colisão c/ obstáculos";0;0;0;0;0;0;0;0;0;1;1;0;0;0;0
"23/04/2023";"10:43:00";"116";"Acidente c";"742,898";"BR-163/MS";"NORTE";"Tombamento";0;0;1;0;0;1;0;0;0;0;1;1;0;0;0
"23/04/2023";"14:49:00";"185";"Acidente c";"712,668";"BR-163/MS";"NORTE";"Colisão com veículos (traseira)";0;0;2;0;0;0;0;0;0;0;1;0;1;0;0
"23/04/2023";"16:42:00";"234";"Acidente c";"419,7";"BR-163/MS";"NORTE";"Colisão com veículos (traseira)";1;0;0;0;0;0;0;0;0;1;3;1;0;0;0
"23/04/2023";"20:05:00";"306";"Acidente c";"501,12";"BR-163/MS";"SUL";"Atropelamento de animais";1;0;0;0;0;0;0;0;0;0;3;1;0;0;0
"24/04/2023";"11:00:00";"193";"Acidente s";"265,726";"BR-163/MS";"SUL";"Engavetamento";1;0;0;0;0;0;0;0;0;2;7;0;0;0;0
"24/04/2023";"11:12:00";"196";"Atropelame";"8,943";"BR-163/MS";"SUL";"Atropelamento de pedestre";0;0;1;0;0;0;0;0;0;0;1;0;0;1;0
"24/04/2023";"15:07:00";"237";"Acidente c";"128,752";"BR-163/MS";"SUL";"Tombamento de moto";0;0;0;1;0;0;0;0;0;0;0;1;0;0;0
"24/04/2023";"17:29:00";"265";"Acidente s";"266,859";"BR-163/MS";"SUL";"Colisão c/ obstáculos";1;0;0;0;0;0;0;0;0;0;1;0;0;0;0
"24/04/2023";"18:32:00";"274";"Acidente c";"485,63";"BR-163/MS";"SUL";"Colisão com veículos (traseira)";0;0;0;2;0;0;0;0;0;0;1;1;0;0;0
"25/04/2023";"06:46:00";"30";"Acidente s";"69,169";"BR-163/MS";"SUL";"Saídas de pista";0;0;1;0;0;1;0;0;0;0;2;0;0;0;0
"25/04/2023";"06:47:00";"31";"Acidente s";"479";"BR-163/MS";"NORTE";"Colisão com veículos (traseira)";0;0;1;1;0;0;0;0;0;0;2;0;0;0;0
"25/04/2023";"11:46:00";"176";"Acidente s";"647,284";"BR-163/MS";"SUL";"Saídas de pista";1;0;0;0;0;0;0;0;0;0;1;0;0;0;0
"25/04/2023";"13:06:00";"190";"Acidente c";"449,621";"BR-163/MS";"SUL";"Colisão lateral no mesmo sentido";0;0;2;0;0;0;0;0;0;0;2;1;0;0;0
"26/04/2023";"01:59:00";"13";"Acidente c";"321,574";"BR-163/MS";"SUL";"Colisão c/ obstáculos";1;0;0;0;0;0;0;0;0;0;0;0;0;1;0
"26/04/2023";"13:25:00";"216";"Acidente s";"220,517";"BR-163/MS";"SUL";"Saídas de pista";0;0;1;0;0;0;0;0;0;0;2;0;0;0;0
"26/04/2023";"14:27:00";"235";"Acidente s";"577,798";"BR-163/MS";"SUL";"Tombamento";0;0;1;0;0;2;0;0;0;0;3;0;0;0;0
"26/04/2023";"15:32:00";"255";"Acidente s";"581,9";"BR-163/MS";"SUL";"Saídas de pista";0;0;0;0;0;0;0;0;0;1;1;0;0;0;0
"26/04/2023";"15:54:00";"264";"Acidente s";"2,392";"BR-163/MS";"NORTE";"Colisão com veículos (traseira)";1;0;0;0;0;1;0;0;0;0;2;0;0;0;0
"26/04/2023";"17:21:00";"286";"Acidente s";"486,5";"BR-163/MS";"NORTE";"Colisão com veículos (frontal)";2;0;0;0;0;0;0;0;0;0;5;0;0;0;0
"26/04/2023";"17:50:00";"292";"Acidente s";"509,2";"BR-163/MS";"SUL";"Saídas de pista";1;0;0;0;0;0;0;0;0;0;1;0;0;0;0
"26/04/2023";"22:45:00";"352";"Acidente s";"487,505";"BR-163/MS";"NORTE";"Saídas de pista";0;0;1;0;0;0;0;0;0;0;1;0;0;0;0
"27/04/2023";"01:19:00";"7";"Acidente s";"763,774";"BR-163/MS";"SUL";"Atropelamento de animais";1;0;0;0;0;0;0;0;0;0;1;0;0;0;0
"27/04/2023";"06:15:00";"20";"Acidente s";"466,375";"BR-163/MS";"SUL";"Colisão lateral no mesmo sentido";1;0;0;0;0;1;0;0;0;0;4;0;0;0;0
"27/04/2023";"08:56:00";"115";"Acidente s";"680,426";"BR-163/MS";"NORTE";"Colisão lateral no sentido contrário";0;0;1;0;0;0;0;0;0;1;4;0;0;0;0
"27/04/2023";"15:13:00";"206";"Acidente s";"548,776";"BR-163/MS";"SUL";"Colisão lateral no sentido contrário";2;0;0;0;0;0;0;0;0;0;4;0;0;0;0
"27/04/2023";"17:33:00";"237";"Acidente s";"634,598";"BR-163/MS";"NORTE";"Outros";1;0;0;0;0;1;0;0;0;0;2;0;0;0;0
"27/04/2023";"20:01:00";"304";"Acidente s";"518,412";"BR-163/MS";"NORTE";"Atropelamento de animais";1;0;0;0;0;0;0;0;0;0;2;0;0;0;0
"27/04/2023";"20:45:00";"327";"Acidente s";"831,727";"BR-163/MS";"NORTE";"Capotamento";1;0;0;0;0;0;0;0;0;0;1;0;0;0;0
"28/04/2023";"01:36:00";"9";"Acidente s";"681,454";"BR-163/MS";"NORTE";"Saídas de pista";0;0;0;0;0;0;0;0;0;1;5;0;0;0;0
"28/04/2023";"08:00:00";"90";"Acidente c";"484,1";"BR-163/MS";"NORTE";"Colisão lateral no sentido contrário";1;0;0;1;0;0;0;0;0;0;1;1;0;1;0
"28/04/2023";"17:25:00";"303";"Acidente c";"264,953";"BR-163/MS";"NORTE";"Colisão lateral no mesmo sentido";1;0;0;1;0;0;0;0;0;0;1;0;1;0;0
"28/04/2023";"18:21:00";"316";"Acidente s";"270,646";"BR-163/MS";"NORTE";"Colisão lateral no sentido contrário";2;0;0;0;0;0;0;0;0;0;5;0;0;0;0
"28/04/2023";"21:59:00";"429";"Acidente c";"491,42";"BR-163/MS";"SUL";"Colisão lateral no sentido contrário";0;1;0;1;0;0;0;0;0;0;0;1;0;1;0
"29/04/2023";"06:17:00";"26";"Acidente c";"256,421";"BR-163/MS";"NORTE";"Atropelamento de animais";0;0;0;1;0;0;0;0;0;0;1;0;0;0;0
"29/04/2023";"09:30:00";"121";"Acidente s";"225,629";"BR-163/MS";"SUL";"Colisão lateral no mesmo sentido";1;0;0;0;0;1;0;0;0;0;4;0;0;0;0
"29/04/2023";"12:15:00";"166";"Acidente c";"419,51";"BR-163/MS";"NORTE";"Colisão lateral no sentido contrário";2;0;0;0;0;0;0;0;0;0;2;1;0;0;0
"29/04/2023";"20:56:00";"340";"Acidente c";"616,5";"BR-163/MS";"SUL";"Colisão lateral no mesmo sentido";0;0;1;0;0;1;0;0;0;1;3;1;0;0;0
"30/04/2023";"18:13:00";"242";"Acidente c";"656,859";"BR-163/MS";"NORTE";"Colisão com veículos (traseira)";0;0;2;0;0;3;0;0;0;0;4;1;0;0;0
"01/05/2023";"07:19:00";"46";"Acidente c";"7,35";"BR-163/MS";"NORTE";"Colisão lateral no mesmo sentido";0;0;2;0;0;1;0;0;0;0;3;1;0;0;0
"01/05/2023";"08:27:00";"83";"Acidente s";"323,418";"BR-163/MS";"SUL";"Saídas de pista";0;0;0;0;0;0;0;0;0;1;1;0;0;0;0
"01/05/2023";"17:00:00";"233";"Acidente s";"240,808";"BR-163/MS";"SUL";"Engavetamento";4;0;0;0;0;0;0;0;0;0;9;0;0;0;0
"01/05/2023";"17:53:00";"242";"Acidente s";"186,471";"BR-163/MS";"NORTE";"Tombamento";0;0;1;0;0;1;0;0;0;0;2;0;0;0;0
"01/05/2023";"19:12:00";"263";"Acidente s";"272,826";"BR-163/MS";"SUL";"Colisão c/ obstáculos";1;0;0;0;0;0;0;0;0;0;4;0;0;0;0
"02/05/2023";"06:17:00";"26";"Acidente s";"593,848";"BR-163/MS";"SUL";"Saídas de pista";1;0;0;0;0;0;0;0;0;0;0;0;0;0;0
"02/05/2023";"07:28:00";"60";"Acidente s";"518,775";"BR-163/MS";"SUL";"Colisão c/ obstáculos";1;0;0;0;0;0;0;0;0;0;1;0;0;0;0
"02/05/2023";"13:27:00";"169";"Acidente s";"615,631";"BR-163/MS";"NORTE";"Colisão lateral no mesmo sentido";2;0;0;0;0;0;0;0;0;0;6;0;0;0;0
"02/05/2023";"13:34:00";"170";"Acidente s";"217,309";"BR-163/MS";"SUL";"Colisão lateral no sentido contrário";0;0;1;0;0;0;0;0;0;1;3;0;0;0;0
"02/05/2023";"14:07:00";"180";"Acidente s";"481,923";"BR-163/MS";"NORTE";"Colisão com veículos (frontal)";0;0;0;0;0;0;0;0;0;2;2;0;0;0;0
"03/05/2023";"13:12:00";"192";"Acidente c";"493,442";"BR-163/MS";"NORTE";"Colisão lateral no mesmo sentido";0;0;1;0;0;0;0;0;0;1;1;0;1;0;0
"03/05/2023";"17:11:00";"238";"Acidente c";"490,635";"BR-163/MS";"NORTE";"Colisão com veículos (frontal)";1;1;0;0;0;0;0;0;0;0;1;0;1;0;0
"03/05/2023";"18:29:00";"249";"Acidente c";"788,356";"BR-163/MS";"SUL";"Tombamento";0;1;0;0;0;0;0;0;0;0;0;0;1;0;0
"04/05/2023";"06:51:00";"21";"Acidente s";"491,353";"BR-163/MS";"SUL";"Colisão lateral no mesmo sentido";1;0;1;0;0;2;0;0;0;0;4;0;0;0;0
"04/05/2023";"08:05:00";"100";"Acidente c";"256,8";"BR-163/MS";"SUL";"Colisão com veículos (traseira)";1;0;0;0;0;0;0;0;0;1;0;2;0;0;0
"04/05/2023";"13:29:00";"235";"Acidente c";"242,424";"BR-163/MS";"SUL";"Colisão c/ obstáculos";1;0;0;0;0;0;0;0;0;1;4;2;0;0;0
"04/05/2023";"13:43:00";"236";"Atropelame";"732,916";"BR-163/MS";"SUL";"Tombamento de moto";0;0;1;1;0;2;0;0;0;0;3;0;0;0;1
"04/05/2023";"17:54:00";"294";"Acidente s";"781,614";"BR-163/MS";"NORTE";"Atropelamento de animais";1;0;0;0;0;0;0;0;0;0;1;0;0;0;0
"05/05/2023";"19:03:00";"291";"Acidente s";"690,5";"BR-163/MS";"NORTE";"Colisão com veículos (traseira)";0;0;0;0;0;0;0;0;0;2;3;0;0;0;0
"05/05/2023";"22:20:00";"341";"Acidente c";"478,106";"BR-163/MS";"SUL";"Colisão com veículos (frontal)";1;0;0;0;0;0;0;0;0;1;0;2;0;1;1
"06/05/2023";"04:45:00";"14";"Acidente s";"633,632";"BR-163/MS";"NORTE";"Colisão c/ obstáculos";1;0;0;0;0;0;0;0;0;0;5;0;0;0;0
"06/05/2023";"15:07:00";"181";"Acidente s";"490,635";"BR-163/MS";"SUL";"Colisão com veículos (traseira)";2;0;0;0;0;0;0;0;0;0;2;0;0;0;0
"06/05/2023";"20:40:00";"293";"Acidente c";"49,54";"BR-163/MS";"SUL";"Colisão c/ obstáculos";0;0;2;0;0;3;0;0;0;0;4;0;0;1;0
"06/05/2023";"21:04:00";"315";"Acidente s";"283,356";"BR-163/MS";"NORTE";"Colisão com veículos (traseira)";1;0;0;0;0;0;0;0;0;1;2;0;0;0;0
"06/05/2023";"21:14:00";"317";"Acidente c";"255,938";"BR-163/MS";"SUL";"Colisão com veículos (traseira)";1;0;0;1;0;0;0;0;0;0;1;1;0;0;0
"06/05/2023";"21:56:00";"320";"Acidente c";"77,873";"BR-163/MS";"SUL";"Colisão lateral no sentido contrário";1;0;0;1;0;0;0;0;0;0;1;1;0;0;0
"07/05/2023";"09:01:00";"119";"Acidente c";"396,172";"BR-163/MS";"SUL";"Tombamento de moto";0;0;0;1;0;0;0;0;0;0;0;0;1;0;0
"07/05/2023";"11:56:00";"161";"Acidente s";"439,624";"BR-163/MS";"SUL";"Atropelamento de animais";1;0;0;0;0;0;0;0;0;0;4;0;0;0;0
"07/05/2023";"15:42:00";"194";"Acidente c";"263,333";"BR-163/MS";"NORTE";"Colisão lateral no mesmo sentido";1;0;1;0;0;0;0;0;0;0;4;1;0;0;0
"07/05/2023";"17:11:00";"213";"Acidente c";"226,501";"BR-163/MS";"SUL";"Colisão com veículos (frontal)";1;0;0;0;0;0;0;0;0;1;0;2;1;1;0
"07/05/2023";"18:54:00";"231";"Acidente c";"216,578";"BR-163/MS";"SUL";"Engavetamento";2;0;0;0;0;0;0;0;0;1;8;1;0;0;0
"08/05/2023";"15:41:00";"222";"Acidente s";"190,522";"BR-163/MS";"NORTE";"Colisão com veículos (traseira)";0;0;0;0;0;0;0;0;0;2;5;0;0;0;0
"08/05/2023";"15:57:00";"227";"Acidente c";"502,232";"BR-163/MS";"NORTE";"Colisão lateral no mesmo sentido";1;0;1;0;0;0;0;0;0;0;1;0;1;0;0
"08/05/2023";"16:21:00";"231";"Acidente s";"611,569";"BR-163/MS";"NORTE";"Saídas de pista";1;0;0;0;0;0;0;0;0;0;3;0;0;0;0
"08/05/2023";"19:13:00";"259";"Acidente c";"423,812";"BR-163/MS";"NORTE";"Colisão lateral no sentido contrário";1;0;0;0;0;0;0;0;0;1;1;1;1;0;0
"09/05/2023";"05:43:00";"29";"Acidente s";"640,227";"BR-163/MS";"SUL";"Capotamento";0;0;0;0;0;0;0;0;0;1;2;0;0;0;0
"09/05/2023";"09:14:00";"138";"Acidente s";"809,499";"BR-163/MS";"SUL";"Tombamento";0;0;1;0;0;2;0;0;0;0;3;0;0;0;0
"10/05/2023";"17:56:00";"259";"Acidente c";"785,632";"BR-163/MS";"NORTE";"Colisão com veículos (traseira)";0;0;2;0;0;2;0;0;0;0;3;1;0;0;0
"10/05/2023";"19:56:00";"285";"Acidente s";"539,5";"BR-163/MS";"SUL";"Colisão c/ obstáculos";0;0;0;0;0;0;0;0;0;1;1;0;0;0;0
"11/05/2023";"13:55:00";"221";"Acidente c";"575,363";"BR-163/MS";"NORTE";"Colisão lateral no mesmo sentido";0;0;2;0;0;1;0;0;0;0;2;1;0;0;0
"11/05/2023";"14:11:00";"226";"Acidente c";"364,1";"BR-163/MS";"NORTE";"Tombamento";0;0;1;0;0;1;0;0;0;0;1;1;0;0;0
"11/05/2023";"15:51:00";"257";"Atropelame";"681,5";"BR-163/MS";"SUL";"Atropelamento de pedestre";0;0;0;0;0;0;0;0;0;0;0;0;1;0;0
"11/05/2023";"21:12:00";"380";"Acidente s";"342,188";"BR-163/MS";"NORTE";"Atropelamento de animais";1;0;0;0;0;0;0;0;0;0;1;0;0;0;0
"12/05/2023";"05:02:00";"17";"Acidente c";"614,742";"BR-163/MS";"SUL";"Colisão lateral no sentido contrário";0;0;0;1;0;1;0;0;0;0;1;1;0;0;0
"12/05/2023";"06:48:00";"52";"Acidente c";"448,134";"BR-163/MS";"NORTE";"Tombamento de moto";0;0;0;1;0;0;0;0;0;0;0;0;0;1;0
"12/05/2023";"07:45:00";"70";"Acidente s";"15,385";"BR-163/MS";"SUL";"Capotamento";1;0;0;0;0;0;0;0;0;0;1;0;0;0;0
"12/05/2023";"15:26:00";"245";"Acidente s";"674,147";"BR-163/MS";"NORTE";"Colisão lateral no mesmo sentido";0;0;2;0;0;0;0;0;0;0;2;0;0;0;0
"12/05/2023";"18:10:00";"289";"Acidente s";"822,6";"BR-163/MS";"NORTE";"Atropelamento de animais";0;0;1;0;0;1;0;0;0;0;3;0;0;0;0
"12/05/2023";"19:21:00";"303";"Acidente c";"255,994";"BR-163/MS";"SUL";"Tombamento de moto";0;0;0;1;0;1;0;0;0;0;1;1;0;0;0
"12/05/2023";"21:10:00";"325";"Acidente s";"530,603";"BR-163/MS";"NORTE";"Colisão c/ obstáculos";1;0;0;0;0;0;0;0;0;0;4;0;0;0;0
"13/05/2023";"05:07:00";"13";"Acidente c";"256,717";"BR-163/MS";"SUL";"Colisão c/ obstáculos";1;0;0;0;0;0;0;0;0;0;0;1;0;0;0
"13/05/2023";"07:47:00";"72";"Acidente c";"600,56";"BR-163/MS";"NORTE";"Saídas de pista";0;0;1;0;0;0;0;0;0;0;0;1;0;0;0
"13/05/2023";"10:47:00";"123";"Acidente c";"383,217";"BR-163/MS";"NORTE";"Capotamento";1;0;0;0;0;0;0;0;0;0;0;1;1;0;0
"13/05/2023";"15:03:00";"176";"Acidente s";"163,176";"BR-163/MS";"NORTE";"Saídas de pista";1;0;0;0;0;0;0;0;0;0;1;0;0;0;0
"13/05/2023";"15:11:00";"179";"Acidente s";"6,166";"BR-163/MS";"NORTE";"Colisão com veículos (traseira)";1;0;0;0;0;0;0;0;0;1;2;0;0;0;0
"13/05/2023";"15:41:00";"185";"Acidente c";"503,486";"BR-163/MS";"NORTE";"Saídas de pista";1;0;0;0;0;0;0;0;0;0;1;1;0;0;0
"13/05/2023";"18:16:00";"218";"Acidente s";"533,5";"BR-163/MS";"NORTE";"Colisão c/ obstáculos";1;0;0;0;0;0;0;0;0;0;3;0;0;0;0
"13/05/2023";"18:23:00";"220";"Acidente s";"533,473";"BR-163/MS";"NORTE";"Colisão c/ obstáculos";1;0;0;0;0;0;0;0;0;0;2;0;0;0;0
"13/05/2023";"23:06:00";"284";"Acidente s";"662,5";"BR-163/MS";"SUL";"Colisão com veículos (traseira)";0;0;2;0;0;2;0;0;0;0;7;0;0;0;0
"14/05/2023";"08:43:00";"78";"Acidente s";"1,941";"BR-163/MS";"NORTE";"Colisão com veículos (traseira)";1;0;0;0;0;0;0;0;0;1;4;0;0;0;0
"14/05/2023";"14:11:00";"136";"Acidente s";"148,1";"BR-163/MS";"NORTE";"Colisão c/ obstáculos";0;0;1;0;0;1;0;0;0;0;2;0;0;0;0
"14/05/2023";"16:50:00";"165";"Acidente s";"564,98";"BR-163/MS";"NORTE";"Engavetamento";1;0;0;0;0;0;0;0;0;2;11;0;0;0;0
"14/05/2023";"17:51:00";"184";"Acidente s";"270,517";"BR-163/MS";"NORTE";"Colisão lateral no mesmo sentido";1;0;1;0;0;2;0;0;0;0;4;0;0;0;0
"14/05/2023";"19:17:00";"193";"Acidente s";"194,618";"BR-163/MS";"NORTE";"Saídas de pista";0;0;0;0;0;0;0;0;0;1;1;0;0;0;0
"14/05/2023";"19:47:00";"201";"Acidente s";"433,451";"BR-163/MS";"SUL";"Colisão c/ obstáculos";1;0;0;0;0;0;0;0;0;0;1;0;0;0;0
"15/05/2023";"03:37:00";"6";"Acidente c";"500,865";"BR-163/MS";"SUL";"Capotamento";1;0;0;0;0;0;0;0;0;0;0;0;1;0;0
"15/05/2023";"08:29:00";"100";"Acidente s";"408,166";"BR-163/MS";"NORTE";"Colisão lateral no mesmo sentido";2;0;0;0;0;0;0;0;0;0;2;0;0;0;0
"15/05/2023";"10:26:00";"145";"Acidente s";"136,125";"BR-163/MS";"NORTE";"Saídas de pista";0;0;1;0;0;0;0;0;0;0;1;0;0;0;0
"15/05/2023";"16:46:00";"236";"Acidente s";"466,322";"BR-163/MS";"SUL";"Colisão lateral no mesmo sentido";1;0;1;0;0;2;0;0;0;0;4;0;0;0;0
"15/05/2023";"18:12:00";"250";"Acidente s";"257,183";"BR-163/MS";"SUL";"Colisão com veículos (traseira)";1;0;0;0;0;0;0;0;0;0;1;0;0;0;0
"16/05/2023";"00:24:00";"2";"Acidente s";"443,103";"BR-163/MS";"NORTE";"Atropelamento de animais";0;0;1;0;0;0;0;0;0;0;1;0;0;0;0
"16/05/2023";"12:57:00";"182";"Acidente s";"9,156";"BR-163/MS";"SUL";"Colisão com veículos (traseira)";0;0;0;0;0;1;0;0;0;1;2;0;0;0;0
"16/05/2023";"13:49:00";"191";"Acidente c";"626,61";"BR-163/MS";"NORTE";"Colisão com veículos (frontal)";0;0;1;1;0;2;0;0;0;0;3;0;0;0;3
"16/05/2023";"19:13:00";"251";"Acidente s";"700,442";"BR-163/MS";"SUL";"Atropelamento de animais";0;0;0;0;0;0;0;0;0;1;4;0;0;0;0
"17/05/2023";"05:35:00";"27";"Acidente s";"670,38";"BR-163/MS";"SUL";"Tombamento";0;0;1;0;0;3;0;0;0;0;4;0;0;0;0
"17/05/2023";"11:35:00";"169";"Acidente c";"491,68";"BR-163/MS";"NORTE";"Colisão lateral no mesmo sentido";0;0;1;0;0;2;0;0;0;1;3;1;0;0;0
"17/05/2023";"12:04:00";"179";"Acidente c";"259,114";"BR-163/MS";"SUL";"Colisão lateral no mesmo sentido";1;0;0;1;0;0;0;0;0;0;1;1;0;0;0
"17/05/2023";"12:29:00";"185";"Acidente s";"677,888";"BR-163/MS";"NORTE";"Colisão com veículos (traseira)";0;0;1;0;0;0;0;0;0;1;3;0;0;0;0
"18/05/2023";"02:31:00";"7";"Acidente c";"407,235";"BR-163/MS";"NORTE";"Atropelamento de animais";0;0;1;0;0;0;0;0;0;0;1;1;0;0;0
"18/05/2023";"06:28:00";"19";"Acidente s";"149,503";"BR-163/MS";"NORTE";"Tombamento";0;0;1;0;0;2;0;0;0;0;3;0;0;0;0
"18/05/2023";"06:44:00";"22";"Acidente c";"489,433";"BR-163/MS";"SUL";"Colisão lateral no mesmo sentido";0;0;0;1;0;1;0;0;0;0;1;1;0;0;0
"18/05/2023";"09:20:00";"97";"Acidente c";"767,274";"BR-163/MS";"SUL";"Colisão com veículos (traseira)";1;0;0;0;0;0;0;0;0;1;3;1;0;0;0
"18/05/2023";"16:32:00";"212";"Acidente s";"402,733";"BR-163/MS";"SUL";"Colisão lateral no mesmo sentido";0;0;1;0;0;1;0;0;0;1;3;0;0;0;0
"18/05/2023";"22:13:00";"346";"Acidente c";"256,793";"BR-163/MS";"NORTE";"Colisão c/ obstáculos";0;0;0;1;0;0;0;0;0;0;0;0;1;0;0
"18/05/2023";"22:44:00";"348";"Acidente c";"358,698";"BR-163/MS";"SUL";"Tombamento";1;0;1;0;0;0;0;0;0;0;1;0;0;1;0
"19/05/2023";"00:38:00";"3";"Acidente c";"468";"BR-163/MS";"NORTE";"Colisão lateral no mesmo sentido";0;1;0;0;0;1;0;0;0;0;1;1;0;0;0