data;horario;n_da_ocorrencia;tipo_de_ocorrencia;km;trecho;sentido;tipo_de_acidente;automovel;bicicleta;caminhao;moto;onibus;outros;tracao_animal;transporte_de_cargas_especiais;trator_maquinas;utilitarios;ilesos;levemente_feridos;moderadamente_feridos;gravemente_feridos;mortos
"19/05/2023";"07:57:00";"77";"Acidente c";"483,103";"BR-163/MS";"NORTE";"Colisão lateral no mesmo sentido";0;1;0;0;0;1;0;0;0;0;1;1;0;0;0
"19/05/2023";"07:59:00";"78";"Acidente c";"491,308";"BR-163/MS";"NORTE";"Colisão com veículos (traseira)";1;0;0;0;0;0;0;0;0;1;2;0;1;0;0
"19/05/2023";"13:41:00";"183";"Acidente s";"483,494";"BR-163/MS";"NORTE";"Colisão lateral no mesmo sentido";0;0;2;0;0;1;0;0;0;0;4;0;0;0;0
"20/05/2023";"18:18:00";"233";"Acidente c";"203,179";"BR-163/MS";"NORTE";"Capotamento";1;0;0;0;0;0;0;0;0;0;0;2;0;0;0
"21/05/2023";"00:43:00";"5";"Acidente s";"773,414";"BR-163/MS";"SUL";"Atropelamento de animais";0;0;0;0;1;0;0;0;0;0;8;0;0;0;0
"21/05/2023";"23:18:00";"224";"Acidente s";"238,522";"BR-163/MS";"NORTE";"Atropelamento de animais";1;0;0;0;0;0;0;0;0;0;1;0;0;0;0
"22/05/2023";"09:47:00";"123";"Acidente s";"6,134";"BR-163/MS";"NORTE";"Colisão com veículos (traseira)";0;0;0;0;0;0;0;0;0;2;3;0;0;0;0
"22/05/2023";"12:00:00";"169";"Acidente s";"686,823";"BR-163/MS";"NORTE";"Saídas de pista";0;0;0;0;0;0;0;0;0;1;5;0;0;0;0
"22/05/2023";"13:25:00";"180";"Acidente c";"662,357";"BR-163/MS";"SUL";"Capotamento";1;0;0;0;0;0;0;0;0;0;0;1;0;0;0
"22/05/2023";"15:21:00";"208";"Acidente s";"364,203";"BR-163/MS";"NORTE";"Tombamento";0;0;1;0;0;1;0;0;0;0;2;0;0;0;0
"23/05/2023";"06:24:00";"60";"Acidente s";"275,386";"BR-163/MS";"NORTE";"Atropelamento de animais";0;0;0;0;0;0;0;0;0;1;1;0;0;0;0
"23/05/2023";"16:00:00";"260";"Acidente s";"603,4";"BR-163/MS";"SUL";"Tombamento de moto";0;0;0;1;0;0;0;0;0;0;1;0;0;0;0
"23/05/2023";"20:35:00";"345";"Acidente s";"742,9";"BR-163/MS";"SUL";"Atropelamento de animais";1;0;0;0;0;0;0;0;0;0;1;0;0;0;0
"24/05/2023";"06:15:00";"26";"Acidente c";"701,217";"BR-163/MS";"NORTE";"Saídas de pista";0;0;0;0;0;0;0;0;0;1;1;1;0;0;0
"24/05/2023";"10:04:00";"141";"Acidente c";"485,64";"BR-163/MS";"SUL";"Colisão com veículos (traseira)";0;0;1;0;0;0;0;0;0;1;1;1;0;0;0
"24/05/2023";"12:28:00";"169";"Acidente s";"574,73";"BR-163/MS";"NORTE";"Colisão com veículos (traseira)";0;0;2;0;0;5;0;0;0;0;7;0;0;0;0
"24/05/2023";"15:58:00";"202";"Acidente c";"400,619";"BR-163/MS";"NORTE";"Colisão com veículos (traseira)";2;0;0;0;0;0;0;0;0;0;4;2;0;0;0
"24/05/2023";"22:50:00";"271";"Acidente s";"32";"BR-163/MS";"NORTE";"Colisão c/ obstáculos";0;0;1;0;0;0;0;0;0;0;1;0;0;0;0
"25/05/2023";"07:49:00";"68";"Acidente s";"168,552";"BR-163/MS";"SUL";"Saídas de pista";0;0;1;0;0;2;0;0;0;0;3;0;0;0;0
"25/05/2023";"10:07:00";"126";"Acidente s";"799,224";"BR-163/MS";"NORTE";"Tombamento";0;0;1;0;0;3;0;0;0;0;4;0;0;0;0
"25/05/2023";"11:05:00";"146";"Acidente s";"363,647";"BR-163/MS";"NORTE";"Capotamento";0;0;0;0;0;0;0;0;0;1;1;0;0;0;0
"25/05/2023";"17:50:00";"258";"Acidente s";"247,796";"BR-163/MS";"NORTE";"Capotamento";1;0;0;0;0;0;0;0;0;0;1;0;0;0;0
"26/05/2023";"06:56:00";"49";"Acidente c";"481,68";"BR-163/MS";"NORTE";"Colisão lateral no sentido contrário";0;1;0;1;0;0;0;0;0;0;1;0;0;1;0
"26/05/2023";"13:58:00";"194";"Acidente s";"466,322";"BR-163/MS";"NORTE";"Colisão lateral no mesmo sentido";1;0;1;0;0;0;0;0;0;0;3;0;0;0;0
"26/05/2023";"16:16:00";"229";"Acidente s";"364,357";"BR-163/MS";"NORTE";"Saídas de pista";1;0;0;0;0;0;0;0;0;0;1;0;0;0;0
"26/05/2023";"19:30:00";"311";"Acidente c";"614,715";"BR-163/MS";"NORTE";"Colisão com veículos (traseira)";0;0;0;2;0;0;0;0;0;0;0;2;0;0;0
"27/05/2023";"10:51:00";"120";"Acidente s";"257,971";"BR-163/MS";"SUL";"Colisão lateral no mesmo sentido";1;0;1;0;0;2;0;0;0;0;4;0;0;0;0
"27/05/2023";"18:02:00";"214";"Acidente s";"358,188";"BR-163/MS";"NORTE";"Colisão lateral no mesmo sentido";1;0;1;0;0;1;0;0;0;0;3;0;0;0;0
"27/05/2023";"18:11:00";"217";"Atropelame";"492,754";"BR-163/MS";"NORTE";"Atropelamento de pedestre";0;0;0;0;0;1;0;0;0;0;1;0;0;0;1
"27/05/2023";"20:38:00";"244";"Acidente s";"451,75";"BR-163/MS";"SUL";"Atropelamento de animais";0;0;0;0;1;0;0;0;0;0;17;0;0;0;0
"27/05/2023";"21:12:00";"246";"Acidente c";"42,46";"BR-163/MS";"SUL";"Colisão com veículos (frontal)";1;0;1;0;0;2;0;0;0;0;3;0;2;1;2
"27/05/2023";"21:50:00";"250";"Acidente s";"37,396";"BR-163/MS";"NORTE";"Atropelamento de animais";1;0;0;0;0;0;0;0;0;0;1;0;0;0;0
"28/05/2023";"01:43:00";"29";"Acidente s";"277,285";"BR-163/MS";"SUL";"Colisão c/ obstáculos";0;0;0;0;0;0;0;0;0;1;1;0;0;0;0
"28/05/2023";"17:32:00";"150";"Acidente s";"364,41";"BR-163/MS";"NORTE";"Saídas de pista";1;0;0;0;0;0;0;0;0;0;2;0;0;0;0
"28/05/2023";"19:00:00";"161";"Acidente s";"361,59";"BR-163/MS";"SUL";"Atropelamento de animais";0;0;0;0;0;0;0;0;0;1;1;0;0;0;0
"29/05/2023";"06:53:00";"24";"Acidente c";"6,9";"BR-163/MS";"SUL";"Colisão lateral no mesmo sentido";0;0;0;1;0;0;0;0;0;1;1;0;1;0;0
"29/05/2023";"19:31:00";"212";"Acidente s";"358,338";"BR-163/MS";"NORTE";"Saídas de pista";1;0;0;0;0;0;0;0;0;0;1;0;0;0;0
"30/05/2023";"11:17:00";"149";"Acidente c";"11,594";"BR-163/MS";"SUL";"Colisão com veículos (traseira)";2;0;0;0;0;0;0;0;0;0;2;1;0;0;0
"30/05/2023";"16:03:00";"201";"Acidente s";"584,761";"BR-163/MS";"SUL";"Saídas de pista";0;0;1;0;0;2;0;0;0;0;3;0;0;0;0
"30/05/2023";"19:31:00";"257";"Acidente s";"703,587";"BR-163/MS";"SUL";"Colisão com veículos (traseira)";1;0;0;0;0;0;0;0;0;0;1;0;0;0;0
"31/05/2023";"10:32:00";"153";"Acidente s";"326,247";"BR-163/MS";"NORTE";"Saídas de pista";0;0;0;0;0;0;0;0;0;1;1;0;0;0;0
"31/05/2023";"11:58:00";"163";"Acidente s";"655,269";"BR-163/MS";"SUL";"Tombamento";0;0;1;0;0;2;0;0;0;0;3;0;0;0;0
"31/05/2023";"15:09:00";"198";"Acidente c";"25,796";"BR-163/MS";"NORTE";"Colisão lateral no mesmo sentido";1;0;1;0;0;0;0;0;0;0;1;1;0;0;0
"01/06/2023";"04:24:00";"16";"Acidente s";"394,51";"BR-163/MS";"NORTE";"Saídas de pista";1;0;0;0;0;0;0;0;0;0;1;0;0;0;0
"01/06/2023";"06:32:00";"34";"Acidente c";"473,182";"BR-163/MS";"NORTE";"Colisão lateral no sentido contrário";1;0;0;1;0;0;0;0;0;0;1;0;1;0;0
"01/06/2023";"07:36:00";"77";"Acidente s";"253,757";"BR-163/MS";"NORTE";"Capotamento";1;0;0;0;0;0;0;0;0;0;2;0;0;0;0
"01/06/2023";"08:38:00";"97";"Acidente s";"661,15";"BR-163/MS";"SUL";"Saídas de pista";0;0;1;0;0;0;0;0;0;0;1;0;0;0;0
"01/06/2023";"14:16:00";"222";"Acidente s";"395,961";"BR-163/MS";"SUL";"Saídas de pista";0;0;1;0;0;1;0;0;0;0;2;0;0;0;0
"01/06/2023";"19:15:00";"283";"Acidente s";"692,848";"BR-163/MS";"SUL";"Atropelamento de animais";0;0;0;0;0;0;0;0;0;1;1;0;0;0;0
"01/06/2023";"21:44:00";"345";"Acidente c";"14,125";"BR-163/MS";"NORTE";"Colisão com veículos (frontal)";1;0;1;0;0;0;0;0;0;0;1;0;0;0;1
"02/06/2023";"07:16:00";"52";"Atropelame";"482,235";"BR-163/MS";"NORTE";"Atropelamento de pedestre";0;0;0;0;0;1;0;0;0;0;1;1;0;0;0
"02/06/2023";"08:51:00";"97";"Acidente s";"485,64";"BR-163/MS";"SUL";"Colisão com veículos (traseira)";0;0;2;0;0;2;0;0;0;0;4;0;0;0;0
"02/06/2023";"21:52:00";"273";"Acidente s";"387,628";"BR-163/MS";"NORTE";"Capotamento";1;0;0;0;0;0;0;0;0;0;1;0;0;0;0
"03/06/2023";"13:02:00";"129";"Acidente c";"478,471";"BR-163/MS";"NORTE";"Tombamento de moto";0;0;0;1;0;0;0;0;0;0;1;0;1;0;0
"03/06/2023";"15:39:00";"170";"Acidente c";"328,118";"BR-163/MS";"SUL";"Colisão com veículos (traseira)";1;0;1;0;0;0;0;0;0;0;2;1;0;0;0
"03/06/2023";"18:23:00";"191";"Acidente c";"483,587";"BR-163/MS";"NORTE";"Engavetamento";2;0;1;2;0;0;0;0;0;0;4;0;1;0;0
"03/06/2023";"23:13:00";"238";"Acidente s";"806,993";"BR-163/MS";"NORTE";"Colisão lateral no sentido contrário";0;0;1;0;0;1;0;0;0;1;4;0;0;0;0
"04/06/2023";"00:24:00";"1";"Acidente s";"724,379";"BR-163/MS";"NORTE";"Atropelamento de animais";0;0;1;0;1;1;0;0;0;0;17;0;0;0;0
"04/06/2023";"23:43:00";"210";"Acidente c";"482,279";"BR-163/MS";"NORTE";"Colisão com veículos (traseira)";2;0;0;0;0;0;0;0;0;0;1;1;0;0;0
"05/06/2023";"00:27:00";"2";"Acidente c";"99,545";"BR-163/MS";"NORTE";"Colisão lateral no sentido contrário";0;0;1;1;0;2;0;0;0;0;3;0;0;0;1
"05/06/2023";"04:11:00";"11";"Acidente s";"484,313";"BR-163/MS";"NORTE";"Engavetamento";1;0;1;1;0;2;0;0;0;0;6;0;0;0;0
"05/06/2023";"20:41:00";"321";"Acidente c";"238,11";"BR-163/MS";"NORTE";"Tombamento de moto";0;0;0;1;0;0;0;0;0;0;0;1;0;0;0
"06/06/2023";"07:33:00";"63";"Acidente c";"137,6";"BR-163/MS";"NORTE";"Colisão com veículos (frontal)";0;0;1;0;0;2;0;0;0;1;3;1;1;0;0
"06/06/2023";"10:16:00";"138";"Acidente s";"1,9";"BR-163/MS";"NORTE";"Colisão com veículos (traseira)";0;0;0;0;0;0;0;0;0;2;4;0;0;0;0
"06/06/2023";"11:44:00";"157";"Acidente s";"263,632";"BR-163/MS";"NORTE";"Colisão com veículos (traseira)";1;0;0;0;0;0;0;0;0;1;2;0;0;0;0
"07/06/2023";"00:00:00";"3";"Acidente s";"749,2";"BR-163/MS";"SUL";"Capotamento";1;0;0;0;0;0;0;0;0;0;1;0;0;0;0
"07/06/2023";"00:27:00";"4";"Acidente c";"150,69";"BR-163/MS";"NORTE";"Colisão c/ obstáculos";0;0;1;0;0;0;0;0;0;1;1;1;0;0;0
"07/06/2023";"00:27:00";"30";"Acidente s";"150,699";"BR-163/MS";"NORTE";"Tombamento";0;0;1;0;0;0;0;0;0;0;1;0;0;0;0
"07/06/2023";"01:13:00";"9";"Acidente s";"726,296";"BR-163/MS";"NORTE";"Saídas de pista";1;0;0;0;0;0;0;0;0;0;1;0;0;0;0
"07/06/2023";"02:16:00";"15";"Acidente c";"49,801";"BR-163/MS";"SUL";"Tombamento";0;0;1;0;0;1;0;0;0;0;1;1;0;0;0
"07/06/2023";"03:35:00";"23";"Acidente s";"150,575";"BR-163/MS";"SUL";"Tombamento";0;0;1;0;0;2;0;0;0;0;3;0;0;0;0
"07/06/2023";"05:58:00";"34";"Acidente c";"481,677";"BR-163/MS";"NORTE";"Colisão com veículos (traseira)";0;1;0;1;0;0;0;0;0;0;1;1;0;0;0
"07/06/2023";"09:00:00";"108";"Acidente c";"790,5";"BR-163/MS";"NORTE";"Capotamento";1;0;0;0;0;0;0;0;0;0;0;1;0;0;0
"07/06/2023";"09:17:00";"113";"Acidente s";"147,141";"BR-163/MS";"SUL";"Colisão com veículos (traseira)";0;0;1;0;0;2;0;0;0;0;3;0;0;0;0
"07/06/2023";"13:08:00";"179";"Acidente c";"479,979";"BR-163/MS";"SUL";"Tombamento de moto";0;0;0;1;0;0;0;0;0;0;0;1;0;0;0
"07/06/2023";"17:21:00";"230";"Acidente s";"281,239";"BR-163/MS";"SUL";"Colisão lateral no mesmo sentido";0;0;1;0;0;0;0;0;0;1;2;0;0;0;0
"07/06/2023";"17:26:00";"232";"Acidente c";"258,931";"BR-163/MS";"NORTE";"Colisão lateral no mesmo sentido";0;1;0;1;0;0;0;0;0;0;1;0;1;0;0
"08/06/2023";"04:43:00";"21";"Acidente s";"459,77";"BR-163/MS";"SUL";"Tombamento";0;0;1;0;0;2;0;0;0;0;7;0;0;0;0
"08/06/2023";"06:43:00";"50";"Acidente s";"491,358";"BR-163/MS";"SUL";"Tombamento de moto";0;0;0;1;0;0;0;0;0;0;1;0;0;0;0
"08/06/2023";"15:08:00";"267";"Acidente c";"576,796";"BR-163/MS";"NORTE";"Colisão com veículos (traseira)";1;0;0;0;0;0;0;0;0;1;0;3;0;0;0
"08/06/2023";"19:40:00";"330";"Acidente c";"500,464";"BR-163/MS";"NORTE";"Colisão com veículos (traseira)";0;0;1;2;0;0;0;0;0;0;1;1;1;0;0
"09/06/2023";"00:35:00";"3";"Acidente s";"821,605";"BR-163/MS";"SUL";"Saídas de pista";0;0;1;0;0;1;0;0;0;0;3;0;0;0;0
"09/06/2023";"03:05:00";"12";"Acidente s";"520,534";"BR-163/MS";"NORTE";"Colisão c/ obstáculos";0;0;1;0;0;0;0;0;0;0;1;0;0;0;0
"09/06/2023";"03:45:00";"13";"Acidente c";"36,789";"BR-163/MS";"NORTE";"Colisão c/ obstáculos";1;0;0;0;0;0;0;0;0;0;0;1;0;0;0
"09/06/2023";"08:11:00";"81";"Acidente c";"463,419";"BR-163/MS";"NORTE";"Atropelamento de animais";0;0;0;1;0;0;0;0;0;0;0;0;1;0;0
"09/06/2023";"12:17:00";"171";"Acidente s";"256,52";"BR-163/MS";"NORTE";"Colisão com veículos (traseira)";0;0;0;0;1;0;0;0;0;1;9;0;0;0;0
"09/06/2023";"14:00:00";"193";"Acidente c";"615,655";"BR-163/MS";"SUL";"Colisão lateral no sentido contrário";0;0;0;1;0;0;0;0;0;1;1;0;1;0;0
"09/06/2023";"18:02:00";"245";"Acidente s";"825,901";"BR-163/MS";"SUL";"Atropelamento de animais";1;0;0;0;0;0;0;0;0;0;4;0;0;0;0
"09/06/2023";"18:43:00";"254";"Acidente s";"278,77";"BR-163/MS";"NORTE";"Atropelamento de animais";1;0;0;0;0;0;0;0;0;0;1;0;0;0;0
"10/06/2023";"00:46:00";"1";"Acidente s";"206,624";"BR-163/MS";"SUL";"Tombamento";1;0;0;0;0;0;0;0;0;0;3;0;0;0;0
"10/06/2023";"07:52:00";"66";"Acidente s";"134,836";"BR-163/MS";"NORTE";"Capotamento";1;0;0;0;0;0;0;0;0;0;2;0;0;0;0
"11/06/2023";"13:23:00";"160";"Acidente c";"36,913";"BR-163/MS";"NORTE";"Colisão com veículos (frontal)";2;0;2;0;0;4;0;0;0;1;9;0;1;0;2
"11/06/2023";"16:14:00";"228";"Acidente c";"484,381";"BR-163/MS";"SUL";"Colisão lateral no mesmo sentido";3;0;0;0;0;0;0;0;0;0;0;8;2;0;0
"11/06/2023";"20:32:00";"306";"Acidente c";"615,381";"BR-163/MS";"SUL";"Colisão lateral no sentido contrário";1;0;0;1;0;0;0;0;0;0;5;1;0;0;0
"12/06/2023";"03:18:00";"9";"Acidente c";"626,685";"BR-163/MS";"SUL";"Tombamento";0;0;0;0;1;0;0;0;0;0;4;21;1;1;1
"12/06/2023";"07:13:00";"60";"Acidente c";"478,9";"BR-163/MS";"NORTE";"Colisão lateral no sentido contrário";1;0;0;1;0;0;0;0;0;0;1;1;0;0;0
"12/06/2023";"10:38:00";"120";"Acidente s";"80,967";"BR-163/MS";"NORTE";"Atropelamento de animais";1;0;0;0;0;0;0;0;0;0;4;0;0;0;0
"12/06/2023";"20:17:00";"235";"Acidente s";"313,632";"BR-163/MS";"SUL";"Saídas de pista";1;0;0;0;0;0;0;0;0;0;3;0;0;0;0
"12/06/2023";"22:19:00";"244";"Acidente s";"529,109";"BR-163/MS";"SUL";"Saídas de pista";1;0;0;0;0;0;0;0;0;0;1;0;0;0;0
"13/06/2023";"08:47:00";"94";"Acidente s";"608,869";"BR-163/MS";"NORTE";"Colisão lateral no mesmo sentido";1;0;1;0;0;1;0;0;0;0;3;0;0;0;0
"13/06/2023";"21:42:00";"256";"Acidente c";"492,851";"BR-163/MS";"SUL";"Colisão com veículos (frontal)";1;0;1;0;0;0;0;0;0;0;1;1;0;1;0
"13/06/2023";"22:10:00";"259";"Acidente c";"291,493";"BR-163/MS";"SUL";"Capotamento";0;0;1;0;0;0;0;0;0;0;0;1;0;0;0
"14/06/2023";"01:06:00";"3";"Acidente s";"716,762";"BR-163/MS";"SUL";"Atropelamento de animais";0;0;0;0;0;0;0;0;0;1;1;0;0;0;0
"14/06/2023";"08:25:00";"79";"Acidente s";"477,935";"BR-163/MS";"NORTE";"Colisão lateral no sentido contrário";2;0;0;0;0;0;0;0;0;0;2;0;0;0;0
"15/06/2023";"23:19:00";"321";"Atropelame";"311,32";"BR-163/MS";"SUL";"Atropelamento de pedestre";1;0;0;0;0;0;0;0;0;0;3;2;0;0;1
"16/06/2023";"04:28:00";"54";"Acidente s";"577,534";"BR-163/MS";"SUL";"Tombamento";0;0;1;0;0;1;0;0;0;0;2;0;0;0;0
"16/06/2023";"11:38:00";"204";"Acidente c";"264,275";"BR-163/MS";"NORTE";"Tombamento de moto";0;0;0;1;0;0;0;0;0;0;1;1;0;0;0
"16/06/2023";"15:03:00";"260";"Acidente s";"700,1";"BR-163/MS";"NORTE";"Colisão com veículos (traseira)";0;0;0;0;0;0;0;0;0;2;4;0;0;0;0
"17/06/2023";"10:25:00";"166";"Acidente s";"603,902";"BR-163/MS";"SUL";"Colisão lateral no mesmo sentido";1;0;0;0;0;0;0;0;0;1;2;0;0;0;0
"17/06/2023";"17:36:00";"287";"Acidente c";"478,69";"BR-163/MS";"SUL";"Outros";0;1;0;0;0;0;0;0;0;0;0;1;0;0;0
"18/06/2023";"04:03:00";"18";"Acidente s";"668,126";"BR-163/MS";"SUL";"Atropelamento de animais";0;0;0;0;0;0;0;0;0;1;3;0;0;0;0
"18/06/2023";"05:23:00";"27";"Acidente s";"564,565";"BR-163/MS";"SUL";"Saídas de pista";1;0;0;0;0;0;0;0;0;0;2;0;0;0;0
"18/06/2023";"10:11:00";"146";"Acidente s";"147,818";"BR-163/MS";"NORTE";"Colisão com veículos (traseira)";1;0;0;0;0;0;0;0;0;1;4;0;0;0;0
"18/06/2023";"15:09:00";"228";"Acidente c";"490,536";"BR-163/MS";"SUL";"Tombamento de moto";0;0;0;1;0;0;0;0;0;0;0;1;0;0;0
"18/06/2023";"19:46:00";"297";"Acidente s";"266,951";"BR-163/MS";"SUL";"Colisão c/ obstáculos";1;0;0;0;0;0;0;0;0;0;1;0;0;0;0
"18/06/2023";"22:05:00";"401";"Acidente s";"92,893";"BR-163/MS";"SUL";"Colisão com veículos (traseira)";1;0;1;0;0;0;0;0;0;0;5;0;0;0;0
"19/06/2023";"07:13:00";"60";"Acidente s";"258,6";"BR-163/MS";"NORTE";"Colisão lateral no mesmo sentido";0;0;0;1;0;1;0;0;0;0;2;0;0;0;0
"19/06/2023";"10:09:00";"148";"Acidente s";"399,36";"BR-163/MS";"NORTE";"Colisão com veículos (traseira)";0;0;1;0;0;0;0;0;0;1;2;0;0;0;0
"19/06/2023";"15:23:00";"225";"Acidente s";"189,106";"BR-163/MS";"SUL";"Capotamento";1;0;0;0;0;0;0;0;0;0;1;0;0;0;0
"20/06/2023";"09:02:00";"113";"Acidente c";"35,421";"BR-163/MS";"NORTE";"Colisão com veículos (traseira)";0;0;0;0;0;0;0;0;0;2;1;1;0;0;0
"20/06/2023";"18:08:00";"247";"Acidente s";"475,809";"BR-163/MS";"NORTE";"Engavetamento";1;0;1;0;0;1;0;0;0;1;4;0;0;0;0
"21/06/2023";"06:01:00";"25";"Acidente c";"503,725";"BR-163/MS";"SUL";"Colisão c/ obstáculos";1;0;0;0;0;0;0;0;0;0;1;1;0;0;0
"21/06/2023";"10:45:00";"174";"Acidente s";"62,394";"BR-163/MS";"NORTE";"Colisão c/ obstáculos";0;0;0;0;0;1;0;0;0;1;4;0;0;0;0
"21/06/2023";"14:03:00";"237";"Acidente s";"423,8";"BR-163/MS";"NORTE";"Colisão com veículos (traseira)";0;0;0;0;0;0;0;0;0;2;5;0;0;0;0
"21/06/2023";"17:39:00";"300";"Acidente c";"486,322";"BR-163/MS";"SUL";"Colisão com veículos (traseira)";1;0;0;1;0;0;0;0;0;0;0;2;0;0;0
"21/06/2023";"18:18:00";"307";"Acidente s";"225,1";"BR-163/MS";"NORTE";"Colisão c/ obstáculos";1;0;0;0;0;0;0;0;0;0;2;0;0;0;0
"21/06/2023";"19:20:00";"322";"Acidente s";"507,114";"BR-163/MS";"NORTE";"Atropelamento de animais";0;0;0;0;0;0;0;0;0;1;1;0;0;0;0
"22/06/2023";"05:49:00";"21";"Acidente s";"556,631";"BR-163/MS";"NORTE";"Colisão lateral no mesmo sentido";0;0;1;0;0;0;0;0;0;0;2;0;0;0;0
"22/06/2023";"17:39:00";"279";"Acidente c";"25,796";"BR-163/MS";"SUL";"Colisão lateral no sentido contrário";1;0;1;0;0;1;0;0;0;0;2;1;0;0;0
"22/06/2023";"23:54:00";"418";"Acidente s";"174,945";"BR-163/MS";"SUL";"Capotamento";1;0;0;0;0;0;0;0;0;0;2;0;0;0;0
"23/06/2023";"06:37:00";"18";"Acidente c";"475,762";"BR-163/MS";"NORTE";"Colisão lateral no sentido contrário";1;0;0;1;0;0;0;0;0;0;1;0;1;0;0
"23/06/2023";"12:29:00";"193";"Acidente s";"271,655";"BR-163/MS";"NORTE";"Saídas de pista";1;0;0;0;0;0;0;0;0;0;1;0;0;0;0
"23/06/2023";"13:30:00";"214";"Acidente c";"491,481";"BR-163/MS";"NORTE";"Colisão lateral no sentido contrário";0;0;0;0;0;0;0;0;0;2;2;2;0;0;0
"23/06/2023";"17:09:00";"280";"Acidente s";"545,766";"BR-163/MS";"NORTE";"Colisão com veículos (traseira)";0;0;0;0;0;0;0;0;0;2;4;0;0;0;0
"23/06/2023";"18:01:00";"292";"Acidente s";"479,546";"BR-163/MS";"SUL";"Colisão com veículos (traseira)";0;0;1;0;1;0;0;0;0;0;11;0;0;0;0
"23/06/2023";"18:59:00";"303";"Acidente s";"13,212";"BR-163/MS";"SUL";"Atropelamento de animais";1;0;0;0;0;0;0;0;0;0;3;0;0;0;0
"23/06/2023";"21:06:00";"375";"Acidente s";"227,685";"BR-163/MS";"NORTE";"Colisão com veículos (traseira)";1;0;0;0;0;0;0;0;0;1;4;0;0;0;0
"23/06/2023";"22:16:00";"386";"Acidente s";"483,302";"BR-163/MS";"SUL";"Colisão com veículos (traseira)";2;0;0;0;0;0;0;0;0;0;4;0;0;0;0
"24/06/2023";"08:34:00";"116";"Acidente s";"273,81";"BR-163/MS";"SUL";"Tombamento";0;0;1;0;0;3;0;0;0;0;4;0;0;0;0
"24/06/2023";"14:58:00";"221";"Acidente c";"539,432";"BR-163/MS";"NORTE";"Colisão lateral no mesmo sentido";0;1;1;0;0;0;0;0;0;0;1;0;1;0;0
"24/06/2023";"19:47:00";"348";"Acidente s";"370,228";"BR-163/MS";"SUL";"Atropelamento de animais";1;0;0;0;0;0;0;0;0;0;3;0;0;0;0
"25/06/2023";"05:48:00";"19";"Acidente c";"129,38";"BR-163/MS";"SUL";"Colisão com veículos (traseira)";0;0;3;0;0;6;0;0;0;0;8;1;0;0;0
"25/06/2023";"08:51:00";"86";"Acidente s";"245,441";"BR-163/MS";"SUL";"Colisão com veículos (traseira)";0;0;0;0;0;0;0;0;0;2;4;0;0;0;0
"25/06/2023";"18:49:00";"211";"Acidente s";"227,968";"BR-163/MS";"NORTE";"Atropelamento de animais";1;0;0;0;0;0;0;0;0;0;1;0;0;0;0
"25/06/2023";"23:36:00";"340";"Acidente c";"478,225";"BR-163/MS";"SUL";"Colisão com veículos (traseira)";0;0;1;1;0;0;0;0;0;1;2;0;1;0;0
"26/06/2023";"00:01:00";"2";"Acidente s";"256,736";"BR-163/MS";"NORTE";"Colisão com veículos (traseira)";1;0;0;0;0;0;0;0;0;1;5;0;0;0;0
"26/06/2023";"17:05:00";"253";"Acidente s";"491,52";"BR-163/MS";"SUL";"Colisão lateral no mesmo sentido";0;0;0;0;0;1;0;0;0;1;2;0;0;0;0
"27/06/2023";"08:26:00";"118";"Acidente s";"157,65";"BR-163/MS";"SUL";"Saídas de pista";1;0;0;0;0;0;0;0;0;0;1;0;0;0;0
"27/06/2023";"09:44:00";"162";"Acidente s";"360,438";"BR-163/MS";"SUL";"Capotamento";1;0;0;0;0;0;0;0;0;0;1;0;0;0;0
"27/06/2023";"16:35:00";"310";"Acidente s";"490,536";"BR-163/MS";"NORTE";"Colisão com veículos (traseira)";1;0;1;0;0;2;0;0;0;0;5;0;0;0;0
"27/06/2023";"17:20:00";"321";"Acidente c";"484,469";"BR-163/MS";"NORTE";"Colisão com veículos (frontal)";0;0;0;2;0;0;0;0;0;0;0;0;2;1;0
"27/06/2023";"20:49:00";"408";"Acidente s";"65,428";"BR-163/MS";"SUL";"Tombamento";0;0;1;0;0;0;0;0;0;0;1;0;0;0;0
"28/06/2023";"00:35:00";"3";"Acidente s";"628,586";"BR-163/MS";"NORTE";"Colisão com veículos (traseira)";1;0;1;0;0;2;0;0;0;0;5;0;0;0;0
"28/06/2023";"06:42:00";"35";"Acidente s";"603,452";"BR-163/MS";"SUL";"Colisão com veículos (traseira)";1;0;0;0;0;0;0;0;0;1;3;0;0;0;0
"28/06/2023";"07:54:00";"82";"Acidente c";"476,381";"BR-163/MS";"SUL";"Colisão lateral no sentido contrário";0;0;0;2;0;0;0;0;0;0;1;1;0;0;0
"29/06/2023";"05:14:00";"22";"Acidente c";"503,94";"BR-163/MS";"NORTE";"Capotamento";0;0;0;0;0;0;0;0;0;1;0;0;1;0;0
"29/06/2023";"07:19:00";"82";"Acidente c";"481,69";"BR-163/MS";"SUL";"Colisão com veículos (traseira)";0;0;0;1;0;0;0;0;0;1;1;1;0;0;0
"29/06/2023";"15:31:00";"275";"Acidente c";"185,211";"BR-163/MS";"NORTE";"Tombamento";0;0;1;0;0;1;0;0;0;0;1;1;0;0;0