data;horario;n_da_ocorrencia;tipo_de_ocorrencia;km;trecho;sentido;tipo_de_acidente;automovel;bicicleta;caminhao;moto;onibus;outros;tracao_animal;transporte_de_cargas_especiais;trator_maquinas;utilitarios;ilesos;levemente_feridos;moderadamente_feridos;gravemente_feridos;mortos
"29/06/2023";"18:31:00";"332";"Acidente c";"485,5";"BR-163/MS";"SUL";"Colisão c/ obstáculos";1;0;0;0;0;0;0;0;0;0;0;1;0;0;0
"29/06/2023";"23:54:00";"434";"Acidente s";"58,925";"BR-163/MS";"SUL";"Saídas de pista";0;0;1;0;0;1;0;0;0;0;2;0;0;0;0
"30/06/2023";"09:39:00";"142";"Acidente s";"188,853";"BR-163/MS";"SUL";"Colisão com veículos (traseira)";1;0;0;0;0;0;0;0;0;1;3;0;0;0;0
"30/06/2023";"09:41:00";"143";"Acidente s";"725,944";"BR-163/MS";"NORTE";"Colisão lateral no mesmo sentido";1;0;1;0;0;3;0;0;0;0;5;0;0;0;0
"30/06/2023";"12:18:00";"188";"Acidente s";"555,352";"BR-163/MS";"NORTE";"Tombamento";0;0;1;0;0;0;0;0;0;0;1;0;0;0;0
"30/06/2023";"13:26:00";"203";"Acidente c";"555,401";"BR-163/MS";"NORTE";"Colisão com veículos (traseira)";1;0;0;0;0;0;0;0;0;1;3;2;2;0;0
"30/06/2023";"13:32:00";"205";"Acidente s";"339,25";"BR-163/MS";"SUL";"Colisão lateral no sentido contrário";1;0;0;0;0;0;0;0;0;1;3;0;0;0;0
"30/06/2023";"15:33:00";"235";"Acidente c";"658,971";"BR-163/MS";"NORTE";"Colisão com veículos (traseira)";1;0;0;1;0;0;0;0;0;0;2;0;1;0;0
"30/06/2023";"18:50:00";"277";"Acidente s";"240,878";"BR-163/MS";"SUL";"Colisão lateral no mesmo sentido";1;0;0;0;0;1;0;0;0;0;4;0;0;0;0
"30/06/2023";"18:54:00";"278";"Acidente s";"462,87";"BR-163/MS";"SUL";"Colisão lateral no mesmo sentido";0;0;2;0;0;3;0;0;0;0;5;0;0;0;0
"30/06/2023";"22:23:00";"394";"Acidente s";"262,969";"BR-163/MS";"NORTE";"Colisão lateral no sentido contrário";1;0;0;0;0;1;0;0;0;0;2;0;0;0;0
"01/07/2023";"01:42:00";"5";"Acidente s";"728,439";"BR-163/MS";"SUL";"Saídas de pista";1;0;0;0;0;0;0;0;0;0;1;0;0;0;0
"01/07/2023";"04:53:00";"22";"Acidente s";"211,465";"BR-163/MS";"NORTE";"Colisão lateral no mesmo sentido";2;0;0;0;0;0;0;0;0;0;4;0;0;0;0
"01/07/2023";"05:35:00";"44";"Acidente s";"216,36";"BR-163/MS";"SUL";"Saídas de pista";1;0;0;0;0;0;0;0;0;0;1;0;0;0;0
"01/07/2023";"13:07:00";"200";"Acidente c";"411,901";"BR-163/MS";"SUL";"Capotamento";1;0;0;0;0;0;0;0;0;0;4;0;1;0;0
"01/07/2023";"17:17:00";"281";"Acidente s";"48,867";"BR-163/MS";"NORTE";"Colisão c/ obstáculos";1;0;0;0;0;1;0;0;0;0;3;0;0;0;0
"01/07/2023";"18:12:00";"294";"Acidente s";"607,551";"BR-163/MS";"NORTE";"Colisão com veículos (traseira)";0;0;1;0;0;1;0;0;0;1;2;0;0;0;0
"01/07/2023";"18:59:00";"301";"Acidente c";"79,6";"BR-163/MS";"NORTE";"Colisão com veículos (traseira)";0;1;0;1;0;0;0;0;0;0;0;1;0;1;0
"01/07/2023";"19:25:00";"313";"Acidente c";"615,656";"BR-163/MS";"SUL";"Colisão lateral no sentido contrário";2;0;0;0;0;0;0;0;0;0;4;1;0;0;0
"01/07/2023";"20:08:00";"347";"Acidente s";"711,71";"BR-163/MS";"SUL";"Atropelamento de animais";1;0;0;0;0;0;0;0;0;0;1;0;0;0;0
"01/07/2023";"22:40:00";"430";"Acidente s";"799,468";"BR-163/MS";"SUL";"Atropelamento de animais";1;0;0;0;0;0;0;0;0;0;2;0;0;0;0
"02/07/2023";"05:09:00";"23";"Acidente s";"438,77";"BR-163/MS";"NORTE";"Atropelamento de animais";0;0;1;0;0;1;0;0;0;0;2;0;0;0;0
"02/07/2023";"07:45:00";"37";"Acidente s";"794,145";"BR-163/MS";"SUL";"Colisão com veículos (traseira)";1;0;1;0;0;1;0;0;0;0;3;0;0;0;0
"02/07/2023";"09:45:00";"99";"Acidente c";"518,953";"BR-163/MS";"NORTE";"Tombamento de moto";0;0;0;1;0;0;0;0;0;0;0;0;1;0;0
"02/07/2023";"13:07:00";"153";"Acidente s";"621,56";"BR-163/MS";"NORTE";"Colisão c/ obstáculos";1;0;0;0;0;0;0;0;0;0;2;0;0;0;0
"02/07/2023";"18:27:00";"232";"Acidente s";"484,678";"BR-163/MS";"NORTE";"Colisão lateral no sentido contrário";0;0;1;0;0;0;0;0;0;1;3;0;0;0;0
"03/07/2023";"03:46:00";"20";"Acidente c";"437,886";"BR-163/MS";"NORTE";"Atropelamento de animais";1;0;0;0;0;0;0;0;0;0;4;1;0;0;0
"03/07/2023";"07:48:00";"95";"Acidente c";"484,72";"BR-163/MS";"NORTE";"Colisão com veículos (frontal)";0;0;1;2;0;0;0;0;0;1;3;1;0;0;1
"03/07/2023";"08:34:00";"122";"Acidente s";"113,253";"BR-163/MS";"NORTE";"Colisão com veículos (traseira)";0;0;2;0;0;0;0;0;0;0;3;0;0;0;0
"03/07/2023";"11:18:00";"192";"Acidente s";"444,394";"BR-163/MS";"NORTE";"Capotamento";0;0;0;0;0;0;0;0;0;1;1;0;0;0;0
"03/07/2023";"15:49:00";"260";"Acidente s";"609,331";"BR-163/MS";"SUL";"Tombamento";0;0;1;0;0;1;0;0;0;0;2;0;0;0;0
"03/07/2023";"18:49:00";"309";"Atropelame";"460,285";"BR-163/MS";"SUL";"Atropelamento de pedestre";0;0;1;0;0;2;0;0;0;0;3;0;0;1;0
"03/07/2023";"19:08:00";"331";"Acidente c";"482,818";"BR-163/MS";"NORTE";"Colisão com veículos (frontal)";2;0;0;1;0;0;0;0;0;0;2;1;0;0;1
"04/07/2023";"06:10:00";"26";"Acidente s";"697,317";"BR-163/MS";"SUL";"Saídas de pista";1;0;0;0;0;0;0;0;0;0;4;0;0;0;0
"04/07/2023";"09:22:00";"140";"Acidente s";"283,854";"BR-163/MS";"NORTE";"Saídas de pista";0;0;0;0;0;0;0;0;0;2;2;0;0;0;0
"04/07/2023";"16:21:00";"247";"Acidente c";"172,984";"BR-163/MS";"NORTE";"Colisão com veículos (traseira)";0;0;2;0;0;1;0;0;0;0;3;1;0;0;0
"05/07/2023";"07:39:00";"83";"Acidente c";"478,696";"BR-163/MS";"NORTE";"Colisão lateral no sentido contrário";0;0;0;1;0;0;0;0;0;1;1;1;0;0;0
"05/07/2023";"08:00:00";"91";"Acidente s";"564,712";"BR-163/MS";"SUL";"Tombamento";0;0;1;0;0;3;0;0;0;0;4;0;0;0;0
"05/07/2023";"12:07:00";"182";"Acidente s";"308,774";"BR-163/MS";"SUL";"Atropelamento de animais";1;0;0;0;0;0;0;0;0;0;2;0;0;0;0
"06/07/2023";"05:48:00";"19";"Acidente s";"654,277";"BR-163/MS";"SUL";"Atropelamento de animais";0;0;0;0;0;0;0;0;0;1;8;0;0;0;0
"06/07/2023";"16:01:00";"338";"Acidente c";"260,981";"BR-163/MS";"SUL";"Tombamento de moto";0;0;0;1;0;0;0;0;0;0;0;1;0;0;0
"06/07/2023";"19:45:00";"415";"Acidente s";"385,42";"BR-163/MS";"SUL";"Atropelamento de animais";1;0;0;0;0;0;0;0;0;0;4;0;0;0;0
"07/07/2023";"03:07:00";"15";"Acidente s";"647,951";"BR-163/MS";"SUL";"Colisão com veículos (traseira)";0;0;2;0;0;1;0;0;0;0;3;0;0;0;0
"07/07/2023";"10:24:00";"182";"Acidente s";"153,615";"BR-163/MS";"NORTE";"Colisão com veículos (traseira)";1;0;0;0;0;1;0;0;0;0;2;0;0;0;0
"07/07/2023";"12:33:00";"225";"Acidente s";"432,256";"BR-163/MS";"NORTE";"Colisão com veículos (traseira)";0;0;0;0;0;0;0;0;0;2;2;0;0;0;0
"07/07/2023";"13:32:00";"245";"Acidente s";"502,218";"BR-163/MS";"NORTE";"Saídas de pista";0;0;0;0;0;0;0;0;0;1;1;0;0;0;0
"07/07/2023";"20:44:00";"408";"Acidente c";"9,622";"BR-163/MS";"NORTE";"Colisão c/ obstáculos";0;0;0;1;0;0;0;0;0;0;0;1;0;0;0
"08/07/2023";"03:25:00";"18";"Atropelame";"687,645";"BR-163/MS";"SUL";"Atropelamento de pedestre";0;0;0;0;0;1;0;0;0;0;1;0;0;0;1
"08/07/2023";"10:27:00";"165";"Acidente s";"575,341";"BR-163/MS";"SUL";"Colisão lateral no sentido contrário";1;0;0;0;0;0;0;0;0;1;6;0;0;0;0
"08/07/2023";"10:36:00";"171";"Acidente s";"793,882";"BR-163/MS";"NORTE";"Saídas de pista";1;0;0;0;0;0;0;0;0;1;5;0;0;0;0
"08/07/2023";"16:08:00";"281";"Acidente c";"484,483";"BR-163/MS";"NORTE";"Colisão lateral no sentido contrário";1;0;0;0;0;0;0;0;0;1;2;1;0;0;0
"09/07/2023";"00:52:00";"7";"Acidente c";"500,133";"BR-163/MS";"SUL";"Capotamento";1;0;0;0;0;0;0;0;0;0;0;1;0;0;0
"09/07/2023";"06:19:00";"30";"Acidente s";"19,687";"BR-163/MS";"NORTE";"Colisão com veículos (traseira)";1;0;0;0;1;0;0;0;0;0;38;0;0;0;0
"09/07/2023";"11:51:00";"147";"Acidente s";"56,568";"BR-163/MS";"NORTE";"Colisão com veículos (traseira)";0;0;2;0;0;0;0;0;0;0;2;0;0;0;0
"09/07/2023";"17:32:00";"216";"Acidente c";"546";"BR-163/MS";"NORTE";"Colisão lateral no mesmo sentido";0;0;0;2;0;0;0;0;0;1;1;3;2;0;0
"09/07/2023";"20:56:00";"258";"Acidente s";"250,813";"BR-163/MS";"SUL";"Tombamento";1;0;0;0;0;0;0;0;0;0;1;0;0;0;0
"09/07/2023";"23:55:00";"277";"Acidente s";"634,551";"BR-163/MS";"NORTE";"Atropelamento de animais";1;0;0;0;0;0;0;0;0;0;5;0;0;0;0
"10/07/2023";"15:54:00";"259";"Acidente s";"655,9";"BR-163/MS";"SUL";"Colisão lateral no mesmo sentido";1;0;0;0;0;1;0;0;0;0;3;0;0;0;0
"11/07/2023";"06:00:00";"31";"Acidente s";"777,399";"BR-163/MS";"SUL";"Colisão c/ obstáculos";1;0;0;0;0;0;0;0;0;0;1;0;0;0;0
"11/07/2023";"10:41:00";"169";"Acidente s";"19,41";"BR-163/MS";"NORTE";"Colisão lateral no mesmo sentido";1;0;1;0;0;0;0;0;0;0;2;0;0;0;0
"11/07/2023";"13:53:00";"201";"Acidente c";"394,877";"BR-163/MS";"SUL";"Colisão com veículos (frontal)";0;0;1;1;0;2;0;0;0;0;3;0;0;0;1
"11/07/2023";"15:16:00";"216";"Acidente s";"457,349";"BR-163/MS";"NORTE";"Colisão com veículos (traseira)";0;0;1;0;0;0;0;0;0;1;3;0;0;0;0
"11/07/2023";"16:43:00";"235";"Acidente c";"700,67";"BR-163/MS";"NORTE";"Colisão c/ obstáculos";0;0;1;0;0;1;0;0;0;0;1;0;1;0;0
"12/07/2023";"08:35:00";"77";"Acidente s";"186,4";"BR-163/MS";"SUL";"Tombamento";0;0;1;0;0;1;0;0;0;0;2;0;0;0;0
"12/07/2023";"09:48:00";"97";"Acidente s";"731";"BR-163/MS";"NORTE";"Colisão lateral no sentido contrário";0;0;1;0;0;0;0;0;0;1;2;0;0;0;0
"12/07/2023";"13:10:00";"205";"Acidente c";"488,15";"BR-163/MS";"NORTE";"Colisão com veículos (frontal)";0;0;1;1;0;1;0;0;0;0;2;0;0;0;2
"12/07/2023";"19:18:00";"298";"Acidente s";"216";"BR-163/MS";"SUL";"Colisão com veículos (traseira)";1;0;0;0;0;0;0;0;0;1;2;0;0;0;0
"13/07/2023";"05:58:00";"34";"Acidente s";"6";"BR-163/MS";"NORTE";"Saídas de pista";1;0;0;0;0;0;0;0;0;0;3;0;0;0;0
"13/07/2023";"08:04:00";"107";"Acidente s";"294";"BR-163/MS";"SUL";"Colisão com veículos (traseira)";1;0;0;0;0;0;0;0;0;1;2;0;0;0;0
"13/07/2023";"13:30:00";"231";"Acidente s";"743,152";"BR-163/MS";"NORTE";"Saídas de pista";0;0;0;0;0;0;0;0;0;1;2;0;0;0;0
"13/07/2023";"17:07:00";"271";"Acidente c";"212,219";"BR-163/MS";"NORTE";"Colisão lateral no sentido contrário";1;0;1;0;0;0;0;0;0;0;1;1;0;0;0
"13/07/2023";"18:02:00";"279";"Acidente s";"476,392";"BR-163/MS";"NORTE";"Colisão lateral no mesmo sentido";1;0;0;1;0;0;0;0;0;0;3;0;0;0;0
"14/07/2023";"09:42:00";"158";"Acidente c";"528,145";"BR-163/MS";"SUL";"Colisão com veículos (frontal)";1;0;0;1;0;0;0;0;0;0;1;1;0;0;0
"14/07/2023";"12:02:00";"195";"Acidente s";"218,62";"BR-163/MS";"NORTE";"Colisão com veículos (traseira)";2;0;0;0;0;0;0;0;0;0;4;0;0;0;0
"14/07/2023";"16:32:00";"272";"Acidente s";"40,18";"BR-163/MS";"NORTE";"Colisão lateral no sentido contrário";0;0;0;0;0;0;0;0;0;2;2;0;0;0;0
"14/07/2023";"18:12:00";"297";"Acidente s";"664,16";"BR-163/MS";"NORTE";"Atropelamento de animais";0;0;0;0;0;0;0;0;0;1;1;0;0;0;0
"15/07/2023";"00:22:00";"4";"Acidente s";"518,669";"BR-163/MS";"NORTE";"Atropelamento de animais";1;0;0;0;0;0;0;0;0;0;2;0;0;0;0
"15/07/2023";"03:35:00";"21";"Acidente c";"502,893";"BR-163/MS";"NORTE";"Capotamento";1;0;0;0;0;0;0;0;0;0;0;0;1;0;0
"15/07/2023";"10:55:00";"154";"Acidente s";"441,59";"BR-163/MS";"NORTE";"Colisão lateral no sentido contrário";1;0;1;0;0;0;0;0;0;0;3;0;0;0;0
"15/07/2023";"11:54:00";"163";"Acidente s";"271,321";"BR-163/MS";"NORTE";"Colisão lateral no mesmo sentido";2;0;0;0;0;0;0;0;0;0;2;0;0;0;0
"15/07/2023";"12:01:00";"167";"Acidente c";"838,222";"BR-163/MS";"SUL";"Capotamento";1;0;0;0;0;0;0;0;0;0;1;1;0;0;0
"15/07/2023";"13:13:00";"179";"Acidente s";"485,214";"BR-163/MS";"NORTE";"Colisão com veículos (traseira)";1;0;1;0;0;2;0;0;0;0;9;0;0;0;0
"15/07/2023";"13:24:00";"181";"Acidente s";"139,4";"BR-163/MS";"SUL";"Saídas de pista";0;0;1;0;0;3;0;0;0;0;4;0;0;0;0
"15/07/2023";"18:05:00";"247";"Acidente s";"798,266";"BR-163/MS";"SUL";"Colisão com veículos (traseira)";1;0;0;0;0;0;0;0;0;1;6;0;0;0;0
"15/07/2023";"20:28:00";"303";"Acidente s";"526,332";"BR-163/MS";"NORTE";"Colisão com veículos (traseira)";2;0;0;0;0;0;0;0;0;0;4;0;0;0;0
"16/07/2023";"05:44:00";"22";"Acidente s";"110,804";"BR-163/MS";"NORTE";"Colisão c/ obstáculos";1;0;0;0;0;0;0;0;0;0;1;0;0;0;0
"16/07/2023";"08:26:00";"81";"Acidente c";"50,725";"BR-163/MS";"NORTE";"Capotamento";1;0;0;0;0;0;0;0;0;0;0;4;0;0;0
"16/07/2023";"09:11:00";"92";"Acidente s";"288,103";"BR-163/MS";"NORTE";"Colisão com veículos (traseira)";1;0;0;0;0;0;0;0;0;1;4;0;0;0;0
"16/07/2023";"13:40:00";"139";"Acidente s";"499,199";"BR-163/MS";"SUL";"Tombamento";0;0;1;0;0;2;0;0;0;0;3;0;0;0;0
"16/07/2023";"15:06:00";"158";"Acidente s";"177,167";"BR-163/MS";"SUL";"Colisão com veículos (frontal)";1;0;1;0;0;0;0;0;0;0;3;0;0;0;0
"16/07/2023";"15:37:00";"165";"Atropelame";"225,251";"BR-163/MS";"SUL";"Atropelamento de pedestre";0;0;0;0;0;1;0;0;0;0;1;1;0;0;0
"16/07/2023";"16:29:00";"178";"Acidente s";"177,196";"BR-163/MS";"SUL";"Tombamento";0;0;1;0;0;1;0;0;0;0;2;0;0;0;0
"16/07/2023";"16:32:00";"180";"Acidente c";"515,136";"BR-163/MS";"NORTE";"Saídas de pista";0;0;0;0;0;0;0;0;0;1;0;1;0;0;0
"16/07/2023";"17:43:00";"202";"Acidente c";"680,838";"BR-163/MS";"NORTE";"Colisão com veículos (frontal)";1;0;0;0;0;0;0;0;0;1;1;1;0;0;0
"16/07/2023";"17:58:00";"217";"Atropelame";"767,749";"BR-163/MS";"NORTE";"Atropelamento de pedestre";0;0;1;0;0;1;0;0;0;0;2;0;0;1;0
"16/07/2023";"18:22:00";"227";"Acidente c";"363,262";"BR-163/MS";"NORTE";"Colisão com veículos (traseira)";2;0;0;0;0;0;0;0;0;0;2;1;0;0;0
"16/07/2023";"20:52:00";"252";"Acidente c";"609,483";"BR-163/MS";"SUL";"Tombamento de moto";0;0;0;1;0;0;0;0;0;0;0;1;0;0;0
"17/07/2023";"13:15:00";"204";"Acidente c";"381,829";"BR-163/MS";"NORTE";"Colisão lateral no mesmo sentido";1;0;0;0;0;1;0;0;0;1;5;1;0;0;0
"17/07/2023";"15:08:00";"229";"Acidente s";"378,94";"BR-163/MS";"SUL";"Colisão com veículos (traseira)";0;0;1;0;0;0;0;0;0;1;2;0;0;0;0
"17/07/2023";"19:54:00";"303";"Acidente s";"443,703";"BR-163/MS";"NORTE";"Colisão lateral no sentido contrário";0;0;1;0;0;0;0;0;0;1;3;0;0;0;0
"18/07/2023";"14:13:00";"254";"Acidente c";"258,874";"BR-163/MS";"NORTE";"Colisão com veículos (traseira)";0;0;3;1;0;2;0;0;0;0;6;0;1;0;0
"18/07/2023";"16:30:00";"282";"Acidente s";"35,624";"BR-163/MS";"NORTE";"Colisão com veículos (traseira)";0;0;2;0;0;1;0;0;0;0;4;0;0;0;0
"18/07/2023";"17:35:00";"296";"Acidente c";"75,271";"BR-163/MS";"NORTE";"Colisão com veículos (frontal)";0;0;3;0;0;2;0;0;0;0;2;6;0;0;0
"18/07/2023";"17:48:00";"298";"Acidente c";"482,434";"BR-163/MS";"NORTE";"Colisão lateral no mesmo sentido";1;0;0;1;0;0;0;0;0;0;1;1;0;0;0
"18/07/2023";"18:12:00";"305";"Acidente s";"252,585";"BR-163/MS";"SUL";"Outros";1;0;0;0;0;0;0;0;0;0;1;0;0;0;0
"19/07/2023";"05:27:00";"20";"Acidente s";"328,167";"BR-163/MS";"SUL";"Atropelamento de animais";1;0;0;0;0;0;0;0;0;0;1;0;0;0;0
"19/07/2023";"07:30:00";"81";"Acidente s";"475,295";"BR-163/MS";"NORTE";"Colisão lateral no sentido contrário";2;0;0;0;0;0;0;0;0;1;5;0;0;0;0
"19/07/2023";"11:18:00";"195";"Acidente c";"419,204";"BR-163/MS";"SUL";"Colisão lateral no sentido contrário";3;0;0;0;0;0;0;0;0;0;7;1;1;0;0
"19/07/2023";"14:48:00";"251";"Acidente c";"512,269";"BR-163/MS";"SUL";"Colisão com veículos (traseira)";0;0;2;0;0;2;0;0;0;0;3;0;0;1;0
"19/07/2023";"18:01:00";"297";"Acidente c";"464,884";"BR-163/MS";"NORTE";"Colisão com veículos (frontal)";1;0;0;1;0;0;0;0;0;0;2;0;0;1;0
"19/07/2023";"20:11:00";"339";"Acidente s";"216,406";"BR-163/MS";"SUL";"Colisão c/ obstáculos";0;0;1;0;0;0;0;0;0;0;1;0;0;0;0
"19/07/2023";"20:53:00";"345";"Acidente s";"227,134";"BR-163/MS";"NORTE";"Atropelamento de animais";1;0;0;0;0;0;0;0;0;0;4;0;0;0;0
"20/07/2023";"19:35:00";"324";"Acidente s";"690,982";"BR-163/MS";"NORTE";"Atropelamento de animais";1;0;0;0;0;0;0;0;0;0;5;0;0;0;0
"20/07/2023";"21:22:00";"342";"Acidente s";"315,737";"BR-163/MS";"SUL";"Colisão c/ obstáculos";1;0;0;0;0;0;0;0;0;0;1;0;0;0;0
"20/07/2023";"23:28:00";"381";"Acidente c";"195,202";"BR-163/MS";"NORTE";"Colisão com veículos (traseira)";0;0;3;0;0;4;0;0;0;0;7;0;0;0;2
"20/07/2023";"23:50:00";"394";"Acidente s";"538,256";"BR-163/MS";"SUL";"Atropelamento de animais";0;0;0;0;0;0;0;0;0;1;1;0;0;0;0
"21/07/2023";"08:55:00";"134";"Acidente s";"503,73";"BR-163/MS";"SUL";"Colisão com veículos (traseira)";2;0;0;0;0;0;0;0;0;0;4;0;0;0;0
"21/07/2023";"10:16:00";"158";"Acidente c";"181,648";"BR-163/MS";"NORTE";"Colisão com veículos (frontal)";0;0;2;0;0;4;0;0;0;0;5;1;0;0;0
"21/07/2023";"14:30:00";"233";"Acidente s";"59,571";"BR-163/MS";"SUL";"Tombamento";0;0;1;0;0;2;0;0;0;0;3;0;0;0;0
"21/07/2023";"14:49:00";"240";"Acidente c";"63,272";"BR-163/MS";"NORTE";"Colisão com veículos (frontal)";1;0;1;0;0;2;0;0;0;0;3;0;0;0;1
"21/07/2023";"15:49:00";"254";"Acidente s";"600,781";"BR-163/MS";"NORTE";"Colisão com veículos (traseira)";0;0;2;0;0;0;0;0;0;0;2;0;0;0;0
"21/07/2023";"16:24:00";"262";"Acidente s";"131,29";"BR-163/MS";"NORTE";"Colisão lateral no sentido contrário";0;0;2;0;0;1;0;0;0;1;7;0;0;0;0
"21/07/2023";"16:33:00";"266";"Acidente c";"831,685";"BR-163/MS";"SUL";"Colisão lateral no sentido contrário";1;0;1;0;0;1;0;0;0;0;5;4;0;0;0
"21/07/2023";"17:06:00";"273";"Acidente c";"484,834";"BR-163/MS";"NORTE";"Tombamento de moto";0;0;0;1;0;0;0;0;0;0;0;1;0;0;0
"21/07/2023";"18:36:00";"296";"Acidente s";"614,872";"BR-163/MS";"NORTE";"Engavetamento";2;0;0;0;0;0;0;0;0;1;5;0;0;0;0
"21/07/2023";"21:21:00";"336";"Acidente s";"8,117";"BR-163/MS";"SUL";"Colisão c/ obstáculos";0;0;0;0;0;0;0;0;0;1;3;0;0;0;0
"22/07/2023";"06:56:00";"37";"Acidente c";"261,304";"BR-163/MS";"NORTE";"Tombamento de moto";0;0;0;1;0;0;0;0;0;0;0;1;0;0;0
"22/07/2023";"07:09:00";"59";"Acidente c";"698,255";"BR-163/MS";"NORTE";"Capotamento";1;0;0;0;0;0;0;0;0;0;0;1;0;0;0
"22/07/2023";"12:11:00";"162";"Acidente s";"355,835";"BR-163/MS";"SUL";"Saídas de pista";1;0;0;0;0;0;0;0;0;0;2;0;0;0;0
"22/07/2023";"19:02:00";"270";"Atropelame";"21,8";"BR-163/MS";"SUL";"Atropelamento de pedestre";0;0;0;1;0;0;0;0;0;0;1;1;0;1;0
"22/07/2023";"22:09:00";"313";"Acidente s";"495,163";"BR-163/MS";"SUL";"Saídas de pista";1;0;0;0;0;0;0;0;0;0;2;0;0;0;0
"23/07/2023";"02:52:00";"12";"Acidente s";"281,452";"BR-163/MS";"NORTE";"Saídas de pista";1;0;0;0;0;0;0;0;0;0;1;0;0;0;0
"23/07/2023";"07:12:00";"29";"Acidente c";"280,165";"BR-163/MS";"NORTE";"Tombamento";0;1;0;0;0;0;0;0;0;0;0;1;0;0;0
"23/07/2023";"08:46:00";"81";"Acidente c";"124,399";"BR-163/MS";"NORTE";"Tombamento";0;0;1;0;0;1;0;0;0;0;1;1;0;0;0
"23/07/2023";"11:58:00";"129";"Acidente s";"481,104";"BR-163/MS";"SUL";"Capotamento";0;0;1;0;0;0;0;0;0;0;2;0;0;0;0
"24/07/2023";"05:11:00";"18";"Acidente s";"380,171";"BR-163/MS";"SUL";"Saídas de pista";0;0;1;0;0;0;0;0;0;0;1;0;0;0;0
"24/07/2023";"06:46:00";"36";"Acidente s";"261,404";"BR-163/MS";"NORTE";"Saídas de pista";1;0;0;0;0;0;0;0;0;0;1;0;0;0;0
"24/07/2023";"07:58:00";"75";"Acidente c";"483,104";"BR-163/MS";"NORTE";"Colisão lateral no mesmo sentido";0;0;1;1;0;2;0;0;0;0;3;1;0;0;0
"24/07/2023";"08:12:00";"82";"Acidente c";"745,427";"BR-163/MS";"NORTE";"Tombamento de moto";0;0;0;1;0;0;0;0;0;0;1;1;0;0;0
"24/07/2023";"08:13:00";"83";"Acidente s";"484,397";"BR-163/MS";"SUL";"Colisão com veículos (traseira)";2;0;0;0;0;0;0;0;0;0;2;0;0;0;0
"24/07/2023";"08:37:00";"91";"Acidente s";"484,397";"BR-163/MS";"SUL";"Colisão lateral no sentido contrário";2;0;0;0;0;0;0;0;0;1;5;0;0;0;0
"24/07/2023";"17:22:00";"305";"Acidente s";"485,921";"BR-163/MS";"SUL";"Colisão com veículos (traseira)";0;0;0;0;0;0;0;0;0;2;2;0;0;0;0
"25/07/2023";"03:44:00";"16";"Acidente s";"379,586";"BR-163/MS";"SUL";"Saídas de pista";1;0;0;0;0;0;0;0;0;0;3;0;0;0;0
"25/07/2023";"10:09:00";"154";"Acidente c";"1,968";"BR-163/MS";"SUL";"Colisão com veículos (traseira)";1;0;0;0;0;0;0;0;0;1;2;1;1;0;0
"25/07/2023";"15:43:00";"250";"Acidente c";"483,623";"BR-163/MS";"NORTE";"Engavetamento";0;0;3;0;0;0;0;0;0;0;3;0;1;0;0
"25/07/2023";"16:33:00";"272";"Acidente s";"17,988";"BR-163/MS";"NORTE";"Colisão com veículos (traseira)";1;0;0;0;0;0;0;0;0;1;2;0;0;0;0
"25/07/2023";"16:49:00";"278";"Acidente s";"783,917";"BR-163/MS";"NORTE";"Colisão c/ obstáculos";0;0;2;0;0;2;0;0;0;0;5;0;0;0;0
"25/07/2023";"18:05:00";"296";"Acidente c";"9,842";"BR-163/MS";"SUL";"Colisão com veículos (frontal)";0;1;0;1;0;0;0;0;0;0;0;2;0;0;0
"25/07/2023";"19:09:00";"306";"Acidente c";"339,8";"BR-163/MS";"NORTE";"Colisão com veículos (frontal)";1;0;0;0;0;0;0;0;0;1;0;1;0;0;1
"25/07/2023";"19:40:00";"312";"Acidente s";"654,57";"BR-163/MS";"NORTE";"Atropelamento de animais";1;0;0;0;0;0;0;0;0;0;1;0;0;0;0
"26/07/2023";"00:08:00";"1";"Acidente s";"789,327";"BR-163/MS";"NORTE";"Tombamento";0;0;1;0;0;1;0;0;0;0;3;0;0;0;0
"26/07/2023";"06:38:00";"23";"Acidente c";"253,479";"BR-163/MS";"SUL";"Tombamento de moto";0;0;0;1;0;1;0;0;0;0;1;1;0;0;0
"26/07/2023";"11:02:00";"149";"Acidente s";"256,58";"BR-163/MS";"SUL";"Colisão com veículos (traseira)";1;0;1;0;0;0;0;0;0;0;5;0;0;0;0
"26/07/2023";"13:01:00";"187";"Acidente s";"57,827";"BR-163/MS";"NORTE";"Saídas de pista";0;0;0;0;0;0;0;0;0;1;1;0;0;0;0
"26/07/2023";"23:47:00";"422";"Acidente s";"757,582";"BR-163/MS";"NORTE";"Atropelamento de animais";0;0;0;0;1;0;0;0;0;0;11;0;0;0;0
"27/07/2023";"04:58:00";"16";"Acidente s";"379,665";"BR-163/MS";"NORTE";"Atropelamento de animais";0;0;0;0;0;0;0;0;0;1;3;0;0;0;0