data;horario;n_da_ocorrencia;tipo_de_ocorrencia;km;trecho;sentido;tipo_de_acidente;automovel;bicicleta;caminhao;moto;onibus;outros;tracao_animal;transporte_de_cargas_especiais;trator_maquinas;utilitarios;ilesos;levemente_feridos;moderadamente_feridos;gravemente_feridos;mortos
"27/07/2023";"06:55:00";"67";"Acidente s";"272,94";"BR-163/MS";"NORTE";"Tombamento";0;0;1;0;0;2;0;0;0;0;3;0;0;0;0
"27/07/2023";"16:34:00";"283";"Acidente s";"575,356";"BR-163/MS";"NORTE";"Colisão lateral no sentido contrário";1;0;1;0;0;2;0;0;0;0;4;0;0;0;0
"27/07/2023";"19:12:00";"325";"Acidente s";"155,832";"BR-163/MS";"SUL";"Atropelamento de animais";1;0;0;0;0;0;0;0;0;0;1;0;0;0;0
"28/07/2023";"03:45:00";"25";"Acidente s";"586,4";"BR-163/MS";"NORTE";"Saídas de pista";0;0;1;0;0;1;0;0;0;0;2;0;0;0;0
"28/07/2023";"04:51:00";"29";"Acidente c";"341,771";"BR-163/MS";"NORTE";"Colisão com veículos (traseira)";0;0;2;0;0;2;0;0;0;0;4;0;0;1;0
"28/07/2023";"05:37:00";"34";"Acidente c";"658";"BR-163/MS";"NORTE";"Colisão lateral no mesmo sentido";0;0;0;2;0;0;0;0;0;0;1;1;0;0;0
"28/07/2023";"08:51:00";"158";"Acidente s";"674,912";"BR-163/MS";"NORTE";"Colisão lateral no mesmo sentido";0;0;2;0;0;1;0;0;0;0;9;0;0;0;0
"28/07/2023";"15:35:00";"262";"Acidente s";"179,807";"BR-163/MS";"NORTE";"Colisão lateral no sentido contrário";1;0;1;0;0;2;0;0;0;0;6;0;0;0;0
"28/07/2023";"16:03:00";"268";"Acidente c";"458,128";"BR-163/MS";"NORTE";"Colisão lateral no sentido contrário";1;0;0;1;0;0;0;0;0;0;2;0;1;0;0
"28/07/2023";"16:18:00";"269";"Acidente c";"484,386";"BR-163/MS";"NORTE";"Colisão lateral no mesmo sentido";1;0;0;1;0;0;0;0;0;0;1;1;0;0;0
"28/07/2023";"16:46:00";"275";"Acidente s";"78,536";"BR-163/MS";"NORTE";"Colisão lateral no sentido contrário";1;0;1;0;0;2;0;0;0;0;4;0;0;0;0
"28/07/2023";"23:22:00";"346";"Acidente s";"43,5";"BR-163/MS";"SUL";"Saídas de pista";0;0;0;0;0;0;0;0;0;1;1;0;0;0;0
"29/07/2023";"03:29:00";"17";"Acidente s";"69,318";"BR-163/MS";"NORTE";"Capotamento";1;0;0;0;0;0;0;0;0;0;2;0;0;0;0
"29/07/2023";"06:22:00";"31";"Acidente c";"717,15";"BR-163/MS";"NORTE";"Colisão lateral no mesmo sentido";1;0;1;0;0;1;0;0;0;0;2;1;0;0;0
"29/07/2023";"07:44:00";"75";"Acidente s";"187,682";"BR-163/MS";"SUL";"Capotamento";0;0;0;0;0;0;0;0;0;1;1;0;0;0;0
"29/07/2023";"08:58:00";"101";"Acidente c";"476,294";"BR-163/MS";"NORTE";"Colisão lateral no mesmo sentido";0;0;1;2;0;0;0;0;0;0;2;1;0;0;0
"29/07/2023";"09:00:00";"103";"Acidente c";"473,699";"BR-163/MS";"NORTE";"Colisão com veículos (traseira)";0;0;2;0;0;0;0;0;0;0;1;1;0;0;0
"29/07/2023";"11:24:00";"137";"Acidente s";"0,268";"BR-163/MS";"NORTE";"Tombamento";0;0;1;0;0;1;0;0;0;0;2;0;0;0;0
"29/07/2023";"13:50:00";"165";"Acidente s";"137,873";"BR-163/MS";"NORTE";"Capotamento";1;0;0;0;0;0;0;0;0;0;2;0;0;0;0
"29/07/2023";"18:39:00";"302";"Acidente s";"558,876";"BR-163/MS";"SUL";"Atropelamento de animais";0;0;1;0;0;1;0;0;0;0;2;0;0;0;0
"30/07/2023";"02:29:00";"8";"Acidente s";"209,426";"BR-163/MS";"NORTE";"Colisão c/ obstáculos";0;0;0;0;0;0;0;0;0;1;1;0;0;0;0
"30/07/2023";"02:43:00";"9";"Acidente c";"479,341";"BR-163/MS";"NORTE";"Colisão com veículos (traseira)";1;0;0;1;0;0;0;0;0;0;1;0;0;1;1
"30/07/2023";"03:33:00";"11";"Acidente s";"262,911";"BR-163/MS";"NORTE";"Saídas de pista";1;0;0;0;0;0;0;0;0;0;1;0;0;0;0
"30/07/2023";"05:41:00";"17";"Acidente s";"451,945";"BR-163/MS";"NORTE";"Atropelamento de animais";0;0;0;0;0;0;0;0;0;1;2;0;0;0;0
"30/07/2023";"19:01:00";"229";"Acidente s";"426,76";"BR-163/MS";"NORTE";"Colisão c/ obstáculos";0;0;0;0;0;0;0;0;0;1;2;0;0;0;0
"30/07/2023";"19:14:00";"236";"Acidente s";"426,76";"BR-163/MS";"SUL";"Atropelamento de animais";1;0;0;0;0;0;0;0;0;0;2;0;0;0;0
"30/07/2023";"21:26:00";"319";"Acidente c";"525,459";"BR-163/MS";"NORTE";"Atropelamento de animais";0;0;0;0;0;0;0;0;0;1;1;1;0;0;0
"31/07/2023";"15:37:00";"239";"Acidente c";"400,568";"BR-163/MS";"NORTE";"Colisão lateral no mesmo sentido";1;0;1;0;0;0;0;0;0;1;3;1;0;0;0
"31/07/2023";"17:00:00";"259";"Acidente s";"400,872";"BR-163/MS";"SUL";"Colisão com veículos (traseira)";1;0;0;0;0;0;0;0;0;1;3;0;0;0;0
"31/07/2023";"18:08:00";"271";"Acidente s";"661,425";"BR-163/MS";"NORTE";"Tombamento";0;0;1;0;0;1;0;0;0;0;2;0;0;0;0
"31/07/2023";"18:25:00";"273";"Acidente s";"139,902";"BR-163/MS";"NORTE";"Atropelamento de animais";1;0;0;0;0;0;0;0;0;0;2;0;0;0;0
"31/07/2023";"19:03:00";"279";"Acidente s";"431,973";"BR-163/MS";"NORTE";"Colisão c/ obstáculos";1;0;0;0;0;0;0;0;0;0;3;0;0;0;0
"01/08/2023";"00:57:00";"5";"Acidente s";"390,278";"BR-163/MS";"SUL";"Atropelamento de animais";1;0;0;0;0;0;0;0;0;0;1;0;0;0;0
"01/08/2023";"06:53:00";"48";"Acidente c";"188,213";"BR-163/MS";"SUL";"Saídas de pista";1;0;0;0;0;1;0;0;0;1;5;1;0;0;0
"01/08/2023";"07:23:00";"76";"Acidente s";"398,5";"BR-163/MS";"SUL";"Colisão com veículos (traseira)";0;0;2;0;0;4;0;0;0;0;6;0;0;0;0
"01/08/2023";"08:10:00";"115";"Acidente s";"341,7";"BR-163/MS";"SUL";"Colisão com veículos (traseira)";2;0;0;0;0;0;0;0;0;0;3;0;0;0;0
"01/08/2023";"08:36:00";"122";"Acidente c";"475,625";"BR-163/MS";"NORTE";"Colisão com veículos (traseira)";0;0;1;1;0;2;0;0;0;0;3;1;0;0;0
"01/08/2023";"09:02:00";"130";"Acidente s";"124";"BR-163/MS";"SUL";"Saídas de pista";1;0;0;0;0;0;0;0;0;0;2;0;0;0;0
"01/08/2023";"09:15:00";"147";"Acidente s";"477,208";"BR-163/MS";"SUL";"Colisão com veículos (traseira)";1;0;0;0;0;1;0;0;0;0;2;0;0;0;0
"01/08/2023";"13:04:00";"208";"Acidente s";"615,655";"BR-163/MS";"NORTE";"Colisão lateral no sentido contrário";1;0;0;1;0;0;0;0;0;0;2;0;0;0;0
"02/08/2023";"13:18:00";"207";"Acidente c";"251,217";"BR-163/MS";"SUL";"Engavetamento";0;0;3;0;0;3;0;0;0;0;4;2;0;0;0
"02/08/2023";"16:59:00";"269";"Acidente c";"655,182";"BR-163/MS";"SUL";"Tombamento";0;0;1;0;0;1;0;0;0;0;1;1;0;0;0
"02/08/2023";"19:08:00";"296";"Atropelame";"265,908";"BR-163/MS";"SUL";"Atropelamento de pedestre";0;0;0;0;0;1;0;0;0;0;1;0;0;1;0
"03/08/2023";"05:04:00";"26";"Acidente s";"820,161";"BR-163/MS";"SUL";"Atropelamento de animais";0;0;0;0;0;0;0;0;0;1;1;0;0;0;0
"03/08/2023";"10:52:00";"192";"Acidente s";"839,196";"BR-163/MS";"SUL";"Colisão com veículos (traseira)";1;0;1;0;0;0;0;0;0;0;6;0;0;0;0
"03/08/2023";"11:18:00";"202";"Acidente c";"818,39";"BR-163/MS";"NORTE";"Colisão com veículos (traseira)";0;0;0;0;1;0;0;0;0;1;0;46;0;0;0
"03/08/2023";"14:04:00";"236";"Acidente s";"481,5";"BR-163/MS";"SUL";"Saídas de pista";0;0;0;0;0;0;0;0;0;1;2;0;0;0;0
"03/08/2023";"19:02:00";"313";"Acidente c";"280,556";"BR-163/MS";"SUL";"Colisão com veículos (traseira)";1;0;0;1;0;0;0;0;0;0;1;1;0;0;0
"03/08/2023";"20:38:00";"345";"Acidente s";"791,6";"BR-163/MS";"SUL";"Atropelamento de animais";0;0;0;0;0;0;0;0;0;1;1;0;0;0;0
"03/08/2023";"22:58:00";"366";"Acidente c";"258,412";"BR-163/MS";"NORTE";"Colisão c/ obstáculos";0;0;0;1;0;1;0;0;0;0;1;1;0;0;0
"04/08/2023";"10:03:00";"152";"Acidente s";"478,9";"BR-163/MS";"SUL";"Colisão com veículos (traseira)";1;0;0;1;0;0;0;0;0;0;4;0;0;0;0
"04/08/2023";"17:40:00";"279";"Acidente s";"679,813";"BR-163/MS";"SUL";"Colisão lateral no sentido contrário";1;0;0;1;0;0;0;0;0;0;3;0;0;0;0
"04/08/2023";"20:23:00";"324";"Acidente s";"569,972";"BR-163/MS";"SUL";"Atropelamento de animais";1;0;0;0;0;0;0;0;0;0;1;0;0;0;0
"04/08/2023";"21:47:00";"345";"Acidente s";"444,387";"BR-163/MS";"NORTE";"Atropelamento de animais";1;0;0;0;0;0;0;0;0;0;1;0;0;0;0
"05/08/2023";"05:41:00";"39";"Acidente c";"262,794";"BR-163/MS";"NORTE";"Colisão lateral no mesmo sentido";0;1;1;0;0;2;0;0;0;0;3;1;0;0;0
"05/08/2023";"16:14:00";"262";"Acidente s";"482,55";"BR-163/MS";"SUL";"Colisão com veículos (traseira)";1;0;1;0;0;1;0;0;0;0;3;0;0;0;0
"05/08/2023";"16:25:00";"265";"Acidente s";"466,322";"BR-163/MS";"NORTE";"Tombamento de moto";0;0;0;1;0;0;0;0;0;0;1;0;0;0;0
"05/08/2023";"16:31:00";"267";"Acidente s";"313,25";"BR-163/MS";"NORTE";"Colisão com veículos (traseira)";0;0;0;0;0;0;0;0;0;2;3;0;0;0;0
"05/08/2023";"19:56:00";"346";"Acidente s";"642,5";"BR-163/MS";"SUL";"Colisão c/ obstáculos";1;0;0;0;0;0;0;0;0;0;3;0;0;0;0
"05/08/2023";"22:44:00";"378";"Acidente c";"18";"BR-163/MS";"SUL";"Colisão lateral no mesmo sentido";0;0;1;1;0;1;0;0;0;0;2;1;0;0;0
"05/08/2023";"22:56:00";"380";"Atropelame";"490";"BR-163/MS";"NORTE";"Atropelamento de pedestre";1;0;0;0;0;0;0;0;0;0;1;1;0;0;0
"06/08/2023";"17:52:00";"242";"Acidente c";"23,182";"BR-163/MS";"NORTE";"Colisão lateral no sentido contrário";0;0;1;0;0;1;0;0;0;1;3;1;0;0;0
"06/08/2023";"18:31:00";"277";"Acidente c";"462,408";"BR-163/MS";"NORTE";"Colisão com veículos (traseira)";2;0;0;0;0;0;0;0;0;0;1;1;0;0;0
"06/08/2023";"21:53:00";"305";"Acidente c";"615,816";"BR-163/MS";"NORTE";"Saídas de pista";1;0;0;0;0;0;0;0;0;0;0;1;0;0;0
"07/08/2023";"04:49:00";"29";"Acidente s";"278";"BR-163/MS";"NORTE";"Colisão c/ obstáculos";1;0;0;0;0;0;0;0;0;0;2;0;0;0;0
"07/08/2023";"11:55:00";"183";"Acidente c";"470,79";"BR-163/MS";"NORTE";"Colisão lateral no sentido contrário";1;0;0;1;0;0;0;0;0;0;2;1;0;0;0
"07/08/2023";"15:19:00";"235";"Acidente s";"589,302";"BR-163/MS";"NORTE";"Tombamento";0;0;1;0;0;1;0;0;0;0;2;0;0;0;0
"07/08/2023";"18:04:00";"266";"Acidente s";"245,5";"BR-163/MS";"SUL";"Tombamento";0;0;1;0;0;2;0;0;0;0;3;0;0;0;0
"08/08/2023";"08:12:00";"83";"Acidente s";"14";"BR-163/MS";"NORTE";"Colisão c/ obstáculos";0;0;1;0;0;0;0;0;0;0;2;0;0;0;0
"08/08/2023";"09:50:00";"146";"Acidente c";"1,45";"BR-163/MS";"SUL";"Saídas de pista";0;0;0;0;0;0;0;0;0;1;0;1;0;0;0
"08/08/2023";"11:29:00";"173";"Acidente s";"662,357";"BR-163/MS";"NORTE";"Tombamento";0;0;1;0;0;0;0;0;0;0;1;0;0;0;0
"08/08/2023";"16:06:00";"252";"Acidente s";"184,5";"BR-163/MS";"NORTE";"Saídas de pista";1;0;0;0;0;0;0;0;0;0;2;0;0;0;0
"08/08/2023";"17:57:00";"276";"Acidente c";"217,513";"BR-163/MS";"NORTE";"Atropelamento de animais";0;0;0;1;0;0;0;0;0;0;0;0;1;0;0
"09/08/2023";"08:36:00";"113";"Acidente s";"329,261";"BR-163/MS";"NORTE";"Colisão lateral no mesmo sentido";1;0;1;0;0;0;0;0;0;0;3;0;0;0;0
"09/08/2023";"16:33:00";"242";"Acidente s";"500,25";"BR-163/MS";"SUL";"Capotamento";1;0;0;0;0;0;0;0;0;0;1;0;0;0;0
"09/08/2023";"18:56:00";"269";"Acidente c";"590,296";"BR-163/MS";"NORTE";"Colisão com veículos (traseira)";0;0;1;0;0;1;0;0;0;1;2;1;0;1;0
"10/08/2023";"00:57:00";"6";"Acidente s";"456,22";"BR-163/MS";"NORTE";"Colisão lateral no sentido contrário";0;0;1;0;0;0;0;0;0;1;8;0;0;0;0
"10/08/2023";"05:33:00";"34";"Acidente c";"650,245";"BR-163/MS";"SUL";"Tombamento";0;0;1;0;0;1;0;0;0;0;1;1;0;0;0
"10/08/2023";"10:29:00";"149";"Acidente c";"570,23";"BR-163/MS";"SUL";"Engavetamento";1;0;3;0;0;2;0;0;0;0;5;0;1;0;0
"10/08/2023";"12:19:00";"174";"Acidente s";"413,442";"BR-163/MS";"NORTE";"Outros";0;0;2;0;0;2;0;0;0;0;4;0;0;0;0
"10/08/2023";"12:26:00";"175";"Acidente c";"466,452";"BR-163/MS";"SUL";"Tombamento de moto";1;0;0;1;0;0;0;0;0;0;1;1;0;0;0
"11/08/2023";"02:19:00";"34";"Acidente c";"803,75";"BR-163/MS";"NORTE";"Colisão lateral no mesmo sentido";1;0;1;0;0;1;0;0;0;0;2;1;1;0;2
"11/08/2023";"05:04:00";"45";"Acidente s";"367,75";"BR-163/MS";"SUL";"Tombamento";0;0;1;0;0;0;0;0;0;0;1;0;0;0;0
"11/08/2023";"20:04:00";"341";"Acidente s";"24,331";"BR-163/MS";"SUL";"Colisão lateral no mesmo sentido";1;0;0;0;0;1;0;0;0;0;3;0;0;0;0
"11/08/2023";"23:16:00";"399";"Acidente s";"451,741";"BR-163/MS";"SUL";"Atropelamento de animais";1;0;0;0;0;0;0;0;0;0;1;0;0;0;0
"12/08/2023";"03:33:00";"37";"Acidente s";"363,5";"BR-163/MS";"SUL";"Capotamento";1;0;0;0;0;0;0;0;0;0;1;0;0;0;0
"12/08/2023";"04:08:00";"41";"Acidente s";"261,1";"BR-163/MS";"SUL";"Atropelamento de animais";0;0;0;0;0;0;0;0;0;1;2;0;0;0;0
"12/08/2023";"04:24:00";"43";"Acidente c";"260,448";"BR-163/MS";"SUL";"Atropelamento de animais";0;0;0;1;0;0;0;0;0;0;0;1;0;0;0
"12/08/2023";"05:53:00";"54";"Acidente c";"198";"BR-163/MS";"SUL";"Colisão c/ obstáculos";0;0;0;1;0;0;0;0;0;0;0;1;0;0;0
"12/08/2023";"06:27:00";"59";"Acidente c";"258,2";"BR-163/MS";"NORTE";"Colisão c/ obstáculos";0;0;0;1;0;0;0;0;0;0;0;1;0;0;0
"12/08/2023";"10:38:00";"158";"Acidente s";"6,1";"BR-163/MS";"NORTE";"Colisão lateral no mesmo sentido";0;0;1;0;0;0;0;0;0;1;3;0;0;0;0
"12/08/2023";"11:18:00";"168";"Acidente c";"477,276";"BR-163/MS";"SUL";"Tombamento de moto";0;0;0;1;0;0;0;0;0;0;0;2;0;0;0
"12/08/2023";"16:29:00";"255";"Acidente c";"341,895";"BR-163/MS";"NORTE";"Colisão com veículos (traseira)";2;0;0;0;0;0;0;0;0;0;5;1;0;0;0
"12/08/2023";"18:32:00";"279";"Acidente s";"485";"BR-163/MS";"NORTE";"Colisão com veículos (traseira)";0;0;1;0;0;1;0;0;0;0;2;0;0;0;0
"12/08/2023";"23:47:00";"354";"Acidente s";"406,45";"BR-163/MS";"NORTE";"Colisão c/ obstáculos";1;0;0;0;0;0;0;0;0;0;2;0;0;0;0
"13/08/2023";"00:33:00";"15";"Acidente c";"264,953";"BR-163/MS";"SUL";"Tombamento de moto";0;0;0;1;0;0;0;0;0;0;0;2;0;0;0
"13/08/2023";"17:10:00";"213";"Acidente s";"479,194";"BR-163/MS";"NORTE";"Colisão lateral no sentido contrário";2;0;0;0;0;0;0;0;0;0;5;0;0;0;0
"13/08/2023";"20:38:00";"243";"Acidente c";"338,997";"BR-163/MS";"SUL";"Colisão lateral no mesmo sentido";1;0;0;1;0;0;0;0;0;0;4;0;1;1;0
"14/08/2023";"06:38:00";"37";"Acidente c";"543,841";"BR-163/MS";"SUL";"Capotamento";1;0;0;0;0;0;0;0;0;0;0;1;0;0;0
"14/08/2023";"13:28:00";"203";"Acidente s";"259,932";"BR-163/MS";"SUL";"Saídas de pista";1;0;0;0;0;0;0;0;0;0;2;0;0;0;0
"14/08/2023";"13:54:00";"206";"Acidente c";"256,3";"BR-163/MS";"SUL";"Colisão lateral no sentido contrário";0;1;0;1;0;0;0;0;0;0;0;2;0;0;0
"14/08/2023";"20:19:00";"321";"Acidente c";"467,835";"BR-163/MS";"NORTE";"Engavetamento";0;0;1;1;1;0;0;0;0;0;2;0;1;1;0
"15/08/2023";"06:17:00";"45";"Acidente c";"475,769";"BR-163/MS";"NORTE";"Colisão lateral no sentido contrário";1;0;0;1;0;0;0;0;0;0;2;1;0;0;0
"15/08/2023";"09:34:00";"162";"Acidente s";"5,706";"BR-163/MS";"NORTE";"Colisão com veículos (traseira)";0;0;0;0;0;0;0;0;0;2;4;0;0;0;0
"15/08/2023";"12:03:00";"208";"Acidente s";"88,5";"BR-163/MS";"SUL";"Colisão lateral no mesmo sentido";0;0;2;0;0;3;0;0;0;0;5;0;0;0;0
"15/08/2023";"12:43:00";"217";"Acidente s";"243,801";"BR-163/MS";"SUL";"Colisão lateral no mesmo sentido";1;0;1;0;0;0;0;0;0;0;4;0;0;0;0
"15/08/2023";"15:25:00";"251";"Acidente s";"761,5";"BR-163/MS";"NORTE";"Saídas de pista";0;0;0;0;0;0;0;0;0;1;2;0;0;0;0
"15/08/2023";"17:08:00";"277";"Acidente s";"264";"BR-163/MS";"NORTE";"Outros";1;0;0;0;0;0;0;0;0;0;1;0;0;0;0
"15/08/2023";"17:23:00";"280";"Acidente s";"23,501";"BR-163/MS";"SUL";"Colisão c/ obstáculos";0;0;0;0;0;0;0;0;0;1;1;0;0;0;0
"16/08/2023";"04:07:00";"18";"Acidente s";"613,354";"BR-163/MS";"SUL";"Atropelamento de animais";0;0;0;0;0;0;0;0;0;1;10;0;0;0;0
"17/08/2023";"00:30:00";"11";"Acidente s";"614,719";"BR-163/MS";"SUL";"Capotamento";1;0;0;0;0;0;0;0;0;0;1;0;0;0;0
"17/08/2023";"06:44:00";"47";"Acidente s";"113,253";"BR-163/MS";"SUL";"Colisão com veículos (traseira)";0;0;2;0;0;0;0;0;0;0;2;0;0;0;0
"17/08/2023";"07:01:00";"56";"Acidente c";"484,386";"BR-163/MS";"NORTE";"Colisão lateral no sentido contrário";0;0;0;1;0;1;0;0;0;0;1;0;1;0;0
"17/08/2023";"10:48:00";"176";"Acidente s";"826,515";"BR-163/MS";"NORTE";"Saídas de pista";1;0;0;0;0;0;0;0;0;0;3;0;0;0;0
"17/08/2023";"11:27:00";"186";"Acidente s";"87,9";"BR-163/MS";"NORTE";"Colisão com veículos (traseira)";0;0;2;0;0;3;0;0;0;0;5;0;0;0;0
"17/08/2023";"11:37:00";"187";"Acidente c";"615,367";"BR-163/MS";"SUL";"Colisão lateral no sentido contrário";1;0;0;1;0;0;0;0;0;0;2;2;0;0;0
"17/08/2023";"13:35:00";"210";"Acidente s";"64";"BR-163/MS";"NORTE";"Saídas de pista";0;0;1;0;0;0;0;0;0;0;1;0;0;0;0
"17/08/2023";"14:09:00";"220";"Acidente s";"521,445";"BR-163/MS";"NORTE";"Colisão c/ obstáculos";0;0;0;0;0;0;0;0;0;1;1;0;0;0;0
"17/08/2023";"16:31:00";"251";"Acidente s";"164,4";"BR-163/MS";"SUL";"Capotamento";0;0;0;0;0;0;0;0;0;1;1;0;0;0;0
"17/08/2023";"17:04:00";"260";"Acidente s";"128,316";"BR-163/MS";"NORTE";"Tombamento";0;0;1;0;0;2;0;0;0;0;3;0;0;0;0
"17/08/2023";"17:33:00";"269";"Acidente c";"484,36";"BR-163/MS";"NORTE";"Colisão lateral no sentido contrário";1;0;0;1;0;0;0;0;0;0;1;0;0;1;0
"18/08/2023";"06:37:00";"51";"Acidente s";"477,94";"BR-163/MS";"SUL";"Colisão com veículos (traseira)";1;0;0;0;0;0;0;0;0;1;5;0;0;0;0
"18/08/2023";"09:27:00";"144";"Acidente s";"481,928";"BR-163/MS";"SUL";"Colisão com veículos (traseira)";1;0;0;0;0;0;0;0;0;1;5;0;0;0;0
"18/08/2023";"10:43:00";"174";"Acidente s";"134,9";"BR-163/MS";"SUL";"Tombamento";0;0;1;0;0;1;0;0;0;0;2;0;0;0;0
"18/08/2023";"15:47:00";"254";"Acidente s";"482,63";"BR-163/MS";"NORTE";"Colisão lateral no sentido contrário";1;0;1;0;0;0;0;0;0;0;2;0;0;0;0
"18/08/2023";"19:24:00";"309";"Acidente s";"263,25";"BR-163/MS";"NORTE";"Saídas de pista";1;0;0;0;0;0;0;0;0;0;1;0;0;0;0
"18/08/2023";"21:13:00";"347";"Acidente c";"106,107";"BR-163/MS";"NORTE";"Saídas de pista";0;0;0;0;0;0;0;0;0;1;1;1;0;0;0
"18/08/2023";"22:35:00";"369";"Acidente s";"369,22";"BR-163/MS";"NORTE";"Saídas de pista";1;0;0;0;0;0;0;0;0;0;1;0;0;0;0
"19/08/2023";"01:20:00";"21";"Acidente s";"487,144";"BR-163/MS";"SUL";"Colisão c/ obstáculos";0;0;0;0;0;0;0;0;0;1;1;0;0;0;0
"19/08/2023";"08:42:00";"130";"Acidente s";"584,5";"BR-163/MS";"NORTE";"Saídas de pista";1;0;0;0;0;0;0;0;0;0;1;0;0;0;0
"19/08/2023";"18:43:00";"255";"Acidente s";"510,342";"BR-163/MS";"NORTE";"Atropelamento de animais";1;0;0;0;0;0;0;0;0;0;1;0;0;0;0
"19/08/2023";"20:14:00";"295";"Atropelame";"258,412";"BR-163/MS";"NORTE";"Atropelamento de pedestre";0;0;0;1;0;0;0;0;0;0;1;1;0;0;0
"19/08/2023";"22:00:00";"301";"Acidente s";"336,84";"BR-163/MS";"NORTE";"Atropelamento de animais";1;0;0;0;0;0;0;0;0;0;3;0;0;0;0
"20/08/2023";"00:53:00";"13";"Acidente s";"261,44";"BR-163/MS";"NORTE";"Atropelamento de animais";0;0;0;0;1;0;0;0;0;0;1;0;0;0;0
"20/08/2023";"04:02:00";"20";"Acidente s";"215,959";"BR-163/MS";"SUL";"Colisão c/ obstáculos";0;0;0;0;0;0;0;0;0;1;1;0;0;0;0
"21/08/2023";"04:47:00";"22";"Acidente s";"210,176";"BR-163/MS";"NORTE";"Colisão com veículos (frontal)";2;0;0;0;0;0;0;0;0;0;3;0;0;0;0
"21/08/2023";"06:25:00";"36";"Acidente s";"110,241";"BR-163/MS";"SUL";"Colisão lateral no mesmo sentido";0;0;2;0;0;0;0;0;0;0;3;0;0;0;0
"21/08/2023";"11:53:00";"168";"Acidente s";"817,537";"BR-163/MS";"NORTE";"Colisão c/ obstáculos";1;0;1;0;0;1;0;0;0;0;3;0;0;0;0
"21/08/2023";"14:32:00";"198";"Acidente s";"470,71";"BR-163/MS";"SUL";"Colisão com veículos (traseira)";0;0;1;0;0;0;0;0;0;1;3;0;0;0;0
"21/08/2023";"14:45:00";"205";"Acidente c";"238,6";"BR-163/MS";"NORTE";"Engavetamento";2;0;0;0;0;0;0;0;0;1;10;1;0;0;0
"21/08/2023";"14:54:00";"207";"Acidente c";"265,871";"BR-163/MS";"NORTE";"Tombamento";0;1;0;0;0;0;0;0;0;0;0;1;0;0;0
"21/08/2023";"16:37:00";"227";"Acidente s";"210,2";"BR-163/MS";"SUL";"Tombamento";0;0;2;0;0;0;0;0;0;0;2;0;0;0;0
"21/08/2023";"17:08:00";"236";"Acidente c";"475,248";"BR-163/MS";"SUL";"Colisão lateral no sentido contrário";0;0;0;2;0;0;0;0;0;0;0;2;0;0;0
"21/08/2023";"18:28:00";"252";"Acidente s";"432,985";"BR-163/MS";"SUL";"Atropelamento de animais";1;0;0;0;0;0;0;0;0;0;4;0;0;0;0
"21/08/2023";"18:41:00";"256";"Acidente s";"432,85";"BR-163/MS";"SUL";"Atropelamento de animais";1;0;0;0;0;0;0;0;0;0;2;0;0;0;0
"22/08/2023";"00:01:00";"1";"Acidente s";"503,1";"BR-163/MS";"NORTE";"Capotamento";1;0;0;0;0;0;0;0;0;0;1;0;0;0;0
"22/08/2023";"07:04:00";"76";"Acidente s";"225";"BR-163/MS";"NORTE";"Colisão com veículos (traseira)";1;0;1;0;0;2;0;0;0;0;7;0;0;0;0
"22/08/2023";"07:55:00";"102";"Acidente c";"13,676";"BR-163/MS";"SUL";"Colisão lateral no sentido contrário";1;0;1;0;0;0;0;0;0;0;1;3;0;0;0
"22/08/2023";"14:35:00";"263";"Acidente s";"474,16";"BR-163/MS";"NORTE";"Colisão c/ obstáculos";1;0;0;0;0;0;0;0;0;0;1;0;0;0;0
"22/08/2023";"17:44:00";"309";"Acidente c";"242,378";"BR-163/MS";"NORTE";"Colisão lateral no sentido contrário";0;0;2;0;0;3;0;0;0;0;4;1;0;0;0
"22/08/2023";"19:22:00";"336";"Acidente s";"378,347";"BR-163/MS";"NORTE";"Atropelamento de animais";1;0;0;0;0;0;0;0;0;0;2;0;0;0;0
"22/08/2023";"21:14:00";"374";"Acidente c";"345,438";"BR-163/MS";"NORTE";"Colisão lateral no sentido contrário";0;0;1;0;0;0;0;0;0;1;0;2;0;0;0
"23/08/2023";"09:13:00";"140";"Acidente c";"845,35";"BR-163/MS";"NORTE";"Tombamento";0;0;1;0;0;0;0;0;0;0;0;1;0;0;0
"23/08/2023";"13:22:00";"215";"Acidente s";"334,887";"BR-163/MS";"NORTE";"Colisão c/ obstáculos";1;0;0;0;0;0;0;0;0;0;1;0;0;0;0
"23/08/2023";"13:29:00";"217";"Acidente s";"495,18";"BR-163/MS";"NORTE";"Tombamento";0;0;1;0;0;0;0;0;0;0;1;0;0;0;0
"23/08/2023";"14:16:00";"227";"Acidente s";"444,875";"BR-163/MS";"NORTE";"Saídas de pista";1;0;0;0;0;0;0;0;0;0;3;0;0;0;0
"24/08/2023";"03:42:00";"32";"Atropelame";"484,45";"BR-163/MS";"SUL";"Atropelamento de pedestre";0;0;0;0;0;1;0;0;0;0;1;0;0;0;1
"24/08/2023";"06:27:00";"42";"Acidente c";"477,939";"BR-163/MS";"SUL";"Colisão com veículos (traseira)";1;0;0;1;0;0;0;0;0;0;2;0;1;0;0
"24/08/2023";"09:57:00";"173";"Acidente s";"227,612";"BR-163/MS";"SUL";"Colisão com veículos (traseira)";0;0;1;0;0;1;0;0;0;1;3;0;0;0;0