data;horario;n_da_ocorrencia;tipo_de_ocorrencia;km;trecho;sentido;tipo_de_acidente;automovel;bicicleta;caminhao;moto;onibus;outros;tracao_animal;transporte_de_cargas_especiais;trator_maquinas;utilitarios;ilesos;levemente_feridos;moderadamente_feridos;gravemente_feridos;mortos
"30/11/2023";"11:11:00";"172";"Acidente s";"17,65";"BR-163/MS";"SUL";"Colisão com veículos (traseira)";0;0;1;0;0;0;0;0;0;1;2;0;0;0;0
"30/11/2023";"12:19:00";"184";"Acidente s";"432,217";"BR-163/MS";"NORTE";"Colisão c/ obstáculos";0;0;1;0;0;0;0;0;0;0;1;0;0;0;0
"30/11/2023";"20:06:00";"266";"Acidente c";"615,38";"BR-163/MS";"NORTE";"Colisão lateral no mesmo sentido";0;0;0;1;0;0;0;0;0;1;1;1;0;0;0
"01/12/2023";"12:08:00";"207";"Acidente s";"491,565";"BR-163/MS";"SUL";"Colisão com veículos (traseira)";0;0;0;1;0;0;0;0;0;1;2;0;0;0;0
"01/12/2023";"20:07:00";"327";"Acidente s";"416,415";"BR-163/MS";"NORTE";"Colisão c/ obstáculos";1;0;0;0;0;0;0;0;0;0;1;0;0;0;0
"01/12/2023";"20:44:00";"331";"Acidente s";"523,136";"BR-163/MS";"NORTE";"Colisão lateral no mesmo sentido";0;0;1;0;0;1;0;0;0;0;2;0;0;0;0
"02/12/2023";"15:33:00";"214";"Acidente c";"259,289";"BR-163/MS";"NORTE";"Tombamento de moto";0;0;0;1;0;0;0;0;0;0;0;1;0;0;0
"02/12/2023";"23:12:00";"326";"Acidente s";"184,446";"BR-163/MS";"NORTE";"Atropelamento de animais";1;0;0;0;0;0;0;0;0;0;2;0;0;0;0
"03/12/2023";"09:31:00";"121";"Acidente s";"666";"BR-163/MS";"SUL";"Colisão lateral no mesmo sentido";0;0;2;0;0;0;0;0;0;0;2;0;0;0;0
"03/12/2023";"20:33:00";"282";"Acidente c";"254,5";"BR-163/MS";"NORTE";"Saídas de pista";1;0;0;0;0;0;0;0;0;0;0;0;1;0;0
"04/12/2023";"02:01:00";"23";"Acidente s";"73,852";"BR-163/MS";"SUL";"Tombamento de moto";0;0;0;1;0;0;0;0;0;0;1;0;0;0;0
"04/12/2023";"14:10:00";"243";"Acidente s";"108,148";"BR-163/MS";"SUL";"Outros";0;0;0;0;0;0;0;0;0;1;2;0;0;0;0
"05/12/2023";"08:35:00";"129";"Acidente s";"268,636";"BR-163/MS";"SUL";"Saídas de pista";0;0;0;0;0;0;0;0;0;1;1;0;0;0;0
"05/12/2023";"09:55:00";"159";"Acidente s";"554,254";"BR-163/MS";"SUL";"Capotamento";1;0;0;0;0;0;0;0;0;0;1;0;0;0;0
"05/12/2023";"10:39:00";"174";"Acidente s";"270,15";"BR-163/MS";"NORTE";"Colisão lateral no mesmo sentido";1;0;1;0;0;1;0;0;0;0;4;0;0;0;0
"05/12/2023";"15:48:00";"252";"Acidente s";"744,157";"BR-163/MS";"SUL";"Atropelamento de animais";1;0;0;0;0;0;0;0;0;0;1;0;0;0;0
"05/12/2023";"19:32:00";"334";"Acidente s";"75,591";"BR-163/MS";"SUL";"Tombamento";0;0;1;0;0;0;0;0;0;0;2;0;0;0;0
"05/12/2023";"23:39:00";"400";"Acidente s";"402,973";"BR-163/MS";"NORTE";"Atropelamento de animais";1;0;0;0;0;0;0;0;0;0;4;0;0;0;0
"06/12/2023";"02:51:00";"28";"Acidente s";"838,837";"BR-163/MS";"SUL";"Atropelamento de animais";1;0;0;0;0;0;0;0;0;0;3;0;0;0;0
"06/12/2023";"04:40:00";"38";"Acidente c";"290,566";"BR-163/MS";"NORTE";"Tombamento";0;0;1;0;0;1;0;0;0;0;1;0;1;0;0
"06/12/2023";"07:43:00";"83";"Acidente s";"6,144";"BR-163/MS";"NORTE";"Colisão com veículos (traseira)";1;0;0;0;0;1;0;0;0;0;5;0;0;0;0
"06/12/2023";"07:45:00";"84";"Acidente s";"349,314";"BR-163/MS";"NORTE";"Tombamento";0;0;1;0;0;1;0;0;0;0;2;0;0;0;0
"06/12/2023";"10:30:00";"195";"Acidente c";"31,424";"BR-163/MS";"NORTE";"Tombamento";2;0;1;0;0;0;0;0;0;0;2;0;0;1;0
"06/12/2023";"11:18:00";"210";"Acidente s";"174,736";"BR-163/MS";"SUL";"Colisão lateral no sentido contrário";0;0;2;0;0;2;0;0;0;0;4;0;0;0;0
"06/12/2023";"16:26:00";"267";"Acidente c";"475,406";"BR-163/MS";"NORTE";"Engavetamento";0;0;3;0;0;3;0;0;0;1;6;2;0;0;0
"06/12/2023";"19:26:00";"294";"Acidente s";"28,724";"BR-163/MS";"NORTE";"Saídas de pista";0;0;2;0;0;2;0;0;0;0;4;0;0;0;0
"06/12/2023";"23:30:00";"362";"Acidente c";"425,28";"BR-163/MS";"SUL";"Colisão com veículos (traseira)";1;0;0;0;0;0;0;0;0;1;1;0;2;0;0
"06/12/2023";"23:41:00";"363";"Acidente s";"394,6";"BR-163/MS";"SUL";"Saídas de pista";0;0;1;0;0;0;0;0;0;0;1;0;0;0;0
"07/12/2023";"06:09:00";"65";"Acidente s";"400,113";"BR-163/MS";"NORTE";"Tombamento";0;0;1;0;0;0;0;0;0;0;1;0;0;0;0
"07/12/2023";"06:27:00";"71";"Acidente s";"118,939";"BR-163/MS";"SUL";"Saídas de pista";0;0;0;0;0;0;0;0;0;1;2;0;0;0;0
"07/12/2023";"07:44:00";"135";"Acidente c";"478";"BR-163/MS";"SUL";"Colisão lateral no mesmo sentido";0;0;1;1;0;0;0;0;0;0;1;0;0;1;0
"07/12/2023";"16:28:00";"308";"Acidente c";"85,575";"BR-163/MS";"NORTE";"Colisão com veículos (traseira)";0;0;2;0;0;0;0;0;0;0;0;11;0;0;0
"07/12/2023";"18:30:00";"335";"Acidente s";"238,556";"BR-163/MS";"NORTE";"Tombamento de moto";0;0;0;1;0;0;0;0;0;0;1;0;0;0;0
"07/12/2023";"21:42:00";"363";"Acidente c";"484,383";"BR-163/MS";"NORTE";"Colisão lateral no sentido contrário";1;0;0;1;0;0;0;0;0;0;1;0;1;0;0
"08/12/2023";"00:18:00";"12";"Acidente s";"511,201";"BR-163/MS";"NORTE";"Saídas de pista";1;0;0;0;0;0;0;0;0;0;1;0;0;0;0
"08/12/2023";"07:01:00";"76";"Acidente s";"252,8";"BR-163/MS";"NORTE";"Saídas de pista";0;0;0;0;0;0;0;0;0;1;1;0;0;0;0
"08/12/2023";"18:43:00";"332";"Acidente c";"765,315";"BR-163/MS";"NORTE";"Atropelamento de animais";1;0;0;0;0;0;0;0;0;0;1;1;0;0;0
"09/12/2023";"08:08:00";"104";"Acidente c";"506,324";"BR-163/MS";"SUL";"Colisão com veículos (traseira)";1;0;0;0;0;0;0;0;0;1;0;1;0;0;1
"09/12/2023";"16:58:00";"224";"Acidente s";"479,166";"BR-163/MS";"SUL";"Colisão lateral no mesmo sentido";2;0;0;0;0;0;0;0;0;0;5;0;0;0;0
"09/12/2023";"17:16:00";"228";"Acidente s";"490,214";"BR-163/MS";"NORTE";"Outros";1;0;0;0;0;0;0;0;0;0;1;0;0;0;0
"10/12/2023";"00:04:00";"11";"Acidente s";"246,227";"BR-163/MS";"SUL";"Colisão c/ obstáculos";1;0;0;0;0;0;0;0;0;0;2;0;0;0;0
"10/12/2023";"01:19:00";"30";"Acidente s";"79,23";"BR-163/MS";"SUL";"Colisão c/ obstáculos";1;0;0;0;0;0;0;0;0;0;1;0;0;0;0
"10/12/2023";"03:39:00";"43";"Acidente s";"386,227";"BR-163/MS";"SUL";"Atropelamento de animais";1;0;0;0;0;0;0;0;0;0;1;0;0;0;0
"10/12/2023";"09:28:00";"113";"Acidente s";"475,45";"BR-163/MS";"NORTE";"Colisão com veículos (traseira)";0;0;1;0;0;1;0;0;0;1;6;0;0;0;0
"10/12/2023";"14:16:00";"168";"Acidente c";"263,135";"BR-163/MS";"SUL";"Colisão com veículos (frontal)";2;0;0;0;0;0;0;0;0;0;2;0;1;0;0
"10/12/2023";"20:28:00";"268";"Acidente s";"154,985";"BR-163/MS";"NORTE";"Saídas de pista";1;0;0;0;0;0;0;0;0;0;2;0;0;0;0
"10/12/2023";"21:18:00";"275";"Acidente s";"818,384";"BR-163/MS";"NORTE";"Saídas de pista";0;0;1;0;0;0;0;0;0;0;1;0;0;0;0
"10/12/2023";"23:25:00";"291";"Acidente c";"171,9";"BR-163/MS";"NORTE";"Saídas de pista";1;0;0;0;0;0;0;0;0;0;1;0;0;1;0
"11/12/2023";"01:24:00";"17";"Acidente s";"499,8";"BR-163/MS";"SUL";"Saídas de pista";1;0;0;0;0;0;0;0;0;0;1;0;0;0;0
"11/12/2023";"03:02:00";"35";"Acidente s";"490,635";"BR-163/MS";"NORTE";"Tombamento de moto";0;0;0;1;0;0;0;0;0;0;1;0;0;0;0
"11/12/2023";"06:58:00";"62";"Acidente c";"327,244";"BR-163/MS";"NORTE";"Tombamento de moto";0;0;0;1;0;0;0;0;0;0;0;1;1;0;0
"11/12/2023";"16:21:00";"238";"Acidente s";"416,983";"BR-163/MS";"NORTE";"Tombamento de moto";0;0;0;1;0;0;0;0;0;1;4;0;0;0;0
"11/12/2023";"17:41:00";"257";"Acidente s";"530";"BR-163/MS";"NORTE";"Outros";0;0;0;1;0;0;0;0;0;0;1;0;0;0;0
"11/12/2023";"22:55:00";"322";"Acidente s";"534,952";"BR-163/MS";"NORTE";"Atropelamento de animais";1;0;0;0;0;0;0;0;0;0;2;0;0;0;0
"12/12/2023";"16:32:00";"278";"Acidente s";"490,595";"BR-163/MS";"NORTE";"Engavetamento";3;0;0;0;0;0;0;0;0;0;4;0;0;0;0
"12/12/2023";"16:56:00";"283";"Acidente s";"279,581";"BR-163/MS";"SUL";"Saídas de pista";1;0;0;0;0;0;0;0;0;0;3;0;0;0;0
"12/12/2023";"17:19:00";"290";"Acidente s";"646";"BR-163/MS";"NORTE";"Outros";0;0;1;0;0;0;0;0;0;0;1;0;0;0;0
"13/12/2023";"05:02:00";"42";"Acidente s";"838,324";"BR-163/MS";"NORTE";"Tombamento";0;0;1;0;0;1;0;0;0;0;2;0;0;0;0
"13/12/2023";"15:38:00";"251";"Acidente s";"606,2";"BR-163/MS";"NORTE";"Colisão com veículos (traseira)";1;0;1;0;0;0;0;0;0;0;6;0;0;0;0
"13/12/2023";"15:39:00";"252";"Acidente c";"134,869";"BR-163/MS";"NORTE";"Tombamento de moto";0;0;0;1;0;0;0;0;0;0;0;1;0;0;0
"13/12/2023";"17:18:00";"275";"Acidente s";"482,133";"BR-163/MS";"NORTE";"Colisão com veículos (traseira)";0;0;1;0;0;1;0;0;0;0;2;0;0;0;0
"13/12/2023";"20:56:00";"318";"Acidente c";"583,39";"BR-163/MS";"NORTE";"Capotamento";0;0;0;0;0;0;0;0;0;1;0;1;1;0;0
"13/12/2023";"23:00:00";"336";"Acidente c";"191,623";"BR-163/MS";"NORTE";"Tombamento";0;0;1;0;0;1;0;0;0;0;1;1;0;0;0
"14/12/2023";"00:21:00";"11";"Acidente s";"826,846";"BR-163/MS";"NORTE";"Atropelamento de animais";1;0;0;0;0;0;0;0;0;0;1;0;0;0;0
"14/12/2023";"00:24:00";"12";"Acidente c";"826,899";"BR-163/MS";"NORTE";"Colisão c/ obstáculos";1;0;0;0;0;0;0;0;0;0;2;1;0;0;0
"14/12/2023";"02:47:00";"30";"Acidente s";"414,252";"BR-163/MS";"NORTE";"Colisão com veículos (traseira)";1;0;0;0;0;1;0;0;0;0;2;0;0;0;0
"14/12/2023";"14:12:00";"239";"Acidente c";"39,222";"BR-163/MS";"SUL";"Colisão lateral no mesmo sentido";0;0;0;1;0;0;0;0;0;1;3;1;0;0;0
"14/12/2023";"23:16:00";"393";"Acidente s";"424,338";"BR-163/MS";"SUL";"Atropelamento de animais";0;0;0;0;0;0;0;0;0;1;1;0;0;0;0
"15/12/2023";"06:59:00";"66";"Acidente c";"612,25";"BR-163/MS";"SUL";"Engavetamento";1;0;0;0;0;0;0;0;0;2;4;2;0;0;0
"15/12/2023";"13:05:00";"234";"Acidente c";"485,92";"BR-163/MS";"NORTE";"Colisão com veículos (traseira)";0;0;2;0;0;0;0;0;0;0;1;1;2;0;0
"15/12/2023";"15:12:00";"262";"Acidente c";"265,185";"BR-163/MS";"NORTE";"Capotamento";1;0;0;0;0;0;0;0;0;0;0;1;0;0;0
"15/12/2023";"16:44:00";"286";"Acidente s";"156,989";"BR-163/MS";"SUL";"Tombamento";0;0;1;0;0;0;0;0;0;0;2;0;0;0;0
"15/12/2023";"19:41:00";"333";"Acidente c";"19,352";"BR-163/MS";"NORTE";"Colisão lateral no sentido contrário";2;0;0;0;0;0;0;0;0;0;1;1;0;0;0
"16/12/2023";"00:47:00";"16";"Acidente c";"260,751";"BR-163/MS";"SUL";"Colisão com veículos (traseira)";0;0;0;1;0;0;0;0;0;1;1;0;1;0;0
"16/12/2023";"11:53:00";"183";"Acidente s";"262";"BR-163/MS";"SUL";"Outros";1;0;0;1;0;0;0;0;0;0;2;0;0;0;0
"16/12/2023";"14:10:00";"220";"Acidente c";"494";"BR-163/MS";"NORTE";"Saídas de pista";1;0;0;0;0;0;0;0;0;0;0;0;0;0;1
"16/12/2023";"17:56:00";"287";"Acidente s";"735,89";"BR-163/MS";"SUL";"Colisão lateral no mesmo sentido";0;0;0;0;0;0;0;0;0;2;2;0;0;0;0
"17/12/2023";"16:48:00";"223";"Acidente c";"271,923";"BR-163/MS";"NORTE";"Capotamento";1;0;0;0;0;0;0;0;0;0;0;1;0;0;0
"17/12/2023";"16:50:00";"221";"Acidente s";"457,196";"BR-163/MS";"NORTE";"Colisão lateral no mesmo sentido";1;0;0;0;0;0;0;0;0;1;2;0;0;0;0
"17/12/2023";"19:28:00";"267";"Acidente s";"34,492";"BR-163/MS";"NORTE";"Saídas de pista";1;0;0;0;0;0;0;0;0;0;1;0;0;0;0
"17/12/2023";"20:11:00";"280";"Acidente s";"671,182";"BR-163/MS";"SUL";"Atropelamento de animais";0;0;1;0;0;1;0;0;0;0;2;0;0;0;0
"17/12/2023";"20:46:00";"285";"Acidente s";"403,89";"BR-163/MS";"NORTE";"Atropelamento de animais";1;0;0;0;0;0;0;0;0;0;3;0;0;0;0
"18/12/2023";"00:51:00";"15";"Acidente s";"479,688";"BR-163/MS";"SUL";"Colisão c/ obstáculos";0;0;1;0;0;0;0;0;0;0;1;0;0;0;0
"18/12/2023";"04:45:00";"49";"Acidente c";"479,709";"BR-163/MS";"NORTE";"Tombamento de moto";0;0;0;1;0;0;0;0;0;0;0;1;0;0;0
"18/12/2023";"09:32:00";"188";"Acidente s";"253,344";"BR-163/MS";"NORTE";"Colisão com veículos (traseira)";0;0;0;1;0;0;0;0;0;1;3;0;0;0;0
"18/12/2023";"15:28:00";"283";"Acidente s";"788,746";"BR-163/MS";"NORTE";"Colisão com veículos (traseira)";0;0;0;0;0;1;0;0;0;1;2;0;0;0;0
"18/12/2023";"16:49:00";"302";"Acidente s";"243";"BR-163/MS";"NORTE";"Outros";1;0;0;0;0;0;0;0;0;0;1;0;0;0;0
"18/12/2023";"21:20:00";"357";"Acidente s";"529,103";"BR-163/MS";"SUL";"Saídas de pista";0;0;0;0;0;0;0;0;0;1;3;0;0;0;0
"18/12/2023";"23:41:00";"397";"Acidente s";"407,91";"BR-163/MS";"NORTE";"Colisão com veículos (traseira)";1;0;0;0;0;1;0;0;0;0;2;0;0;0;0
"19/12/2023";"08:35:00";"164";"Acidente c";"172,517";"BR-163/MS";"SUL";"Colisão com veículos (traseira)";1;0;0;0;0;0;0;0;0;1;1;0;1;0;0
"19/12/2023";"13:47:00";"271";"Acidente c";"766,185";"BR-163/MS";"NORTE";"Tombamento";1;0;0;0;0;0;0;0;0;0;0;3;0;0;0
"19/12/2023";"15:26:00";"298";"Acidente s";"481,63";"BR-163/MS";"NORTE";"Colisão com veículos (traseira)";1;0;0;0;0;0;0;0;0;1;2;0;0;0;0
"19/12/2023";"15:52:00";"306";"Acidente s";"486,356";"BR-163/MS";"NORTE";"Colisão lateral no sentido contrário";0;0;1;0;0;1;0;0;0;1;6;0;0;0;0
"20/12/2023";"06:11:00";"48";"Acidente c";"506,514";"BR-163/MS";"NORTE";"Colisão com veículos (traseira)";1;0;0;1;0;0;0;0;0;0;3;2;1;1;0
"20/12/2023";"15:29:00";"233";"Acidente s";"477,962";"BR-163/MS";"SUL";"Colisão lateral no mesmo sentido";2;0;0;0;0;0;0;0;0;0;4;0;0;0;0
"20/12/2023";"16:26:00";"249";"Acidente s";"46,804";"BR-163/MS";"SUL";"Capotamento";1;0;0;0;0;0;0;0;0;0;1;0;0;0;0
"20/12/2023";"20:32:00";"322";"Acidente s";"628,191";"BR-163/MS";"SUL";"Colisão c/ obstáculos";1;0;0;0;0;0;0;0;0;0;1;0;0;0;0
"20/12/2023";"22:13:00";"335";"Acidente c";"686,212";"BR-163/MS";"NORTE";"Colisão lateral no mesmo sentido";1;0;0;0;0;0;0;0;0;1;1;1;0;0;0
"21/12/2023";"00:48:00";"15";"Acidente s";"110,168";"BR-163/MS";"NORTE";"Capotamento";0;0;0;0;0;0;0;0;0;1;1;0;0;0;0
"21/12/2023";"07:30:00";"62";"Acidente s";"64";"BR-163/MS";"NORTE";"Saídas de pista";0;0;0;0;0;0;0;0;0;1;4;0;0;0;0
"21/12/2023";"08:35:00";"113";"Acidente c";"16,25";"BR-163/MS";"NORTE";"Colisão lateral no sentido contrário";1;0;0;1;0;0;0;0;0;0;2;2;0;0;0
"21/12/2023";"09:52:00";"152";"Acidente s";"126,927";"BR-163/MS";"NORTE";"Saídas de pista";0;0;0;0;0;0;0;0;0;1;3;0;0;0;0
"21/12/2023";"10:08:00";"156";"Acidente s";"341,679";"BR-163/MS";"SUL";"Colisão com veículos (traseira)";1;0;0;0;0;0;0;0;0;1;2;0;0;0;0
"21/12/2023";"10:43:00";"169";"Acidente s";"479,964";"BR-163/MS";"NORTE";"Colisão c/ obstáculos";0;0;1;0;0;0;0;0;0;0;2;0;0;0;0
"21/12/2023";"11:13:00";"177";"Acidente c";"145";"BR-163/MS";"NORTE";"Saídas de pista";1;0;0;0;0;0;0;0;0;0;0;2;0;0;0
"21/12/2023";"16:59:00";"296";"Acidente c";"4,613";"BR-163/MS";"NORTE";"Colisão lateral no mesmo sentido";1;0;1;0;0;1;0;0;0;0;2;1;0;0;0
"21/12/2023";"21:46:00";"368";"Acidente c";"492,276";"BR-163/MS";"SUL";"Colisão com veículos (frontal)";0;0;0;1;0;0;0;0;0;1;3;0;0;0;1
"22/12/2023";"00:54:00";"16";"Acidente c";"255,84";"BR-163/MS";"SUL";"Capotamento";1;0;0;0;0;0;0;0;0;0;0;0;0;0;2
"22/12/2023";"12:57:00";"216";"Acidente s";"127,1";"BR-163/MS";"SUL";"Saídas de pista";0;0;0;0;0;0;0;0;0;1;2;0;0;0;0
"22/12/2023";"14:16:00";"253";"Acidente c";"728,508";"BR-163/MS";"SUL";"Engavetamento";2;0;0;0;0;0;0;0;0;1;8;1;0;0;0
"22/12/2023";"15:09:00";"268";"Acidente s";"389,278";"BR-163/MS";"SUL";"Colisão lateral no mesmo sentido";0;0;1;0;0;1;0;0;0;1;4;0;0;0;0
"22/12/2023";"19:08:00";"404";"Acidente s";"673,888";"BR-163/MS";"SUL";"Atropelamento de animais";1;0;0;0;0;0;0;0;0;0;1;0;0;0;0
"22/12/2023";"22:28:00";"441";"Acidente c";"305,725";"BR-163/MS";"SUL";"Capotamento";0;0;0;0;0;0;0;0;0;1;0;1;0;0;0
"23/12/2023";"00:45:00";"14";"Acidente s";"195,253";"BR-163/MS";"NORTE";"Atropelamento de animais";1;0;0;0;0;0;0;0;0;0;5;0;0;0;0
"23/12/2023";"07:19:00";"98";"Acidente s";"377,232";"BR-163/MS";"NORTE";"Colisão com veículos (traseira)";2;0;0;0;0;0;0;0;0;0;6;0;0;0;0
"23/12/2023";"07:43:00";"113";"Acidente c";"482,309";"BR-163/MS";"NORTE";"Colisão lateral no sentido contrário";2;0;0;0;0;0;0;0;0;0;5;0;1;0;0
"23/12/2023";"08:07:00";"124";"Acidente c";"383,596";"BR-163/MS";"SUL";"Tombamento";0;0;0;0;0;0;0;0;0;1;4;1;0;0;0
"23/12/2023";"09:20:00";"143";"Acidente s";"27,85";"BR-163/MS";"NORTE";"Colisão lateral no mesmo sentido";1;0;1;0;0;1;0;0;0;0;6;0;0;0;0
"23/12/2023";"12:43:00";"212";"Acidente c";"148,304";"BR-163/MS";"SUL";"Colisão lateral no mesmo sentido";1;0;1;0;0;1;0;0;0;0;2;2;0;0;0
"23/12/2023";"14:41:00";"244";"Acidente c";"264,929";"BR-163/MS";"NORTE";"Colisão c/ obstáculos";1;0;0;0;0;0;0;0;0;0;0;1;0;0;0
"23/12/2023";"19:45:00";"362";"Acidente c";"492,447";"BR-163/MS";"NORTE";"Colisão lateral no mesmo sentido";1;0;1;0;0;2;0;0;0;0;3;0;0;1;0
"24/12/2023";"00:34:00";"11";"Acidente c";"330,843";"BR-163/MS";"NORTE";"Tombamento de moto";0;0;0;1;0;0;0;0;0;0;1;1;0;0;0
"24/12/2023";"06:05:00";"41";"Acidente c";"96,222";"BR-163/MS";"NORTE";"Capotamento";1;0;0;0;0;0;0;0;0;0;0;0;1;0;0
"24/12/2023";"09:07:00";"91";"Acidente s";"119,551";"BR-163/MS";"SUL";"Engavetamento";0;0;0;0;0;0;0;0;0;3;7;0;0;0;0
"24/12/2023";"10:45:00";"120";"Atropelame";"477,935";"BR-163/MS";"NORTE";"Atropelamento de pedestre";1;0;0;0;0;0;0;0;0;0;1;1;0;0;0
"24/12/2023";"10:51:00";"123";"Acidente c";"489,444";"BR-163/MS";"SUL";"Colisão com veículos (traseira)";1;0;0;1;0;0;0;0;0;0;1;0;2;0;0
"24/12/2023";"14:56:00";"199";"Acidente c";"569,627";"BR-163/MS";"NORTE";"Colisão com veículos (frontal)";2;0;0;0;0;0;0;0;0;0;0;0;2;3;1
"24/12/2023";"18:53:00";"273";"Acidente c";"249,658";"BR-163/MS";"SUL";"Colisão com veículos (traseira)";1;0;0;1;0;0;0;0;0;0;1;1;0;0;0
"24/12/2023";"21:30:00";"291";"Acidente s";"256,421";"BR-163/MS";"NORTE";"Saídas de pista";1;0;0;0;0;0;0;0;0;0;1;0;0;0;0
"25/12/2023";"07:01:00";"70";"Acidente s";"522,589";"BR-163/MS";"NORTE";"Saídas de pista";1;0;0;0;0;0;0;0;0;0;1;0;0;0;0
"25/12/2023";"12:40:00";"110";"Acidente s";"762,596";"BR-163/MS";"NORTE";"Saídas de pista";0;0;1;0;0;0;0;0;0;0;2;0;0;0;0
"25/12/2023";"14:32:00";"119";"Acidente s";"365,109";"BR-163/MS";"NORTE";"Capotamento";1;0;0;0;0;0;0;0;0;0;1;0;0;0;0
"25/12/2023";"16:16:00";"143";"Acidente s";"279,821";"BR-163/MS";"NORTE";"Colisão com veículos (traseira)";1;0;0;0;0;0;0;0;0;1;8;0;0;0;0
"25/12/2023";"23:25:00";"262";"Acidente s";"660,228";"BR-163/MS";"NORTE";"Atropelamento de animais";1;0;0;0;0;0;0;0;0;0;2;0;0;0;0
"26/12/2023";"00:30:00";"12";"Acidente s";"772,801";"BR-163/MS";"NORTE";"Atropelamento de animais";1;0;0;0;0;0;0;0;0;0;5;0;0;0;0
"26/12/2023";"14:15:00";"257";"Acidente s";"710,176";"BR-163/MS";"NORTE";"Capotamento";0;0;0;0;0;0;0;0;0;1;4;0;0;0;0
"26/12/2023";"14:48:00";"265";"Acidente s";"13,219";"BR-163/MS";"NORTE";"Saídas de pista";1;0;0;0;0;0;0;0;0;0;1;0;0;0;0
"26/12/2023";"15:07:00";"287";"Acidente c";"385,9";"BR-163/MS";"SUL";"Tombamento";0;0;0;1;0;0;0;0;0;0;0;0;0;0;1
"26/12/2023";"15:16:00";"289";"Acidente c";"1,345";"BR-163/MS";"SUL";"Colisão lateral no mesmo sentido";0;0;0;1;0;0;0;0;0;1;2;1;0;0;0
"26/12/2023";"16:41:00";"310";"Acidente c";"365,878";"BR-163/MS";"NORTE";"Engavetamento";3;0;0;0;0;0;0;0;0;1;7;1;0;0;0
"27/12/2023";"00:54:00";"12";"Acidente s";"681,848";"BR-163/MS";"NORTE";"Atropelamento de animais";1;0;0;0;0;0;0;0;0;0;3;0;0;0;0
"27/12/2023";"03:00:00";"25";"Acidente s";"424,147";"BR-163/MS";"NORTE";"Capotamento";0;0;0;0;0;0;0;0;0;1;1;0;0;0;0
"27/12/2023";"06:49:00";"54";"Acidente s";"365,563";"BR-163/MS";"SUL";"Colisão com veículos (traseira)";1;0;0;0;0;0;0;0;0;0;1;0;0;0;0
"27/12/2023";"07:19:00";"66";"Acidente s";"394,705";"BR-163/MS";"SUL";"Atropelamento de animais";1;0;0;0;0;0;0;0;0;0;2;0;0;0;0
"27/12/2023";"08:00:00";"85";"Acidente s";"132,332";"BR-163/MS";"NORTE";"Engavetamento";2;0;0;0;0;0;0;0;0;1;10;0;0;0;0
"27/12/2023";"10:09:00";"163";"Acidente s";"4,744";"BR-163/MS";"NORTE";"Colisão com veículos (traseira)";1;0;0;0;0;0;0;0;0;1;3;0;0;0;0
"27/12/2023";"19:05:00";"318";"Acidente s";"498,842";"BR-163/MS";"SUL";"Atropelamento de animais";0;0;0;0;0;0;0;0;0;1;3;0;0;0;0
"28/12/2023";"00:37:00";"11";"Acidente s";"275,9";"BR-163/MS";"NORTE";"Saídas de pista";0;0;0;0;0;0;0;0;0;1;1;0;0;0;0
"28/12/2023";"04:56:00";"48";"Acidente s";"7,657";"BR-163/MS";"NORTE";"Capotamento";1;0;0;0;0;0;0;0;0;0;1;0;0;0;0
"28/12/2023";"12:39:00";"218";"Acidente c";"494,62";"BR-163/MS";"NORTE";"Colisão com veículos (frontal)";2;0;0;0;0;0;0;0;0;0;1;2;3;0;0
"28/12/2023";"18:45:00";"343";"Acidente c";"486,579";"BR-163/MS";"NORTE";"Colisão lateral no mesmo sentido";0;0;0;2;0;0;0;0;0;0;1;0;1;0;0
"29/12/2023";"13:52:00";"249";"Acidente s";"477,484";"BR-163/MS";"SUL";"Colisão com veículos (traseira)";0;0;1;0;0;0;0;0;0;1;5;0;0;0;0
"29/12/2023";"17:12:00";"299";"Acidente c";"510,215";"BR-163/MS";"NORTE";"Colisão lateral no mesmo sentido";1;0;0;0;0;0;0;0;0;1;2;3;0;0;0
"29/12/2023";"18:32:00";"321";"Acidente s";"566,388";"BR-163/MS";"SUL";"Saídas de pista";1;0;0;0;0;0;0;0;0;0;4;0;0;0;0
"29/12/2023";"18:52:00";"326";"Acidente c";"460,637";"BR-163/MS";"SUL";"Colisão lateral no sentido contrário";1;0;0;1;0;0;0;0;0;0;3;1;0;0;0
"30/12/2023";"03:55:00";"24";"Acidente c";"761,872";"BR-163/MS";"NORTE";"Atropelamento de animais";1;0;0;0;0;0;0;0;0;0;4;1;0;0;0
"30/12/2023";"16:53:00";"237";"Acidente s";"511,574";"BR-163/MS";"SUL";"Colisão lateral no sentido contrário";1;0;0;0;0;1;0;0;0;0;2;0;0;0;0
"30/12/2023";"17:31:00";"246";"Acidente s";"554,162";"BR-163/MS";"SUL";"Tombamento";0;0;1;0;0;0;0;0;0;0;2;0;0;0;0
"31/12/2023";"00:26:00";"13";"Acidente s";"306,3";"BR-163/MS";"NORTE";"Atropelamento de animais";1;0;0;0;0;0;0;0;0;0;5;0;0;0;0
"31/12/2023";"04:42:00";"29";"Acidente s";"772,6";"BR-163/MS";"SUL";"Atropelamento de animais";0;0;0;0;0;0;0;0;0;1;5;0;0;0;0