data;horario;n_da_ocorrencia;tipo_de_ocorrencia;km;trecho;sentido;tipo_de_acidente;automovel;bicicleta;caminhao;moto;onibus;outros;tracao_animal;transporte_de_cargas_especiais;trator_maquinas;utilitarios;ilesos;levemente_feridos;moderadamente_feridos;gravemente_feridos;mortos
"31/12/2023";"14:30:00";"208";"Acidente s";"308,108";"BR-163/MS";"SUL";"Colisão lateral no mesmo sentido";1;0;0;0;0;1;0;0;0;0;5;0;0;0;0
"01/01/2024";"18:06:17";"300";"Sem vítima";"551,100";"BR-163/MS";"Crescente";"Colisão lateral no mesmo sentido";0;0;0;0;0;0;0;0;0;0;0;0;0;0;0
"01/01/2024";"18:27:24";"306";"Sem vítima";"39,722";"BR-163/MS";"Crescente";"Queda de moto";0;0;0;1;0;0;0;0;0;0;0;0;0;0;0
"01/01/2024";"18:44:37";"312";"Sem vítima";"172,446";"BR-163/MS";"Decrescente";"Colisão traseira";1;0;0;0;0;0;0;0;0;0;1;0;0;0;0
"01/01/2024";"22:12:44";"343";"Com vítima";"488,889";"BR-163/MS";"Crescente";"Queda de moto";0;0;0;1;0;0;0;0;0;0;0;0;2;0;0
"02/01/2024";"03:05:03";"27";"Com vítima";"256,165";"BR-163/MS";"Crescente";"Queda de moto";0;0;0;0;0;0;0;0;0;0;0;0;0;0;0
"02/01/2024";"06:45:32";"49";"Com vítima";"475,647";"BR-163/MS";"Crescente";"Colisão traseira";0;0;1;0;0;0;0;0;0;1;4;2;0;0;0
"02/01/2024";"08:43:15";"117";"Com vítima";"548,456";"BR-163/MS";"Crescente";"Colisão traseira";1;0;0;0;0;0;0;0;0;1;6;6;0;0;0
"02/01/2024";"10:06:50";"145";"Sem vítima";"224,372";"BR-163/MS";"Crescente";"Colisão traseira";2;0;0;0;0;0;0;0;0;0;12;0;0;0;0
"02/01/2024";"12:27:00";"186";"Sem vítima";"793,794";"BR-163/MS";"Crescente";"Acidentes de outra natureza";1;0;0;0;0;0;0;0;0;0;2;0;0;0;0
"02/01/2024";"14:35:56";"214";"Com vítima";"161,925";"BR-163/MS";"Crescente";"Colisão traseira";1;0;0;1;0;0;0;0;0;0;4;2;0;0;0
"02/01/2024";"17:35:43";"252";"Com vítima";"484,347";"BR-163/MS";"Crescente";"Colisão lateral no mesmo sentido";0;0;0;2;0;0;0;0;0;0;2;2;0;0;0
"02/01/2024";"19:32:10";"276";"Com vítima";"229,993";"BR-163/MS";"Crescente";"Queda de moto";0;0;0;1;0;0;0;0;0;0;2;2;0;0;0
"02/01/2024";"20:15:29";"283";"Sem vítima";"298,650";"BR-163/MS";"Decrescente";"Queda de moto";0;0;0;0;0;0;0;0;0;1;8;0;0;0;0
"03/01/2024";"02:18:59";"23";"Sem vítima";"54,337";"BR-163/MS";"Decrescente";"Atropelamento de animal";0;0;0;0;0;0;0;0;0;1;6;0;0;0;0
"03/01/2024";"03:40:53";"34";"Com vítima";"99,550";"BR-163/MS";"Crescente";"Colisão lateral no mesmo sentido";1;0;0;0;0;2;0;0;0;0;0;2;2;0;0
"03/01/2024";"07:56:22";"109";"Sem vítima";"775,800";"BR-163/MS";"Decrescente";"Acidentes de outra natureza";1;0;0;0;0;0;0;0;0;0;2;0;0;0;0
"03/01/2024";"10:49:34";"173";"Com vítima";"188,206";"BR-163/MS";"Crescente";"Engavetamento";1;0;0;0;0;0;0;0;0;2;16;2;0;0;0
"03/01/2024";"14:32:57";"216";"Sem vítima";"484,385";"BR-163/MS";"Crescente";"Colisão traseira";1;0;0;0;0;0;0;0;0;1;10;0;0;0;0
"03/01/2024";"15:17:46";"227";"Sem vítima";"91,359";"BR-163/MS";"Crescente";"Colisão traseira";0;0;0;0;0;0;0;0;0;0;0;0;0;0;0
"03/01/2024";"16:53:20";"260";"Sem vítima";"117,710";"BR-163/MS";"Crescente";"Capotamento";1;0;0;0;0;0;0;0;0;0;1;0;0;0;0
"05/01/2024";"18:15:53";"308";"Com vítima";"256,300";"BR-163/MS";"Crescente";"Queda de moto";0;0;0;1;0;0;0;0;0;0;0;2;0;0;0
"05/01/2024";"19:00:13";"318";"Sem vítima";"14,768";"BR-163/MS";"Decrescente";"Colisão traseira";1;0;0;0;0;0;0;0;0;1;12;0;0;0;0
"05/01/2024";"19:28:27";"323";"Sem vítima";"693,810";"BR-163/MS";"Crescente";"Atropelamento de animal";0;0;0;0;0;0;0;0;0;1;6;0;0;0;0
"05/01/2024";"19:37:50";"325";"Sem vítima";"500,546";"BR-163/MS";"Decrescente";"Atropelamento de animal";1;0;0;0;0;0;0;0;0;0;6;0;0;0;0
"05/01/2024";"23:18:19";"350";"Sem vítima";"316,755";"BR-163/MS";"Crescente";"Choque";0;0;0;0;0;0;0;0;0;1;2;0;0;0;0
"06/01/2024";"10:55:56";"150";"Com vítima";"725,555";"BR-163/MS";"Decrescente";"Acidentes de outra natureza";1;0;0;0;0;0;0;0;0;0;2;1;1;0;0
"06/01/2024";"12:45:12";"169";"Sem vítima";"820,452";"BR-163/MS";"Decrescente";"Colisão transversal";1;0;1;0;0;1;0;0;0;0;6;0;0;0;0
"06/01/2024";"19:03:41";"257";"Sem vítima";"676,826";"BR-163/MS";"Crescente";"Choque";0;0;1;0;0;3;0;0;0;0;2;0;0;0;0
"06/01/2024";"22:45:43";"287";"Sem vítima";"765,472";"BR-163/MS";"Crescente";"Atropelamento de animal";0;0;0;0;0;0;0;0;0;1;6;0;0;0;0
"06/01/2024";"23:26:10";"291";"Com vítima";"674,999";"BR-163/MS";"Decrescente";"Colisão traseira";0;0;1;1;0;0;0;0;0;0;2;4;0;0;0
"07/01/2024";"08:06:00";"103";"Com vítima";"485,461";"BR-163/MS";"Crescente";"Colisão frontal";2;0;0;0;0;0;0;0;0;0;2;6;2;0;0
"07/01/2024";"14:02:37";"189";"Sem vítima";"486,216";"BR-163/MS";"Decrescente";"Colisão traseira";2;0;0;0;0;0;0;0;0;0;6;0;0;0;0
"08/01/2024";"04:05:17";"36";"Com vítima";"84,445";"BR-163/MS";"Crescente";"Capotamento";0;0;0;0;0;0;0;0;0;1;1;1;0;0;0
"08/01/2024";"06:59:03";"67";"Com vítima";"366,499";"BR-163/MS";"Crescente";"Colisão traseira";2;0;0;0;0;0;0;0;0;0;6;4;0;0;0
"08/01/2024";"07:47:42";"81";"Sem vítima";"485,771";"BR-163/MS";"Decrescente";"Colisão traseira";1;0;0;1;0;0;0;0;0;0;4;0;0;0;0
"08/01/2024";"09:20:09";"127";"Sem vítima";"516,541";"BR-163/MS";"Crescente";"Acidentes de outra natureza";0;0;0;0;0;0;0;0;0;1;2;0;0;0;0
"08/01/2024";"10:16:54";"161";"Sem vítima";"484,771";"BR-163/MS";"Crescente";"Engavetamento";1;0;0;0;0;0;0;0;0;2;22;0;0;0;0
"08/01/2024";"19:50:58";"313";"Sem vítima";"384,755";"BR-163/MS";"Crescente";"Atropelamento de animal";0;0;0;0;0;0;0;0;0;1;6;0;0;0;0
"08/01/2024";"20:07:53";"316";"Sem vítima";"603,473";"BR-163/MS";"Decrescente";"Colisão traseira";1;0;1;0;0;0;0;0;0;0;6;0;0;0;0
"08/01/2024";"20:29:39";"318";"Com vítima";"77,527";"BR-163/MS";"Crescente";"Atropelamento de pedestre";0;0;0;1;0;0;0;0;0;0;0;5;0;2;0
"08/01/2024";"22:18:33";"358";"Com vítima";"265,227";"BR-163/MS";"Decrescente";"Colisão frontal";0;0;0;2;0;0;0;0;0;0;4;2;0;0;0
"09/01/2024";"09:17:40";"171";"Sem vítima";"618,200";"BR-163/MS";"Crescente";"Colisão traseira";1;0;0;0;0;0;0;0;0;1;12;0;0;0;0
"09/01/2024";"14:46:17";"265";"Com vítima";"181,657";"BR-163/MS";"Crescente";"Colisão transversal";1;0;0;0;0;0;0;0;0;1;6;4;0;0;0
"09/01/2024";"18:01:00";"313";"Com vítima";"484,406";"BR-163/MS";"Decrescente";"Colisão transversal";1;0;0;1;0;0;0;0;0;0;6;2;0;0;0
"09/01/2024";"18:50:30";"323";"Com vítima";"679,335";"BR-163/MS";"Crescente";"Colisão traseira";1;0;0;0;0;0;0;0;0;1;12;2;0;0;0
"09/01/2024";"20:48:50";"348";"Sem vítima";"178,336";"BR-163/MS";"Decrescente";"Acidentes de outra natureza";1;0;0;0;0;0;0;0;0;0;2;0;0;0;0
"10/01/2024";"03:42:35";"40";"Sem vítima";"772,144";"BR-163/MS";"Crescente";"Atropelamento de animal";0;0;0;0;0;0;0;0;0;1;4;0;0;0;0
"10/01/2024";"05:27:22";"54";"Com vítima";"587,648";"BR-163/MS";"Crescente";"Capotamento";1;0;0;0;0;0;0;0;0;0;0;2;0;0;0
"10/01/2024";"14:09:47";"255";"Sem vítima";"615,681";"BR-163/MS";"Decrescente";"Colisão lateral no mesmo sentido";1;0;0;0;0;0;0;0;0;1;4;0;0;0;0
"10/01/2024";"18:15:25";"313";"Com vítima";"547,972";"BR-163/MS";"Crescente";"Engavetamento";1;0;0;0;0;0;0;0;0;2;16;2;0;0;0
"10/01/2024";"21:36:24";"341";"Sem vítima";"531,174";"BR-163/MS";"Crescente";"Atropelamento de animal";0;0;0;0;0;0;0;0;0;1;8;0;0;0;0
"10/01/2024";"23:37:10";"358";"Sem vítima";"800,804";"BR-163/MS";"Crescente";"Acidentes de outra natureza";1;0;0;0;0;0;0;0;0;0;4;0;0;0;0
"11/01/2024";"10:58:58";"189";"Sem vítima";"545,152";"BR-163/MS";"Decrescente";"Acidentes de outra natureza";0;0;1;0;0;0;0;0;0;0;2;0;0;0;0
"11/01/2024";"11:34:11";"200";"Sem vítima";"600,394";"BR-163/MS";"Decrescente";"Acidentes de outra natureza";1;0;0;0;0;0;0;0;0;0;4;0;0;0;0
"11/01/2024";"11:43:10";"204";"Sem vítima";"554,779";"BR-163/MS";"Decrescente";"Acidentes de outra natureza";1;0;0;0;0;0;0;0;0;0;2;0;0;0;0
"11/01/2024";"12:22:29";"211";"Sem vítima";"775,110";"BR-163/MS";"Decrescente";"Acidentes de outra natureza";1;0;0;0;0;0;0;0;0;0;8;0;0;0;0
"11/01/2024";"14:48:34";"251";"Sem vítima";"790,664";"BR-163/MS";"Decrescente";"Atropelamento de animal";1;0;0;0;0;0;0;0;0;0;8;0;0;0;0
"11/01/2024";"15:52:39";"265";"Sem vítima";"485,621";"BR-163/MS";"Decrescente";"Colisão traseira";1;0;0;0;0;0;0;0;0;1;2;0;0;0;0
"12/01/2024";"16:39:49";"291";"Sem vítima";"39,276";"BR-163/MS";"Crescente";"Colisão traseira";0;0;1;1;0;0;0;0;0;0;4;0;0;0;0
"12/01/2024";"16:50:33";"292";"Sem vítima";"510,473";"BR-163/MS";"Crescente";"Tombamento";0;0;1;0;0;0;0;0;0;0;1;0;0;0;0
"12/01/2024";"18:48:45";"317";"Sem vítima";"485,500";"BR-163/MS";"Crescente";"Colisão traseira";0;0;2;0;0;0;0;0;0;0;2;0;0;0;0
"12/01/2024";"22:49:08";"350";"Sem vítima";"754,815";"BR-163/MS";"Decrescente";"Atropelamento de animal";0;0;0;0;0;0;0;0;0;1;0;0;0;0;0
"13/01/2024";"01:12:16";"15";"Sem vítima";"832,297";"BR-163/MS";"Decrescente";"Capotamento";0;0;0;0;0;1;0;0;0;1;2;0;0;0;0
"13/01/2024";"05:20:35";"35";"Sem vítima";"663,908";"BR-163/MS";"Crescente";"Capotamento";1;0;0;0;0;0;0;0;0;0;1;0;0;0;0
"13/01/2024";"12:27:27";"156";"Com vítima";"375,748";"BR-163/MS";"Decrescente";"Queda de moto";0;0;0;1;0;0;0;0;0;0;2;2;0;0;0
"13/01/2024";"14:29:46";"185";"Com vítima";"456,411";"BR-163/MS";"Decrescente";"Colisão transversal";1;0;0;1;0;0;0;0;0;1;6;0;0;2;0
"13/01/2024";"15:57:04";"201";"Com vítima";"192,345";"BR-163/MS";"Crescente";"Choque";0;0;0;0;0;0;0;0;0;1;6;2;0;0;0
"13/01/2024";"18:42:07";"234";"Com vítima";"1,609";"BR-163/MS";"Decrescente";"Acidentes de outra natureza";1;0;1;0;0;0;0;0;0;0;4;2;0;0;0
"13/01/2024";"23:09:46";"288";"Sem vítima";"446,995";"BR-163/MS";"Crescente";"Atropelamento de animal";0;0;0;0;0;0;0;0;0;1;10;0;0;0;0
"14/01/2024";"03:20:48";"36";"Sem vítima";"283,746";"BR-163/MS";"Crescente";"Colisão traseira";2;0;0;0;0;0;0;0;0;0;6;0;0;0;0
"14/01/2024";"03:50:01";"37";"Sem vítima";"274,557";"BR-163/MS";"Decrescente";"Acidentes de outra natureza";1;0;0;0;0;0;0;0;0;0;2;0;0;0;0
"14/01/2024";"04:36:09";"42";"Com vítima";"485,427";"BR-163/MS";"Crescente";"Queda de moto";0;0;0;1;0;0;0;0;0;0;0;0;0;2;0
"14/01/2024";"07:37:54";"103";"Sem vítima";"458,872";"BR-163/MS";"Decrescente";"Colisão lateral no mesmo sentido";1;0;1;0;0;1;0;0;0;0;4;0;0;0;0
"14/01/2024";"08:44:31";"121";"Com vítima";"366,237";"BR-163/MS";"Crescente";"Tombamento";0;0;0;0;0;3;0;0;0;0;0;0;0;0;0
"14/01/2024";"10:21:08";"159";"Com vítima";"10,357";"BR-163/MS";"Crescente";"Colisão traseira";0;0;0;1;0;0;0;0;0;1;14;2;0;0;0
"14/01/2024";"11:57:26";"177";"Com vítima";"80,978";"BR-163/MS";"Crescente";"Queda de moto";0;0;0;1;0;0;0;0;0;0;2;2;0;0;0
"14/01/2024";"16:24:20";"229";"Com vítima";"782,543";"BR-163/MS";"Decrescente";"Queda de moto";0;0;0;1;0;0;0;0;0;0;0;0;0;0;2
"14/01/2024";"19:57:57";"278";"Sem vítima";"664,570";"BR-163/MS";"Crescente";"Colisão lateral no mesmo sentido";1;0;0;0;0;0;0;0;0;1;12;0;0;0;0
"15/01/2024";"14:39:18";"308";"Sem vítima";"27,350";"BR-163/MS";"Crescente";"Choque";1;0;0;0;0;0;0;0;0;0;1;0;0;0;0
"15/01/2024";"23:24:47";"469";"Sem vítima";"463,376";"BR-163/MS";"Decrescente";"Choque";1;0;0;0;0;0;0;0;0;0;4;0;0;0;0
"16/01/2024";"06:59:02";"93";"Sem vítima";"612,380";"BR-163/MS";"Decrescente";"Colisão traseira";0;0;0;0;0;1;0;0;0;2;10;0;0;0;0
"16/01/2024";"16:46:39";"271";"Sem vítima";"573,473";"BR-163/MS";"Decrescente";"Acidentes de outra natureza";0;0;0;0;1;0;0;0;0;0;1;0;0;0;0
"17/01/2024";"04:58:55";"26";"Sem vítima";"638,514";"BR-163/MS";"Crescente";"Acidentes de outra natureza";0;0;0;0;0;1;0;0;0;1;2;0;0;0;0
"17/01/2024";"14:18:31";"235";"Sem vítima";"573,275";"BR-163/MS";"Crescente";"Colisão traseira";0;0;2;0;0;0;0;0;0;0;8;0;0;0;0
"17/01/2024";"16:06:46";"253";"Com vítima";"451,463";"BR-163/MS";"Crescente";"Tombamento";0;0;1;0;0;2;0;0;0;0;2;2;0;0;0
"18/01/2024";"07:11:02";"101";"Sem vítima";"224,991";"BR-163/MS";"Decrescente";"Colisão transversal";1;0;0;0;0;0;0;0;0;0;0;0;0;0;0
"18/01/2024";"07:31:49";"112";"Sem vítima";"204,127";"BR-163/MS";"Crescente";"Choque";0;0;1;0;0;1;0;0;0;0;2;0;0;0;0
"18/01/2024";"08:55:39";"162";"Com vítima";"87,684";"BR-163/MS";"Decrescente";"Colisão frontal";1;0;0;0;0;1;0;0;0;1;0;8;0;0;0
"19/01/2024";"03:23:27";"33";"Sem vítima";"293,773";"BR-163/MS";"Decrescente";"Atropelamento de animal";1;0;0;0;0;0;0;0;0;0;4;0;0;0;0
"19/01/2024";"09:44:19";"186";"Sem vítima";"399,579";"BR-163/MS";"Crescente";"Colisão lateral no mesmo sentido";0;0;0;0;0;0;0;0;0;1;6;0;0;0;0
"19/01/2024";"11:01:40";"206";"Com vítima";"23,938";"BR-163/MS";"Decrescente";"Colisão transversal";2;0;0;0;0;0;0;0;0;0;4;2;0;0;0
"19/01/2024";"12:22:07";"225";"Com vítima";"581,988";"BR-163/MS";"Crescente";"Acidentes de outra natureza";1;0;0;0;0;0;0;0;0;0;0;2;0;0;0
"19/01/2024";"14:59:47";"271";"Sem vítima";"495,602";"BR-163/MS";"Decrescente";"Choque";0;0;0;0;0;0;0;0;0;1;0;0;0;0;0
"20/01/2024";"09:19:19";"138";"Sem vítima";"13,701";"BR-163/MS";"Decrescente";"Tombamento";0;0;1;0;0;0;0;0;0;0;4;0;0;0;0
"20/01/2024";"17:17:23";"236";"Sem vítima";"7,600";"BR-163/MS";"Crescente";"Acidentes de outra natureza";1;0;0;0;0;0;0;0;0;0;2;0;0;0;0
"20/01/2024";"23:05:41";"321";"Com vítima";"486,500";"BR-163/MS";"Decrescente";"Colisão frontal";2;0;0;0;0;0;0;0;0;0;0;2;2;4;2
"20/01/2024";"23:44:03";"323";"Com vítima";"374,338";"BR-163/MS";"Crescente";"Capotamento";1;0;0;0;0;0;0;0;0;0;0;2;2;2;0
"21/01/2024";"03:29:23";"24";"Sem vítima";"366,355";"BR-163/MS";"Decrescente";"Capotamento";1;0;0;0;0;0;0;0;0;0;0;0;0;0;0
"21/01/2024";"15:14:14";"176";"Sem vítima";"617,118";"BR-163/MS";"Crescente";"Colisão traseira";0;0;1;0;0;0;0;0;0;0;2;0;0;0;0
"21/01/2024";"17:48:17";"207";"Sem vítima";"216,780";"BR-163/MS";"Crescente";"Choque";0;0;0;0;0;0;0;0;0;1;6;0;0;0;0
"21/01/2024";"21:11:08";"263";"Sem vítima";"666,201";"BR-163/MS";"Decrescente";"Atropelamento de animal";0;0;0;0;0;0;0;0;0;1;4;0;0;0;0
"21/01/2024";"22:56:54";"270";"Sem vítima";"513,738";"BR-163/MS";"Crescente";"Atropelamento de animal";0;0;0;0;0;0;0;0;0;1;4;0;0;0;0
"22/01/2024";"02:02:53";"23";"Sem vítima";"5,557";"BR-163/MS";"Crescente";"Acidentes de outra natureza";0;0;0;0;0;0;0;0;0;1;2;0;0;0;0
"22/01/2024";"05:45:54";"36";"Sem vítima";"437,138";"BR-163/MS";"Crescente";"Capotamento";1;0;0;0;0;0;0;0;0;0;2;0;0;0;0
"22/01/2024";"10:05:28";"137";"Com vítima";"679,797";"BR-163/MS";"Decrescente";"Colisão traseira";0;0;0;1;0;0;0;0;0;1;4;2;0;0;0
"22/01/2024";"14:38:48";"201";"Com vítima";"254,344";"BR-163/MS";"Crescente";"Colisão traseira";0;0;0;1;0;0;0;0;0;1;2;2;0;0;0
"22/01/2024";"16:55:05";"225";"Sem vítima";"547,514";"BR-163/MS";"Crescente";"Capotamento";1;0;0;0;0;0;0;0;0;0;4;0;0;0;0
"22/01/2024";"17:17:04";"228";"Sem vítima";"103,940";"BR-163/MS";"Crescente";"Colisão frontal";1;0;1;0;0;0;0;0;0;1;10;0;0;0;0
"22/01/2024";"20:39:30";"291";"Com vítima";"548,434";"BR-163/MS";"Decrescente";"Colisão lateral no mesmo sentido";2;0;0;0;0;0;0;0;0;0;4;2;0;0;0
"23/01/2024";"08:08:42";"108";"Com vítima";"224,358";"BR-163/MS";"Decrescente";"Queda de moto";0;0;0;1;0;0;0;0;0;0;0;2;0;0;0
"23/01/2024";"18:25:05";"281";"Com vítima";"476,285";"BR-163/MS";"Decrescente";"Colisão transversal";0;0;0;0;0;0;0;0;0;0;0;0;0;0;0
"23/01/2024";"19:51:50";"333";"Com vítima";"615,672";"BR-163/MS";"Crescente";"Colisão lateral no mesmo sentido";1;0;0;1;0;0;0;0;0;0;2;2;0;0;0
"24/01/2024";"03:39:55";"33";"Sem vítima";"467,832";"BR-163/MS";"Decrescente";"Atropelamento de animal";1;0;0;0;0;0;0;0;0;0;2;0;0;0;0
"24/01/2024";"07:19:08";"92";"Sem vítima";"372,656";"BR-163/MS";"Crescente";"Colisão lateral no mesmo sentido";0;0;0;0;0;3;0;0;0;1;10;0;0;0;0
"24/01/2024";"08:31:00";"121";"Com vítima";"535,159";"BR-163/MS";"Crescente";"Queda de moto";0;0;0;1;0;0;0;0;0;0;0;0;1;0;0
"24/01/2024";"15:45:46";"245";"Sem vítima";"137,876";"BR-163/MS";"Crescente";"Tombamento";0;0;1;0;0;1;0;0;0;0;2;0;0;0;0
"24/01/2024";"20:53:03";"344";"Sem vítima";"700,737";"BR-163/MS";"Crescente";"Atropelamento de animal";1;0;0;0;0;0;0;0;0;0;0;0;0;0;0
"25/01/2024";"08:57:31";"119";"Com vítima";"595,000";"BR-163/MS";"Crescente";"Capotamento";0;0;0;0;0;0;0;0;0;1;0;2;0;0;0
"25/01/2024";"13:50:38";"211";"Sem vítima";"475,105";"BR-163/MS";"Decrescente";"Colisão transversal";1;0;1;0;0;0;0;0;0;0;4;0;0;0;0
"25/01/2024";"15:34:33";"232";"Sem vítima";"678,542";"BR-163/MS";"Crescente";"Engavetamento";3;0;0;0;0;0;0;0;0;0;16;0;0;0;0
"26/01/2024";"00:23:19";"11";"Sem vítima";"485,000";"BR-163/MS";"Decrescente";"Colisão traseira";1;0;0;0;0;0;0;0;0;1;4;0;0;0;0
"26/01/2024";"06:13:48";"41";"Com vítima";"364,273";"BR-163/MS";"Crescente";"Tombamento";0;0;1;0;0;2;0;0;0;0;0;2;0;0;0
"26/01/2024";"18:41:29";"268";"Sem vítima";"462,334";"BR-163/MS";"Crescente";"Colisão traseira";1;0;1;0;0;1;0;0;0;0;4;0;0;0;0
"26/01/2024";"21:08:24";"313";"Sem vítima";"304,570";"BR-163/MS";"Crescente";"Colisão frontal";2;0;0;0;0;0;0;0;0;0;4;0;0;0;0
"27/01/2024";"09:50:49";"138";"Com vítima";"178,545";"BR-163/MS";"Decrescente";"Engavetamento";1;0;0;0;0;0;0;0;0;3;0;26;0;0;0
"27/01/2024";"13:34:17";"186";"Sem vítima";"703,501";"BR-163/MS";"Decrescente";"Colisão traseira";0;0;0;0;0;0;0;0;0;0;0;0;0;0;0
"27/01/2024";"16:23:43";"210";"Com vítima";"842,732";"BR-163/MS";"Crescente";"Choque";0;0;0;1;0;0;0;0;0;0;0;0;0;2;0
"27/01/2024";"18:08:14";"229";"Sem vítima";"253,237";"BR-163/MS";"Crescente";"Acidentes de outra natureza";1;0;0;0;0;0;0;0;0;0;1;0;0;0;0
"27/01/2024";"21:55:13";"298";"Com vítima";"658,692";"BR-163/MS";"Crescente";"Tombamento";0;0;0;0;0;2;0;0;0;0;0;0;0;0;0
"28/01/2024";"07:07:06";"86";"Com vítima";"149,500";"BR-163/MS";"Crescente";"Queda de moto";0;0;0;1;0;0;0;0;0;0;0;2;0;0;0
"28/01/2024";"18:41:33";"214";"Sem vítima";"28,700";"BR-163/MS";"Crescente";"Choque";1;0;0;0;0;0;0;0;0;0;10;0;0;0;0
"28/01/2024";"19:15:39";"242";"Sem vítima";"770,380";"BR-163/MS";"Decrescente";"Atropelamento de animal";1;0;0;0;0;0;0;0;0;0;2;0;0;0;0
"28/01/2024";"19:16:54";"244";"Sem vítima";"238,360";"BR-163/MS";"Crescente";"Queda de moto";0;0;0;1;0;0;0;0;0;0;2;0;0;0;0
"28/01/2024";"20:37:58";"258";"Sem vítima";"258,412";"BR-163/MS";"Crescente";"Acidentes de outra natureza";0;0;0;0;0;1;0;0;0;1;2;0;0;0;0
"28/01/2024";"20:55:04";"261";"Sem vítima";"810,855";"BR-163/MS";"Decrescente";"Atropelamento de animal";0;0;1;0;0;0;0;0;0;0;2;0;0;0;0
"28/01/2024";"22:32:41";"280";"Com vítima";"665,154";"BR-163/MS";"Crescente";"Colisão traseira";0;0;1;0;0;0;0;0;0;1;2;0;2;2;0
"29/01/2024";"00:05:09";"1";"Sem vítima";"466,322";"BR-163/MS";"Decrescente";"Acidentes de outra natureza";1;0;0;0;0;0;0;0;0;0;2;0;0;0;0
"29/01/2024";"09:45:16";"130";"Com vítima";"632,000";"BR-163/MS";"Decrescente";"Queda de moto";0;0;0;1;0;0;0;0;0;0;0;1;0;0;0
"29/01/2024";"13:50:44";"219";"Com vítima";"663,900";"BR-163/MS";"Decrescente";"Tombamento";0;0;1;0;0;0;0;0;0;0;0;1;0;0;0
"29/01/2024";"17:36:18";"301";"Sem vítima";"11,900";"BR-163/MS";"Crescente";"Acidentes de outra natureza";0;0;0;0;0;0;0;0;0;0;0;0;0;0;0
"30/01/2024";"04:29:29";"41";"Com vítima";"609,880";"BR-163/MS";"Crescente";"Colisão traseira";1;0;1;0;0;1;0;0;0;0;2;2;0;0;0
"30/01/2024";"13:59:26";"241";"Sem vítima";"485,425";"BR-163/MS";"Crescente";"Colisão traseira";1;0;0;1;0;0;0;0;0;0;12;0;0;0;0
"31/01/2024";"01:50:13";"16";"Sem vítima";"441,535";"BR-163/MS";"Decrescente";"Tombamento";0;0;0;0;0;2;0;0;0;0;0;0;0;0;0
"31/01/2024";"10:02:32";"150";"Sem vítima";"818,217";"BR-163/MS";"Crescente";"Colisão traseira";0;0;0;0;0;0;0;0;0;2;10;0;0;0;0
"31/01/2024";"13:12:13";"196";"Com vítima";"43,837";"BR-163/MS";"Crescente";"Tombamento";0;0;0;0;0;0;0;0;1;0;0;0;0;0;0
"31/01/2024";"14:03:50";"206";"Sem vítima";"191,100";"BR-163/MS";"Crescente";"Acidentes de outra natureza";0;0;1;0;0;1;0;0;0;0;2;0;0;0;0
"31/01/2024";"14:21:08";"218";"Sem vítima";"627,159";"BR-163/MS";"Crescente";"Acidentes de outra natureza";1;0;0;0;0;0;0;0;0;0;1;0;0;0;0
"01/02/2024";"00:39:20";"19";"Sem vítima";"495,227";"BR-163/MS";"Decrescente";"Acidentes de outra natureza";0;0;0;0;0;0;0;0;0;1;2;0;0;0;0
"01/02/2024";"13:45:32";"245";"Com vítima";"740,000";"BR-163/MS";"Crescente";"Colisão traseira";1;0;0;0;0;0;0;0;0;1;8;2;2;0;0
"02/02/2024";"12:05:58";"189";"Com vítima";"135,725";"BR-163/MS";"Crescente";"Colisão frontal";0;0;1;0;1;3;0;0;0;0;70;0;8;4;2
"02/02/2024";"12:19:51";"192";"Sem vítima";"450,145";"BR-163/MS";"Crescente";"Acidentes de outra natureza";0;0;0;0;0;1;0;0;0;0;0;0;0;0;0
"02/02/2024";"12:43:52";"204";"Sem vítima";"609,830";"BR-163/MS";"Decrescente";"Acidentes de outra natureza";0;0;0;0;0;0;0;0;0;1;1;0;0;0;0
"02/02/2024";"20:53:07";"348";"Com vítima";"237,660";"BR-163/MS";"Decrescente";"Capotamento";0;0;0;0;0;0;0;0;0;1;0;2;0;0;0
"03/02/2024";"02:19:10";"28";"Sem vítima";"206,718";"BR-163/MS";"Decrescente";"Acidentes de outra natureza";0;0;0;0;0;0;0;0;0;0;0;0;0;0;0
"03/02/2024";"03:59:54";"41";"Com vítima";"331,881";"BR-163/MS";"Decrescente";"Atropelamento de animal";0;0;0;1;0;0;0;0;0;0;0;2;0;0;0
"03/02/2024";"10:17:41";"148";"Com vítima";"208,895";"BR-163/MS";"Crescente";"Colisão transversal";0;0;0;1;0;0;0;0;0;1;2;2;0;0;0