data;horario;n_da_ocorrencia;tipo_de_ocorrencia;km;trecho;sentido;tipo_de_acidente;automovel;bicicleta;caminhao;moto;onibus;outros;tracao_animal;transporte_de_cargas_especiais;trator_maquinas;utilitarios;ilesos;levemente_feridos;moderadamente_feridos;gravemente_feridos;mortos
"03/02/2024";"11:24:47";"170";"Sem vítima";"603,614";"BR-163/MS";"Crescente";"Colisão traseira";0;0;0;0;0;0;0;0;0;2;14;0;0;0;0
"03/02/2024";"14:50:05";"223";"Sem vítima";"113,190";"BR-163/MS";"Crescente";"Colisão traseira";2;0;0;0;0;0;0;0;0;0;8;0;0;0;0
"03/02/2024";"19:40:12";"286";"Com vítima";"258,480";"BR-163/MS";"Crescente";"Choque";0;0;0;0;0;0;0;0;0;1;0;4;0;0;0
"03/02/2024";"20:09:47";"292";"Sem vítima";"669,280";"BR-163/MS";"Decrescente";"Capotamento";0;0;0;0;0;0;0;0;0;1;2;0;0;0;0
"04/02/2024";"18:06:17";"213";"Com vítima";"341,319";"BR-163/MS";"Decrescente";"Colisão traseira";0;0;1;0;0;0;0;0;0;0;0;0;0;0;0
"05/02/2024";"07:23:23";"86";"Com vítima";"61,802";"BR-163/MS";"Crescente";"Capotamento";1;0;0;0;0;0;0;0;0;0;0;1;0;0;0
"05/02/2024";"10:48:48";"172";"Com vítima";"479,863";"BR-163/MS";"Crescente";"Colisão frontal";2;0;0;0;0;0;0;0;0;0;2;1;0;0;0
"05/02/2024";"19:36:59";"282";"Sem vítima";"542,600";"BR-163/MS";"Decrescente";"Acidentes de outra natureza";0;0;0;0;0;2;0;0;0;0;0;0;0;0;0
"05/02/2024";"20:19:03";"293";"Sem vítima";"497,554";"BR-163/MS";"Crescente";"Acidentes de outra natureza";1;0;0;0;0;0;0;0;0;0;0;0;0;0;0
"06/02/2024";"10:16:09";"165";"Sem vítima";"252,950";"BR-163/MS";"Crescente";"Colisão traseira";1;0;0;0;0;0;0;0;0;1;3;0;0;0;0
"06/02/2024";"11:15:37";"186";"Sem vítima";"270,920";"BR-163/MS";"Decrescente";"Tombamento";0;0;1;0;0;1;0;0;0;0;2;0;0;0;0
"06/02/2024";"11:23:24";"189";"Com vítima";"268,299";"BR-163/MS";"Crescente";"Queda de moto";0;0;0;1;0;0;0;0;0;0;0;2;0;0;0
"06/02/2024";"15:20:12";"265";"Com vítima";"610,786";"BR-163/MS";"Crescente";"Colisão transversal";1;0;1;0;0;3;0;0;0;1;6;2;2;0;0
"06/02/2024";"18:11:08";"305";"Sem vítima";"426,543";"BR-163/MS";"Crescente";"Capotamento";0;0;0;0;0;0;0;0;0;1;1;0;0;0;0
"06/02/2024";"18:34:37";"316";"Sem vítima";"561,206";"BR-163/MS";"Decrescente";"Colisão lateral no mesmo sentido";1;0;0;0;0;1;0;0;0;0;2;0;0;0;0
"07/02/2024";"11:36:57";"242";"Sem vítima";"360,489";"BR-163/MS";"Crescente";"Engavetamento";0;0;2;0;0;0;0;0;0;1;16;0;0;0;0
"07/02/2024";"13:33:10";"269";"Sem vítima";"360,489";"BR-163/MS";"Decrescente";"Engavetamento";0;0;0;0;0;0;0;0;0;3;16;0;0;0;0
"07/02/2024";"15:25:48";"302";"Sem vítima";"636,432";"BR-163/MS";"Decrescente";"Acidentes de outra natureza";0;0;0;0;0;2;0;0;0;0;0;0;0;0;0
"08/02/2024";"06:40:09";"76";"Com vítima";"750,690";"BR-163/MS";"Crescente";"Queda de moto";0;0;0;1;0;0;0;0;0;0;0;4;0;0;0
"08/02/2024";"08:13:19";"140";"Sem vítima";"166,802";"BR-163/MS";"Decrescente";"Colisão traseira";0;0;0;0;0;4;0;0;0;0;0;0;0;0;0
"08/02/2024";"11:09:42";"196";"Com vítima";"539,275";"BR-163/MS";"Crescente";"Atropelamento de pedestre";0;0;0;0;0;1;0;0;0;0;0;0;0;0;0
"08/02/2024";"14:40:27";"243";"Com vítima";"450,345";"BR-163/MS";"Decrescente";"Colisão lateral no mesmo sentido";1;0;0;0;0;0;0;0;0;0;4;0;2;0;0
"08/02/2024";"14:59:04";"249";"Sem vítima";"309,304";"BR-163/MS";"Decrescente";"Acidentes de outra natureza";1;0;0;0;0;0;0;0;0;0;4;0;0;0;0
"08/02/2024";"16:23:03";"265";"Sem vítima";"539,168";"BR-163/MS";"Crescente";"Colisão traseira";0;0;1;0;0;0;0;0;0;0;2;0;0;0;0
"08/02/2024";"17:41:15";"279";"Sem vítima";"627,144";"BR-163/MS";"Decrescente";"Acidentes de outra natureza";1;0;0;0;0;0;0;0;0;0;2;0;0;0;0
"10/02/2024";"13:19:35";"210";"Sem vítima";"392,310";"BR-163/MS";"Decrescente";"Capotamento";1;0;0;0;0;0;0;0;0;0;4;0;0;0;0
"10/02/2024";"17:42:52";"287";"Com vítima";"479,862";"BR-163/MS";"Crescente";"Queda de moto";0;0;0;1;0;0;0;0;0;0;0;4;0;0;0
"10/02/2024";"18:49:37";"312";"Com vítima";"491,514";"BR-163/MS";"Decrescente";"Colisão traseira";2;0;0;0;0;0;0;0;0;0;8;2;0;0;0
"10/02/2024";"21:03:43";"352";"Sem vítima";"306,972";"BR-163/MS";"Crescente";"Atropelamento de animal";1;0;0;0;0;0;0;0;0;0;6;0;0;0;0
"10/02/2024";"23:57:33";"403";"Com vítima";"257,183";"BR-163/MS";"Crescente";"Capotamento";1;0;0;0;0;0;0;0;0;0;0;4;0;0;0
"11/02/2024";"04:53:53";"45";"Com vítima";"475,838";"BR-163/MS";"Crescente";"Queda de moto";0;0;0;1;0;0;0;0;0;0;0;2;0;0;0
"11/02/2024";"05:10:35";"48";"Com vítima";"546,279";"BR-163/MS";"Decrescente";"Colisão transversal";1;0;0;0;0;0;0;0;0;1;8;0;2;0;0
"11/02/2024";"21:39:34";"319";"Com vítima";"280,246";"BR-163/MS";"Crescente";"Queda de moto";0;0;0;1;0;0;0;0;0;0;0;2;0;0;0
"12/02/2024";"02:53:05";"31";"Sem vítima";"689,172";"BR-163/MS";"Decrescente";"Tombamento";0;0;1;0;0;1;0;0;0;0;2;0;0;0;0
"12/02/2024";"15:42:05";"199";"Sem vítima";"239,200";"BR-163/MS";"Decrescente";"Tombamento";0;0;0;0;0;2;0;0;0;0;0;0;0;0;0
"13/02/2024";"13:45:24";"243";"Sem vítima";"564,292";"BR-163/MS";"Crescente";"Colisão lateral no mesmo sentido";1;0;2;0;0;0;0;0;0;0;14;0;0;0;0
"13/02/2024";"13:48:42";"244";"Sem vítima";"475,833";"BR-163/MS";"Crescente";"Colisão transversal";1;0;1;0;0;0;0;0;0;0;6;0;0;0;0
"13/02/2024";"16:38:41";"314";"Com vítima";"519,472";"BR-163/MS";"Crescente";"Capotamento";1;0;0;0;0;0;0;0;0;0;0;0;4;0;0
"14/02/2024";"09:12:59";"153";"Com vítima";"504,216";"BR-163/MS";"Crescente";"Choque";1;0;0;0;0;0;0;0;0;0;0;0;0;1;0
"14/02/2024";"10:47:18";"183";"Sem vítima";"68,521";"BR-163/MS";"Decrescente";"Acidentes de outra natureza";0;0;1;0;0;0;0;0;0;0;1;0;0;0;0
"14/02/2024";"16:01:57";"254";"Sem vítima";"251,849";"BR-163/MS";"Crescente";"Acidentes de outra natureza";0;0;0;0;0;2;0;0;0;0;0;0;0;0;0
"14/02/2024";"17:58:09";"294";"Com vítima";"542,650";"BR-163/MS";"Decrescente";"Colisão traseira";1;0;0;0;0;1;0;0;0;0;0;2;2;0;0
"14/02/2024";"20:30:53";"324";"Sem vítima";"150,600";"BR-163/MS";"Crescente";"Choque";0;0;0;0;0;0;0;0;0;1;2;0;0;0;0
"15/02/2024";"06:44:51";"79";"Sem vítima";"249,000";"BR-163/MS";"Crescente";"Acidentes de outra natureza";1;0;0;0;0;0;0;0;0;0;2;0;0;0;0
"15/02/2024";"07:18:56";"91";"Sem vítima";"486,000";"BR-163/MS";"Crescente";"Colisão transversal";3;0;0;0;0;0;0;0;0;0;6;0;0;0;0
"15/02/2024";"14:43:00";"207";"Com vítima";"158,572";"BR-163/MS";"Decrescente";"Colisão traseira";0;0;0;0;2;1;0;0;0;0;74;0;6;2;0
"15/02/2024";"22:11:38";"313";"Com vítima";"457,000";"BR-163/MS";"Crescente";"Atropelamento de animal";0;0;0;1;0;0;0;0;0;0;0;0;2;0;0
"16/02/2024";"03:15:07";"42";"Sem vítima";"609,388";"BR-163/MS";"Crescente";"Tombamento";0;0;0;0;0;2;0;0;0;0;0;0;0;0;0
"16/02/2024";"05:12:54";"61";"Com vítima";"609,388";"BR-163/MS";"Crescente";"Choque";1;0;0;1;0;1;0;0;0;0;6;0;0;2;0
"16/02/2024";"05:27:53";"65";"Sem vítima";"470,355";"BR-163/MS";"Decrescente";"Choque";1;0;0;0;0;0;0;0;0;0;1;0;0;0;0
"16/02/2024";"09:09:19";"183";"Sem vítima";"485,735";"BR-163/MS";"Decrescente";"Choque";0;0;2;0;0;2;0;0;0;0;6;0;0;0;0
"16/02/2024";"13:17:40";"252";"Com vítima";"512,202";"BR-163/MS";"Decrescente";"Colisão traseira";0;0;1;0;0;2;0;0;0;0;0;0;0;2;2
"16/02/2024";"23:08:22";"408";"Sem vítima";"317,795";"BR-163/MS";"Decrescente";"Atropelamento de animal";1;0;0;0;0;0;0;0;0;0;4;0;0;0;0
"16/02/2024";"23:15:32";"410";"Com vítima";"190,512";"BR-163/MS";"Crescente";"Tombamento";1;0;0;0;0;2;0;0;0;0;6;0;0;0;0
"17/02/2024";"00:25:37";"3";"Sem vítima";"441,331";"BR-163/MS";"Crescente";"Atropelamento de animal";0;0;0;0;0;0;0;0;0;1;1;0;0;0;0
"17/02/2024";"08:19:49";"103";"Sem vítima";"492,267";"BR-163/MS";"Decrescente";"Choque";0;0;0;0;0;0;0;0;0;1;10;0;0;0;0
"17/02/2024";"10:37:00";"135";"Sem vítima";"124,429";"BR-163/MS";"Crescente";"Tombamento";0;0;0;0;0;1;0;0;0;0;0;0;0;0;0
"17/02/2024";"16:01:41";"207";"Com vítima";"267,890";"BR-163/MS";"Crescente";"Colisão lateral no mesmo sentido";1;0;0;1;0;0;0;0;0;0;6;2;0;0;0
"18/02/2024";"00:19:26";"14";"Com vítima";"725,985";"BR-163/MS";"Decrescente";"Queda de moto";0;0;0;1;0;0;0;0;0;0;0;2;0;0;0
"18/02/2024";"16:36:59";"208";"Sem vítima";"240,873";"BR-163/MS";"Crescente";"Acidentes de outra natureza";1;0;0;0;0;0;0;0;0;0;5;0;0;0;0
"18/02/2024";"18:50:59";"240";"Com vítima";"814,326";"BR-163/MS";"Crescente";"Colisão traseira";1;0;0;1;0;1;0;0;0;0;4;0;2;0;0
"18/02/2024";"20:47:52";"259";"Sem vítima";"281,500";"BR-163/MS";"Crescente";"Acidentes de outra natureza";1;0;0;0;0;0;0;0;0;0;1;0;0;0;0
"18/02/2024";"21:21:04";"261";"Com vítima";"640,638";"BR-163/MS";"Decrescente";"Choque";0;0;1;0;0;1;0;0;0;0;0;1;0;0;0
"18/02/2024";"21:42:47";"265";"Com vítima";"558,605";"BR-163/MS";"Decrescente";"Acidentes de outra natureza";0;0;0;0;0;0;0;0;0;1;0;1;0;0;0
"19/02/2024";"19:24:12";"306";"Com vítima";"615,642";"BR-163/MS";"Crescente";"Colisão lateral no mesmo sentido";0;0;0;1;0;0;0;0;0;1;2;2;0;0;0
"19/02/2024";"20:27:17";"313";"Sem vítima";"380,231";"BR-163/MS";"Decrescente";"Atropelamento de animal";0;0;0;0;0;0;0;0;0;1;4;0;0;0;0
"20/02/2024";"05:10:43";"26";"Sem vítima";"377,710";"BR-163/MS";"Decrescente";"Atropelamento de animal";0;0;0;0;0;0;0;0;0;1;4;0;0;0;0
"20/02/2024";"05:15:48";"27";"Sem vítima";"377,710";"BR-163/MS";"Decrescente";"Atropelamento de animal";1;0;0;0;0;0;0;0;0;0;2;0;0;0;0
"20/02/2024";"09:16:42";"145";"Sem vítima";"185,800";"BR-163/MS";"Crescente";"Colisão traseira";0;0;0;0;0;1;0;0;0;2;8;0;0;0;0
"20/02/2024";"14:49:25";"230";"Sem vítima";"484,709";"BR-163/MS";"Decrescente";"Colisão traseira";0;0;0;0;0;0;0;0;0;0;0;0;0;0;0
"20/02/2024";"14:52:08";"231";"Sem vítima";"273,790";"BR-163/MS";"Crescente";"Tombamento";0;0;1;0;0;0;0;0;0;0;6;0;0;0;0
"21/02/2024";"10:21:54";"175";"Sem vítima";"665,900";"BR-163/MS";"Crescente";"Acidentes de outra natureza";0;0;0;0;0;2;0;0;0;0;0;0;0;0;0
"21/02/2024";"19:01:19";"286";"Com vítima";"565,000";"BR-163/MS";"Crescente";"Engavetamento";1;0;1;0;1;0;0;0;0;0;50;0;2;0;0
"21/02/2024";"19:12:06";"287";"Sem vítima";"744,000";"BR-163/MS";"Crescente";"Atropelamento de animal";0;0;0;0;0;0;0;0;0;1;6;0;0;0;0
"22/02/2024";"07:22:44";"109";"Sem vítima";"485,430";"BR-163/MS";"Crescente";"Colisão traseira";1;0;1;0;0;0;0;0;0;0;6;0;0;0;0
"22/02/2024";"16:00:35";"261";"Com vítima";"117,796";"BR-163/MS";"Crescente";"Queda de moto";0;0;0;1;0;0;0;0;0;0;2;2;0;0;0
"23/02/2024";"03:05:07";"25";"Sem vítima";"318,200";"BR-163/MS";"Decrescente";"Atropelamento de animal";1;0;0;0;0;0;0;0;0;0;8;0;0;0;0
"23/02/2024";"08:42:55";"119";"Sem vítima";"490,635";"BR-163/MS";"Crescente";"Colisão traseira";1;0;0;1;0;0;0;0;0;0;6;0;0;0;0
"23/02/2024";"11:50:59";"169";"Com vítima";"567,618";"BR-163/MS";"Decrescente";"Atropelamento de pedestre";0;0;0;0;0;1;0;0;0;0;0;0;0;1;0
"23/02/2024";"17:37:21";"233";"Com vítima";"373,148";"BR-163/MS";"Decrescente";"Capotamento";1;0;0;0;0;0;0;0;0;0;1;0;3;0;0
"23/02/2024";"19:57:20";"284";"Sem vítima";"293,977";"BR-163/MS";"Decrescente";"Atropelamento de animal";1;0;0;0;0;0;0;0;0;0;4;0;0;0;0
"23/02/2024";"20:39:43";"288";"Com vítima";"465,000";"BR-163/MS";"Crescente";"Queda de moto";0;0;0;1;0;0;0;0;0;0;0;2;0;0;0
"23/02/2024";"21:06:53";"294";"Com vítima";"252,325";"BR-163/MS";"Decrescente";"Atropelamento de pedestre";1;0;0;0;0;0;0;0;0;0;3;0;0;1;0
"24/02/2024";"04:47:31";"31";"Com vítima";"469,417";"BR-163/MS";"Decrescente";"Colisão transversal";1;0;0;0;0;2;0;0;0;1;2;0;0;0;4
"24/02/2024";"09:03:27";"102";"Sem vítima";"327,415";"BR-163/MS";"Decrescente";"Colisão traseira";1;0;0;0;0;0;0;0;0;1;6;0;0;0;0
"24/02/2024";"10:39:15";"126";"Sem vítima";"173,203";"BR-163/MS";"Decrescente";"Colisão traseira";0;0;1;0;0;0;0;0;0;0;0;0;0;0;0
"24/02/2024";"13:37:35";"157";"Sem vítima";"697,575";"BR-163/MS";"Decrescente";"Colisão transversal";0;0;1;0;0;0;0;0;0;1;6;0;0;0;0
"24/02/2024";"16:16:05";"181";"Sem vítima";"73,937";"BR-163/MS";"Crescente";"Acidentes de outra natureza";0;0;1;0;0;1;0;0;0;0;1;0;0;0;0
"24/02/2024";"18:37:44";"212";"Sem vítima";"266,000";"BR-163/MS";"Crescente";"Colisão traseira";2;0;0;0;0;0;0;0;0;0;12;0;0;0;0
"24/02/2024";"18:52:35";"220";"Com vítima";"417,468";"BR-163/MS";"Decrescente";"Tombamento";0;0;0;0;0;1;0;0;0;0;0;0;0;0;0
"24/02/2024";"21:16:39";"265";"Com vítima";"265,000";"BR-163/MS";"Crescente";"Colisão traseira";1;0;1;0;0;0;0;0;0;0;4;4;0;0;0
"25/02/2024";"05:03:31";"49";"Com vítima";"263,000";"BR-163/MS";"Crescente";"Atropelamento de animal";0;0;0;1;0;0;0;0;0;0;0;2;0;0;0
"25/02/2024";"14:43:27";"194";"Sem vítima";"484,403";"BR-163/MS";"Decrescente";"Colisão transversal";0;0;0;0;0;0;0;0;0;0;0;0;0;0;0
"25/02/2024";"15:25:14";"203";"Com vítima";"459,725";"BR-163/MS";"Decrescente";"Queda de moto";0;0;0;1;0;0;0;0;0;0;0;2;0;0;0
"25/02/2024";"22:22:28";"289";"Sem vítima";"550,000";"BR-163/MS";"Crescente";"Atropelamento de animal";0;0;0;0;0;1;0;0;0;1;2;0;0;0;0
"25/02/2024";"23:06:54";"295";"Com vítima";"255,968";"BR-163/MS";"Crescente";"Atropelamento de pedestre";0;0;0;0;0;0;0;0;0;0;0;2;0;0;0
"27/02/2024";"14:10:58";"241";"Com vítima";"471,186";"BR-163/MS";"Decrescente";"Colisão traseira";1;0;0;1;0;0;0;0;0;0;2;0;0;2;0
"27/02/2024";"17:43:00";"292";"Com vítima";"484,964";"BR-163/MS";"Crescente";"Queda de moto";0;0;0;2;0;0;0;0;0;0;0;0;2;0;0
"27/02/2024";"20:36:32";"319";"Sem vítima";"235,288";"BR-163/MS";"Crescente";"Atropelamento de animal";1;0;0;0;0;0;0;0;0;0;4;0;0;0;0
"28/02/2024";"19:48:00";"254";"Com vítima";"484,300";"BR-163/MS";"Crescente";"Colisão lateral no mesmo sentido";0;0;0;2;0;0;0;0;0;0;0;4;0;0;0
"28/02/2024";"20:58:55";"275";"Sem vítima";"415,965";"BR-163/MS";"Decrescente";"Atropelamento de animal";1;0;0;0;0;0;0;0;0;0;10;0;0;0;0
"29/02/2024";"03:01:48";"20";"Sem vítima";"285,962";"BR-163/MS";"Decrescente";"Atropelamento de animal";0;0;0;0;0;0;0;0;0;1;2;0;0;0;0
"29/02/2024";"04:24:26";"23";"Sem vítima";"740,100";"BR-163/MS";"Crescente";"Atropelamento de animal";0;0;1;0;0;0;0;0;0;0;2;0;0;0;0
"29/02/2024";"13:11:11";"188";"Com vítima";"404,907";"BR-163/MS";"Crescente";"Colisão transversal";0;0;1;0;0;1;0;0;0;1;0;2;0;0;6
"29/02/2024";"19:10:37";"298";"Sem vítima";"32,915";"BR-163/MS";"Crescente";"Colisão traseira";0;0;1;0;0;3;0;0;0;0;2;0;0;0;0
"29/02/2024";"19:38:25";"304";"Sem vítima";"473,000";"BR-163/MS";"Crescente";"Atropelamento de animal";1;0;0;0;0;0;0;0;0;0;2;0;0;0;0
"29/02/2024";"20:47:12";"316";"Sem vítima";"728,000";"BR-163/MS";"Decrescente";"Atropelamento de animal";0;0;1;0;0;0;0;0;0;0;2;0;0;0;0
"29/02/2024";"21:57:43";"327";"Sem vítima";"824,692";"BR-163/MS";"Crescente";"Colisão traseira";0;0;1;0;0;2;0;0;0;0;2;0;0;0;0
"01/03/2024";"06:02:28";"45";"Com vítima";"298,178";"BR-163/MS";"Decrescente";"Queda de moto";0;0;0;1;0;0;0;0;0;0;0;2;0;0;0
"01/03/2024";"16:26:47";"259";"Sem vítima";"523,225";"BR-163/MS";"Decrescente";"Acidentes de outra natureza";0;0;1;0;0;0;0;0;0;0;2;0;0;0;0
"01/03/2024";"19:14:01";"296";"Sem vítima";"392,000";"BR-163/MS";"Decrescente";"Atropelamento de animal";1;0;0;0;0;0;0;0;0;0;2;0;0;0;0
"02/03/2024";"10:18:29";"127";"Sem vítima";"138,159";"BR-163/MS";"Crescente";"Acidentes de outra natureza";0;0;1;0;0;0;0;0;0;0;2;0;0;0;0
"02/03/2024";"15:18:14";"181";"Sem vítima";"456,552";"BR-163/MS";"Decrescente";"Tombamento";0;0;0;0;0;2;0;0;0;0;0;0;0;0;0
"02/03/2024";"18:29:02";"228";"Com vítima";"36,669";"BR-163/MS";"Crescente";"Engavetamento";2;0;1;0;0;1;0;0;0;1;8;6;0;0;0
"02/03/2024";"18:43:43";"232";"Com vítima";"317,655";"BR-163/MS";"Crescente";"Atropelamento de animal";0;0;0;1;0;0;0;0;0;0;0;2;0;0;0
"02/03/2024";"23:26:26";"288";"Com vítima";"680,927";"BR-163/MS";"Decrescente";"Queda de moto";0;0;0;0;0;0;0;0;0;0;0;0;0;0;0
"03/03/2024";"04:33:13";"23";"Sem vítima";"429,127";"BR-163/MS";"Crescente";"Atropelamento de animal";0;0;0;0;0;0;0;0;0;1;2;0;0;0;0
"03/03/2024";"07:46:53";"83";"Sem vítima";"655,267";"BR-163/MS";"Decrescente";"Tombamento";0;0;0;0;0;2;0;0;0;0;0;0;0;0;0
"03/03/2024";"12:57:17";"132";"Com vítima";"435,543";"BR-163/MS";"Decrescente";"Capotamento";0;0;0;0;0;0;0;0;0;1;0;2;0;0;0
"03/03/2024";"12:59:05";"133";"Sem vítima";"100,000";"BR-163/MS";"Crescente";"Acidentes de outra natureza";1;0;0;0;0;0;0;0;0;0;2;0;0;0;0
"03/03/2024";"18:29:27";"195";"Sem vítima";"278,780";"BR-163/MS";"Crescente";"Choque";1;0;0;0;0;0;0;0;0;0;6;0;0;0;0
"03/03/2024";"22:36:38";"256";"Sem vítima";"561,000";"BR-163/MS";"Crescente";"Choque";0;0;0;0;0;0;0;0;0;1;4;0;0;0;0
"04/03/2024";"03:17:38";"24";"Sem vítima";"269,000";"BR-163/MS";"Crescente";"Atropelamento de animal";1;0;0;0;0;0;0;0;0;0;8;0;0;0;0
"04/03/2024";"04:08:40";"28";"Sem vítima";"403,931";"BR-163/MS";"Crescente";"Atropelamento de animal";1;0;0;0;0;0;0;0;0;0;2;0;0;0;0
"04/03/2024";"13:56:19";"182";"Com vítima";"39,445";"BR-163/MS";"Crescente";"Colisão lateral no mesmo sentido";1;0;0;1;0;0;0;0;0;0;4;0;2;0;0
"04/03/2024";"23:38:34";"282";"Com vítima";"270,650";"BR-163/MS";"Decrescente";"Queda de moto";0;0;0;1;0;0;0;0;0;0;0;0;2;0;0
"05/03/2024";"21:51:49";"394";"Sem vítima";"618,500";"BR-163/MS";"Decrescente";"Tombamento";0;0;0;0;0;0;0;0;0;0;0;0;0;0;0
"06/03/2024";"11:59:54";"222";"Com vítima";"132,393";"BR-163/MS";"Crescente";"Colisão transversal";1;0;0;0;0;0;0;0;0;1;4;2;0;0;0
"06/03/2024";"16:02:40";"261";"Com vítima";"312,129";"BR-163/MS";"Crescente";"Colisão transversal";0;0;0;1;0;0;0;0;0;1;4;2;0;0;0
"06/03/2024";"23:22:59";"357";"Sem vítima";"17,773";"BR-163/MS";"Crescente";"Choque";0;0;0;0;0;1;0;0;0;1;2;0;0;0;0
"07/03/2024";"11:23:39";"172";"Com vítima";"178,100";"BR-163/MS";"Decrescente";"Colisão frontal";2;0;0;0;0;0;0;0;0;0;0;6;0;0;0
"07/03/2024";"18:16:24";"249";"Com vítima";"94,000";"BR-163/MS";"Crescente";"Colisão traseira";1;0;1;0;0;0;0;0;0;0;4;6;0;0;0
"08/03/2024";"00:05:34";"10";"Sem vítima";"579,000";"BR-163/MS";"Crescente";"Atropelamento de animal";1;0;0;0;0;0;0;0;0;1;4;0;0;0;0
"08/03/2024";"02:17:05";"18";"Sem vítima";"25,695";"BR-163/MS";"Decrescente";"Capotamento";1;0;0;0;0;0;0;0;0;0;2;0;0;0;0
"08/03/2024";"11:50:19";"142";"Com vítima";"358,484";"BR-163/MS";"Decrescente";"Colisão traseira";1;0;0;1;0;0;0;0;0;0;8;0;2;0;0
"08/03/2024";"12:04:15";"145";"Com vítima";"484,383";"BR-163/MS";"Decrescente";"Queda de moto";0;0;0;1;0;0;0;0;0;0;2;0;2;0;0
"08/03/2024";"12:24:34";"149";"Sem vítima";"707,772";"BR-163/MS";"Crescente";"Capotamento";0;0;0;0;0;0;0;0;0;1;2;0;0;0;0
"08/03/2024";"20:10:53";"233";"Sem vítima";"456,250";"BR-163/MS";"Crescente";"Colisão transversal";2;0;0;0;0;0;0;0;0;0;8;0;0;0;0
"08/03/2024";"21:34:30";"245";"Sem vítima";"276,000";"BR-163/MS";"Crescente";"Queda de moto";0;0;0;1;0;0;0;0;0;0;2;0;0;0;0
"09/03/2024";"16:04:41";"210";"Com vítima";"682,366";"BR-163/MS";"Crescente";"Colisão traseira";2;0;0;0;0;0;0;0;0;0;4;0;2;0;0
"09/03/2024";"20:00:45";"267";"Com vítima";"479,158";"BR-163/MS";"Crescente";"Colisão transversal";1;0;0;1;0;0;0;0;0;0;2;0;2;0;0
"10/03/2024";"01:24:06";"19";"Sem vítima";"349,000";"BR-163/MS";"Crescente";"Acidentes de outra natureza";1;0;0;0;0;0;0;0;0;0;4;0;0;0;0
"10/03/2024";"16:40:55";"207";"Com vítima";"333,111";"BR-163/MS";"Crescente";"Capotamento";1;0;0;0;0;0;0;0;0;0;0;0;2;0;0
"10/03/2024";"18:58:24";"261";"Sem vítima";"277,633";"BR-163/MS";"Crescente";"Choque";1;0;0;0;0;0;0;0;0;0;0;0;0;0;0
"10/03/2024";"19:39:16";"268";"Sem vítima";"830,000";"BR-163/MS";"Decrescente";"Acidentes de outra natureza";1;0;0;0;0;0;0;0;0;0;6;0;0;0;0
"10/03/2024";"20:06:52";"274";"Sem vítima";"478,671";"BR-163/MS";"Crescente";"Colisão traseira";2;0;0;0;0;0;0;0;0;0;6;0;0;0;0
"10/03/2024";"23:18:10";"299";"Sem vítima";"436,611";"BR-163/MS";"Crescente";"Atropelamento de animal";0;0;0;0;0;0;0;0;0;1;2;0;0;0;0
"11/03/2024";"03:23:36";"27";"Sem vítima";"356,116";"BR-163/MS";"Decrescente";"Atropelamento de animal";1;0;0;0;0;0;0;0;0;0;6;0;0;0;0
"11/03/2024";"07:10:39";"99";"Sem vítima";"313,725";"BR-163/MS";"Crescente";"Colisão traseira";0;0;1;0;0;0;0;0;0;1;6;0;0;0;0
"11/03/2024";"18:26:44";"277";"Com vítima";"482,188";"BR-163/MS";"Crescente";"Colisão transversal";0;0;0;2;0;0;0;0;0;0;0;2;2;0;0
"12/03/2024";"11:33:07";"156";"Com vítima";"485,528";"BR-163/MS";"Decrescente";"Colisão traseira";0;0;0;1;0;0;0;0;0;1;2;0;4;0;0
"12/03/2024";"13:44:25";"171";"Com vítima";"157,000";"BR-163/MS";"Decrescente";"Tombamento";0;0;0;0;0;2;0;0;0;0;0;0;0;0;0
"12/03/2024";"14:26:39";"176";"Com vítima";"784,580";"BR-163/MS";"Crescente";"Capotamento";0;0;0;0;0;0;0;0;0;1;0;2;2;0;0
"12/03/2024";"15:19:44";"190";"Sem vítima";"479,426";"BR-163/MS";"Decrescente";"Colisão traseira";1;0;1;0;0;0;0;0;0;0;4;0;0;0;0
"12/03/2024";"22:08:01";"300";"Com vítima";"268,547";"BR-163/MS";"Crescente";"Atropelamento de animal";0;0;0;0;0;0;0;0;0;1;0;2;2;0;0
"12/03/2024";"22:09:04";"301";"Sem vítima";"268,547";"BR-163/MS";"Crescente";"Atropelamento de animal";1;0;0;0;0;0;0;0;0;0;2;0;0;0;0
"13/03/2024";"03:06:13";"18";"Sem vítima";"436,827";"BR-163/MS";"Crescente";"Atropelamento de animal";0;0;1;0;0;0;0;0;0;0;4;0;0;0;0
"13/03/2024";"12:13:32";"181";"Com vítima";"479,740";"BR-163/MS";"Decrescente";"Queda de moto";0;0;0;1;0;0;0;0;0;0;0;0;2;0;0