data;horario;n_da_ocorrencia;tipo_de_ocorrencia;km;trecho;sentido;tipo_de_acidente;automovel;bicicleta;caminhao;moto;onibus;outros;tracao_animal;transporte_de_cargas_especiais;trator_maquinas;utilitarios;ilesos;levemente_feridos;moderadamente_feridos;gravemente_feridos;mortos
"13/03/2024";"13:16:23";"194";"Sem vítima";"598,420";"BR-163/MS";"Crescente";"Acidentes de outra natureza";1;0;0;0;0;0;0;0;0;0;2;0;0;0;0
"14/03/2024";"04:21:44";"31";"Sem vítima";"592,775";"BR-163/MS";"Decrescente";"Atropelamento de animal";1;0;0;0;0;0;0;0;0;0;8;0;0;0;0
"14/03/2024";"07:57:05";"100";"Sem vítima";"266,427";"BR-163/MS";"Decrescente";"Engavetamento";1;0;0;0;0;0;0;0;0;1;4;0;0;0;0
"14/03/2024";"12:17:34";"176";"Com vítima";"598,235";"BR-163/MS";"Crescente";"Choque";0;0;0;0;0;0;0;0;0;1;2;4;0;0;0
"14/03/2024";"13:24:30";"185";"Sem vítima";"575,348";"BR-163/MS";"Crescente";"Colisão transversal";0;0;0;0;0;2;0;0;0;0;0;0;0;0;0
"14/03/2024";"18:47:38";"252";"Sem vítima";"102,624";"BR-163/MS";"Crescente";"Colisão transversal";0;0;1;0;0;0;0;0;0;1;4;0;0;0;0
"14/03/2024";"20:45:42";"308";"Com vítima";"18,146";"BR-163/MS";"Crescente";"Queda de moto";0;0;0;0;0;0;0;0;0;0;0;0;0;0;0
"15/03/2024";"03:42:05";"33";"Sem vítima";"843,000";"BR-163/MS";"Decrescente";"Queda de moto";0;0;0;1;0;0;0;0;0;0;2;0;0;0;0
"15/03/2024";"10:13:38";"171";"Com vítima";"510,185";"BR-163/MS";"Crescente";"Colisão transversal";1;0;0;0;0;2;0;0;0;0;0;2;0;4;0
"15/03/2024";"15:43:51";"294";"Sem vítima";"586,711";"BR-163/MS";"Crescente";"Tombamento";0;0;0;0;0;2;0;0;0;0;0;0;0;0;0
"15/03/2024";"17:35:54";"343";"Sem vítima";"520,907";"BR-163/MS";"Decrescente";"Acidentes de outra natureza";1;0;0;0;0;0;0;0;0;0;10;0;0;0;0
"15/03/2024";"18:23:55";"351";"Com vítima";"125,417";"BR-163/MS";"Decrescente";"Atropelamento de animal";0;0;0;1;0;0;0;0;0;0;0;2;0;0;0
"15/03/2024";"18:50:53";"355";"Sem vítima";"23,000";"BR-163/MS";"Crescente";"Atropelamento de animal";1;0;0;0;0;0;0;0;0;1;6;0;0;0;0
"15/03/2024";"19:32:39";"360";"Sem vítima";"600,470";"BR-163/MS";"Decrescente";"Atropelamento de animal";1;0;0;0;0;0;0;0;0;0;2;0;0;0;0
"16/03/2024";"09:05:23";"134";"Com vítima";"77,742";"BR-163/MS";"Decrescente";"Colisão lateral no mesmo sentido";1;0;0;1;0;0;0;0;0;0;6;2;0;0;0
"16/03/2024";"20:27:31";"280";"Sem vítima";"707,510";"BR-163/MS";"Crescente";"Atropelamento de animal";0;0;1;0;0;0;0;0;0;0;2;0;0;0;0
"16/03/2024";"21:59:46";"290";"Sem vítima";"131,800";"BR-163/MS";"Crescente";"Acidentes de outra natureza";0;0;1;0;0;0;0;0;0;0;1;0;0;0;0
"16/03/2024";"22:51:06";"295";"Com vítima";"116,118";"BR-163/MS";"Crescente";"Queda de moto";0;0;0;1;0;0;0;0;0;0;0;0;2;0;0
"17/03/2024";"03:29:22";"58";"Sem vítima";"842,000";"BR-163/MS";"Crescente";"Acidentes de outra natureza";1;0;0;0;0;0;0;0;0;0;2;0;0;0;0
"17/03/2024";"09:18:42";"146";"Com vítima";"144,214";"BR-163/MS";"Crescente";"Tombamento";0;0;0;0;0;2;0;0;0;0;0;0;0;0;0
"17/03/2024";"13:15:57";"172";"Sem vítima";"59,263";"BR-163/MS";"Decrescente";"Acidentes de outra natureza";1;0;0;0;0;0;0;0;0;0;8;0;0;0;0
"17/03/2024";"19:38:22";"269";"Sem vítima";"141,000";"BR-163/MS";"Crescente";"Acidentes de outra natureza";1;0;0;0;0;0;0;0;0;0;0;0;0;0;0
"18/03/2024";"01:05:27";"16";"Sem vítima";"600,251";"BR-163/MS";"Crescente";"Atropelamento de animal";1;0;0;0;0;0;0;0;0;0;6;0;0;0;0
"18/03/2024";"14:32:35";"180";"Sem vítima";"139,676";"BR-163/MS";"Crescente";"Acidentes de outra natureza";0;0;1;0;0;0;0;0;0;0;1;0;0;0;0
"18/03/2024";"15:50:17";"195";"Sem vítima";"113,235";"BR-163/MS";"Crescente";"Choque";1;0;0;0;0;0;0;0;0;0;4;0;0;0;0
"18/03/2024";"16:40:04";"203";"Sem vítima";"703,250";"BR-163/MS";"Crescente";"Colisão traseira";1;0;0;0;0;1;0;0;0;0;10;0;0;0;0
"18/03/2024";"18:47:36";"225";"Com vítima";"517,000";"BR-163/MS";"Decrescente";"Queda de moto";0;0;0;1;0;0;0;0;0;0;0;2;0;2;0
"18/03/2024";"21:58:27";"272";"Com vítima";"481,520";"BR-163/MS";"Crescente";"Colisão frontal";1;0;0;0;0;2;0;0;0;1;4;0;0;2;0
"18/03/2024";"23:30:46";"275";"Sem vítima";"88,355";"BR-163/MS";"Crescente";"Atropelamento de animal";1;0;0;0;0;0;0;0;0;0;6;0;0;0;0
"19/03/2024";"06:56:21";"66";"Sem vítima";"485,537";"BR-163/MS";"Decrescente";"Colisão traseira";0;0;1;0;0;2;0;0;0;0;2;0;0;0;0
"19/03/2024";"09:55:35";"125";"Sem vítima";"614,200";"BR-163/MS";"Crescente";"Colisão transversal";1;0;0;1;0;0;0;0;0;0;6;0;0;0;0
"19/03/2024";"10:24:07";"137";"Com vítima";"680,395";"BR-163/MS";"Decrescente";"Colisão lateral no mesmo sentido";0;0;0;1;0;0;0;0;0;1;2;2;0;0;0
"19/03/2024";"10:41:18";"145";"Sem vítima";"677,306";"BR-163/MS";"Crescente";"Acidentes de outra natureza";1;0;0;0;0;0;0;0;0;0;2;0;0;0;0
"19/03/2024";"11:18:03";"155";"Sem vítima";"25,586";"BR-163/MS";"Crescente";"Acidentes de outra natureza";0;0;1;0;0;0;0;0;0;0;1;0;0;0;0
"19/03/2024";"14:10:05";"193";"Com vítima";"189,873";"BR-163/MS";"Crescente";"Colisão frontal";0;0;2;0;0;1;0;0;0;0;0;2;0;0;2
"19/03/2024";"18:47:36";"270";"Sem vítima";"771,985";"BR-163/MS";"Crescente";"Atropelamento de animal";0;0;0;0;0;0;0;0;0;1;2;0;0;0;0
"20/03/2024";"06:49:10";"91";"Sem vítima";"714,461";"BR-163/MS";"Crescente";"Acidentes de outra natureza";0;0;0;0;0;2;0;0;0;0;0;0;0;0;0
"20/03/2024";"07:04:40";"95";"Sem vítima";"374,107";"BR-163/MS";"Crescente";"Tombamento";0;0;1;0;0;7;0;0;0;0;2;0;0;0;0
"20/03/2024";"12:33:48";"202";"Sem vítima";"520,405";"BR-163/MS";"Crescente";"Acidentes de outra natureza";0;0;1;0;0;0;0;0;0;0;1;0;0;0;0
"20/03/2024";"15:45:57";"233";"Com vítima";"281,123";"BR-163/MS";"Decrescente";"Colisão lateral no mesmo sentido";0;0;0;1;0;1;0;0;0;0;0;0;2;0;0
"20/03/2024";"18:59:16";"265";"Com vítima";"565,149";"BR-163/MS";"Crescente";"Colisão transversal";0;0;0;0;0;0;0;0;0;2;1;1;0;0;0
"21/03/2024";"12:38:33";"193";"Sem vítima";"150,000";"BR-163/MS";"Crescente";"Colisão traseira";1;0;0;0;0;0;0;0;0;1;4;0;0;0;0
"21/03/2024";"16:06:51";"244";"Sem vítima";"191,196";"BR-163/MS";"Crescente";"Choque";0;0;1;0;0;0;0;0;0;0;2;0;0;0;0
"22/03/2024";"02:17:58";"23";"Sem vítima";"529,688";"BR-163/MS";"Crescente";"Tombamento";0;0;1;0;0;0;0;0;0;0;2;0;0;0;0
"22/03/2024";"15:38:28";"239";"Com vítima";"481,504";"BR-163/MS";"Crescente";"Queda de moto";0;0;0;1;0;0;0;0;0;0;2;2;0;0;0
"22/03/2024";"16:16:10";"260";"Com vítima";"373,177";"BR-163/MS";"Crescente";"Colisão lateral no mesmo sentido";0;0;1;0;0;1;0;0;0;1;4;2;0;0;0
"22/03/2024";"19:59:34";"326";"Com vítima";"486,000";"BR-163/MS";"Crescente";"Colisão lateral no mesmo sentido";1;0;0;1;0;0;0;0;0;0;4;0;0;2;0
"23/03/2024";"08:41:43";"95";"Sem vítima";"446,427";"BR-163/MS";"Crescente";"Tombamento";0;0;0;0;0;2;0;0;0;0;0;0;0;0;0
"23/03/2024";"17:22:39";"198";"Sem vítima";"825,995";"BR-163/MS";"Crescente";"Acidentes de outra natureza";0;0;0;0;0;0;0;0;0;1;4;0;0;0;0
"23/03/2024";"18:32:59";"213";"Com vítima";"586,811";"BR-163/MS";"Crescente";"Queda de moto";0;0;0;1;0;0;0;0;0;0;0;0;0;2;0
"24/03/2024";"17:32:59";"240";"Sem vítima";"467,270";"BR-163/MS";"Decrescente";"Colisão frontal";2;0;0;0;0;0;0;0;0;0;4;0;0;0;0
"24/03/2024";"20:15:13";"302";"Sem vítima";"184,642";"BR-163/MS";"Crescente";"Atropelamento de animal";1;0;0;0;0;0;0;0;0;0;2;0;0;0;0
"25/03/2024";"08:31:18";"128";"Sem vítima";"817,537";"BR-163/MS";"Crescente";"Colisão traseira";0;0;2;0;0;0;0;0;0;0;4;0;0;0;0
"25/03/2024";"10:39:05";"167";"Sem vítima";"372,204";"BR-163/MS";"Crescente";"Capotamento";0;0;1;0;0;0;0;0;0;0;4;0;0;0;0
"25/03/2024";"11:15:45";"178";"Com vítima";"529,246";"BR-163/MS";"Decrescente";"Tombamento";0;0;0;0;0;2;0;0;0;0;0;0;0;0;0
"25/03/2024";"13:17:06";"204";"Com vítima";"263,000";"BR-163/MS";"Decrescente";"Colisão traseira";0;0;1;0;1;0;0;0;0;0;2;2;0;0;0
"25/03/2024";"13:48:55";"211";"Com vítima";"485,797";"BR-163/MS";"Decrescente";"Colisão traseira";1;0;0;0;0;0;0;0;0;1;4;2;0;0;0
"25/03/2024";"18:26:47";"268";"Sem vítima";"338,621";"BR-163/MS";"Decrescente";"Atropelamento de animal";1;0;0;0;0;0;0;0;0;0;4;0;0;0;0
"26/03/2024";"02:44:20";"25";"Sem vítima";"719,580";"BR-163/MS";"Crescente";"Capotamento";0;0;0;0;0;0;0;0;0;1;2;0;0;0;0
"26/03/2024";"02:57:53";"26";"Com vítima";"614,168";"BR-163/MS";"Crescente";"Colisão transversal";1;0;0;0;1;0;0;0;0;0;2;2;0;0;0
"26/03/2024";"11:12:16";"185";"Sem vítima";"659,275";"BR-163/MS";"Crescente";"Capotamento";0;0;0;0;0;0;0;0;0;1;1;0;0;0;0
"26/03/2024";"11:14:21";"187";"Sem vítima";"483,913";"BR-163/MS";"Decrescente";"Colisão lateral no mesmo sentido";0;0;1;1;0;0;0;0;0;0;2;0;0;0;0
"26/03/2024";"15:53:02";"244";"Com vítima";"659,480";"BR-163/MS";"Crescente";"Acidentes de outra natureza";0;0;1;0;0;0;0;0;0;0;0;0;2;0;0
"26/03/2024";"18:58:29";"308";"Com vítima";"485,000";"BR-163/MS";"Crescente";"Colisão lateral no mesmo sentido";1;0;1;0;0;0;0;0;0;0;2;2;0;0;0
"27/03/2024";"07:15:18";"88";"Sem vítima";"209,241";"BR-163/MS";"Crescente";"Colisão traseira";1;0;1;0;0;1;0;0;0;0;4;0;0;0;0
"27/03/2024";"09:27:34";"143";"Sem vítima";"426,152";"BR-163/MS";"Crescente";"Acidentes de outra natureza";1;0;0;0;0;0;0;0;0;0;3;0;0;0;0
"27/03/2024";"11:27:15";"175";"Com vítima";"356,944";"BR-163/MS";"Decrescente";"Colisão traseira";2;0;1;0;0;1;0;0;0;0;4;4;0;0;0
"27/03/2024";"15:18:10";"221";"Sem vítima";"365,257";"BR-163/MS";"Crescente";"Engavetamento";2;0;0;0;0;0;0;0;0;1;14;0;0;0;0
"27/03/2024";"21:38:18";"307";"Sem vítima";"385,838";"BR-163/MS";"Crescente";"Atropelamento de animal";1;0;0;0;0;0;0;0;0;0;6;0;0;0;0
"27/03/2024";"22:01:35";"312";"Sem vítima";"136,285";"BR-163/MS";"Decrescente";"Acidentes de outra natureza";1;0;0;0;0;0;0;0;0;0;6;0;0;0;0
"27/03/2024";"23:34:47";"321";"Sem vítima";"432,111";"BR-163/MS";"Decrescente";"Atropelamento de animal";1;0;0;0;0;0;0;0;0;0;4;0;0;0;0
"28/03/2024";"03:08:26";"18";"Sem vítima";"209,359";"BR-163/MS";"Decrescente";"Choque";1;0;0;0;0;0;0;0;0;0;4;0;0;0;0
"28/03/2024";"12:13:51";"172";"Com vítima";"264,421";"BR-163/MS";"Decrescente";"Colisão lateral no mesmo sentido";0;0;0;1;0;0;0;0;0;1;2;2;0;0;0
"28/03/2024";"13:21:09";"188";"Sem vítima";"208,359";"BR-163/MS";"Crescente";"Colisão transversal";2;0;0;0;0;0;0;0;0;0;6;0;0;0;0
"28/03/2024";"16:36:17";"249";"Com vítima";"482,322";"BR-163/MS";"Decrescente";"Colisão traseira";0;0;0;1;0;0;0;0;0;1;2;4;0;0;0
"28/03/2024";"23:18:05";"353";"Sem vítima";"642,559";"BR-163/MS";"Crescente";"Choque";0;0;1;0;0;1;0;0;0;0;1;0;0;0;0
"29/03/2024";"17:00:41";"243";"Com vítima";"437,341";"BR-163/MS";"Decrescente";"Queda de moto";0;0;0;1;0;0;0;0;0;0;0;4;0;0;0
"29/03/2024";"18:27:17";"282";"Sem vítima";"571,200";"BR-163/MS";"Crescente";"Atropelamento de animal";1;0;0;0;0;0;0;0;0;0;6;0;0;0;0
"30/03/2024";"04:44:28";"26";"Sem vítima";"541,500";"BR-163/MS";"Decrescente";"Acidentes de outra natureza";1;0;0;0;0;0;0;0;0;0;2;0;0;0;0
"30/03/2024";"14:17:43";"166";"Com vítima";"19,880";"BR-163/MS";"Decrescente";"Colisão frontal";0;0;1;1;0;1;0;0;0;0;4;0;0;2;0
"30/03/2024";"18:36:10";"260";"Com vítima";"312,000";"BR-163/MS";"Decrescente";"Colisão traseira";1;0;0;0;0;0;0;0;0;1;10;2;0;0;0
"31/03/2024";"02:10:48";"18";"Com vítima";"349,800";"BR-163/MS";"Decrescente";"Capotamento";1;0;0;0;0;0;0;0;0;0;2;2;0;0;0
"31/03/2024";"10:01:16";"111";"Com vítima";"566,178";"BR-163/MS";"Decrescente";"Acidentes de outra natureza";1;0;0;0;0;0;0;0;0;0;0;2;2;0;0
"31/03/2024";"11:59:59";"142";"Sem vítima";"789,417";"BR-163/MS";"Decrescente";"Colisão traseira";0;0;1;0;0;0;0;0;0;0;2;0;0;0;0
"31/03/2024";"12:49:07";"150";"Sem vítima";"703,369";"BR-163/MS";"Crescente";"Queda de moto";0;0;0;1;0;0;0;0;0;0;2;0;0;0;0
"31/03/2024";"13:46:55";"159";"Sem vítima";"443,000";"BR-163/MS";"Decrescente";"Atropelamento de animal";1;0;0;0;0;0;0;0;0;0;2;0;0;0;0
"31/03/2024";"16:17:35";"224";"Sem vítima";"74,830";"BR-163/MS";"Crescente";"Acidentes de outra natureza";1;0;0;0;0;0;0;0;0;0;5;0;0;0;0
"31/03/2024";"17:27:28";"251";"Sem vítima";"488,471";"BR-163/MS";"Crescente";"Acidentes de outra natureza";1;0;0;0;0;0;0;0;0;1;2;0;0;0;0
"31/03/2024";"18:43:20";"267";"Sem vítima";"680,000";"BR-163/MS";"Decrescente";"Engavetamento";1;0;0;0;0;0;0;0;0;4;11;0;0;0;0
"31/03/2024";"18:49:50";"268";"Sem vítima";"156,000";"BR-163/MS";"Crescente";"Acidentes de outra natureza";1;0;0;0;0;0;0;0;0;0;5;0;0;0;0
"31/03/2024";"20:03:13";"285";"Sem vítima";"211,225";"BR-163/MS";"Crescente";"Atropelamento de animal";1;0;0;0;0;0;0;0;0;0;4;0;0;0;0
"01/04/2024";"01:47:01";"21";"Sem vítima";"636,000";"BR-163/MS";"Decrescente";"Acidentes de outra natureza";1;0;0;0;0;0;0;0;0;0;2;0;0;0;0
"01/04/2024";"05:29:22";"38";"Sem vítima";"495,113";"BR-163/MS";"Decrescente";"Colisão lateral no mesmo sentido";1;0;0;0;0;1;0;0;0;0;1;0;0;0;0
"01/04/2024";"11:55:36";"197";"Com vítima";"819,960";"BR-163/MS";"Decrescente";"Acidentes de outra natureza";0;0;0;0;0;0;0;0;0;1;0;1;0;0;0
"01/04/2024";"14:28:13";"217";"Sem vítima";"308,105";"BR-163/MS";"Crescente";"Colisão traseira";1;0;0;0;0;0;0;0;0;1;4;0;0;0;0
"01/04/2024";"18:03:12";"270";"Com vítima";"732,000";"BR-163/MS";"Crescente";"Colisão lateral no mesmo sentido";0;0;1;0;0;0;0;0;0;0;0;0;0;0;0
"01/04/2024";"18:17:39";"272";"Sem vítima";"257,000";"BR-163/MS";"Crescente";"Colisão traseira";1;0;0;1;0;0;0;0;0;0;1;0;0;0;0
"01/04/2024";"18:44:28";"275";"Com vítima";"539,665";"BR-163/MS";"Crescente";"Colisão frontal";1;0;1;0;0;0;0;0;0;0;0;2;1;1;0
"02/04/2024";"03:00:27";"22";"Sem vítima";"480,900";"BR-163/MS";"Crescente";"Acidentes de outra natureza";1;0;0;0;0;0;0;0;0;0;1;0;0;0;0
"02/04/2024";"04:54:45";"29";"Sem vítima";"124,309";"BR-163/MS";"Crescente";"Choque";0;0;0;1;0;0;0;0;0;0;1;0;0;0;0
"02/04/2024";"07:39:01";"92";"Sem vítima";"507,136";"BR-163/MS";"Decrescente";"Acidentes de outra natureza";1;0;0;0;0;0;0;0;0;0;1;0;0;0;0
"02/04/2024";"18:25:26";"285";"Sem vítima";"155,252";"BR-163/MS";"Decrescente";"Atropelamento de animal";1;0;0;0;0;0;0;0;0;0;1;0;0;0;0
"02/04/2024";"20:16:01";"338";"Sem vítima";"110,703";"BR-163/MS";"Decrescente";"Colisão traseira";0;0;1;0;0;2;0;0;0;0;1;0;0;0;0
"03/04/2024";"09:09:40";"135";"Com vítima";"313,725";"BR-163/MS";"Crescente";"Colisão traseira";0;0;1;0;0;1;0;0;0;0;0;1;0;0;0
"03/04/2024";"16:38:20";"225";"Sem vítima";"778,729";"BR-163/MS";"Decrescente";"Colisão traseira";1;0;0;0;0;3;0;0;0;0;1;0;0;0;0
"04/04/2024";"03:39:03";"42";"Sem vítima";"528,536";"BR-163/MS";"Decrescente";"Acidentes de outra natureza";1;0;0;0;0;0;0;0;0;0;1;0;0;0;0
"04/04/2024";"11:14:33";"194";"Com vítima";"93,147";"BR-163/MS";"Decrescente";"Colisão transversal";0;0;1;0;0;0;0;0;0;2;2;0;2;0;0
"04/04/2024";"21:36:26";"345";"Sem vítima";"272,921";"BR-163/MS";"Decrescente";"Acidentes de outra natureza";1;0;0;0;0;0;0;0;0;0;1;0;0;0;0
"05/04/2024";"12:52:03";"163";"Sem vítima";"262,940";"BR-163/MS";"Crescente";"Tombamento";0;0;0;1;0;0;0;0;0;0;1;0;0;0;0
"05/04/2024";"13:37:36";"173";"Sem vítima";"92,925";"BR-163/MS";"Crescente";"Colisão lateral no mesmo sentido";1;0;0;0;0;0;0;0;0;0;3;0;0;0;0
"05/04/2024";"13:38:18";"174";"Sem vítima";"486,147";"BR-163/MS";"Crescente";"Colisão transversal";0;0;0;0;0;0;0;0;0;0;0;0;0;0;0
"05/04/2024";"14:02:57";"179";"Sem vítima";"565,529";"BR-163/MS";"Crescente";"Colisão traseira";0;0;1;0;0;0;0;0;0;1;4;0;0;0;0
"05/04/2024";"16:45:20";"230";"Sem vítima";"430,120";"BR-163/MS";"Decrescente";"Acidentes de outra natureza";0;0;1;0;0;0;0;0;0;0;1;0;0;0;0
"06/04/2024";"16:39:54";"190";"Com vítima";"491,540";"BR-163/MS";"Decrescente";"Colisão traseira";2;0;0;0;0;0;0;0;0;0;1;4;0;0;0
"06/04/2024";"20:13:45";"267";"Com vítima";"171,662";"BR-163/MS";"Crescente";"Colisão lateral no mesmo sentido";1;0;0;1;0;0;0;0;0;0;1;0;0;1;0
"07/04/2024";"07:13:11";"105";"Sem vítima";"800,216";"BR-163/MS";"Crescente";"Tombamento";1;0;0;0;0;0;0;0;0;0;1;0;0;0;0
"07/04/2024";"07:56:53";"114";"Sem vítima";"638,514";"BR-163/MS";"Decrescente";"Acidentes de outra natureza";0;0;0;0;0;1;0;0;0;1;1;0;0;0;0
"07/04/2024";"11:10:14";"158";"Com vítima";"479,980";"BR-163/MS";"Crescente";"Colisão transversal";0;0;0;1;0;0;0;0;0;1;1;1;0;0;0
"07/04/2024";"12:24:55";"174";"Sem vítima";"650,650";"BR-163/MS";"Decrescente";"Choque";1;0;0;0;0;0;0;0;0;0;2;0;0;0;0
"07/04/2024";"18:39:16";"249";"Sem vítima";"796,840";"BR-163/MS";"Crescente";"Atropelamento de animal";1;0;0;0;0;0;0;0;0;0;3;0;0;0;0
"07/04/2024";"20:26:04";"268";"Sem vítima";"238,254";"BR-163/MS";"Crescente";"Atropelamento de animal";1;0;0;0;0;0;0;0;0;0;5;0;0;0;0
"07/04/2024";"20:38:01";"289";"Sem vítima";"272,620";"BR-163/MS";"Crescente";"Choque";1;0;0;0;0;0;0;0;0;0;3;0;0;0;0
"08/04/2024";"00:49:35";"13";"Sem vítima";"376,507";"BR-163/MS";"Crescente";"Atropelamento de animal";1;0;0;0;0;0;0;0;0;0;5;0;0;0;0
"08/04/2024";"03:58:10";"35";"Sem vítima";"600,372";"BR-163/MS";"Decrescente";"Atropelamento de animal";1;0;0;0;0;0;0;0;0;0;3;0;0;0;0
"08/04/2024";"09:32:15";"177";"Com vítima";"747,180";"BR-163/MS";"Crescente";"Acidentes de outra natureza";1;0;0;0;0;0;0;0;0;0;0;1;0;0;0
"08/04/2024";"11:38:08";"219";"Com vítima";"767,000";"BR-163/MS";"Decrescente";"Colisão traseira";0;0;1;1;0;0;0;0;0;0;1;1;0;0;0
"08/04/2024";"12:42:33";"235";"Com vítima";"682,158";"BR-163/MS";"Crescente";"Colisão transversal";0;0;1;0;0;0;0;0;0;1;1;2;0;0;0
"08/04/2024";"14:55:15";"264";"Sem vítima";"380,958";"BR-163/MS";"Crescente";"Colisão transversal";0;0;2;0;0;1;0;0;0;0;2;0;0;0;0
"08/04/2024";"19:31:12";"324";"Com vítima";"615,661";"BR-163/MS";"Crescente";"Colisão transversal";1;0;0;0;0;0;0;0;0;2;2;3;0;0;0
"08/04/2024";"20:25:39";"328";"Com vítima";"179,855";"BR-163/MS";"Decrescente";"Colisão traseira";0;0;1;0;0;0;0;0;0;1;2;1;0;0;0
"09/04/2024";"06:40:50";"97";"Sem vítima";"117,657";"BR-163/MS";"Decrescente";"Colisão transversal";1;0;0;0;0;0;0;0;0;1;2;0;0;0;0
"09/04/2024";"17:44:50";"270";"Sem vítima";"661,000";"BR-163/MS";"Crescente";"Tombamento";0;0;0;0;0;0;0;0;0;1;1;0;0;0;0
"10/04/2024";"05:10:54";"22";"Com vítima";"429,850";"BR-163/MS";"Decrescente";"Colisão frontal";1;0;3;0;0;2;0;0;0;0;0;0;0;0;6
"10/04/2024";"22:26:22";"301";"Sem vítima";"703,224";"BR-163/MS";"Decrescente";"Atropelamento de animal";0;0;1;0;0;0;0;0;0;0;1;0;0;0;0
"10/04/2024";"23:06:57";"304";"Sem vítima";"395,000";"BR-163/MS";"Decrescente";"Atropelamento de animal";1;0;0;0;0;0;0;0;0;0;1;0;0;0;0
"11/04/2024";"08:04:29";"105";"Com vítima";"475,771";"BR-163/MS";"Crescente";"Colisão traseira";1;0;0;1;0;0;0;0;0;0;1;1;0;0;0
"11/04/2024";"08:12:29";"110";"Sem vítima";"543,538";"BR-163/MS";"Decrescente";"Engavetamento";1;0;0;0;0;0;0;0;0;0;0;0;0;0;0
"11/04/2024";"10:44:40";"169";"Sem vítima";"658,978";"BR-163/MS";"Crescente";"Colisão lateral no mesmo sentido";0;0;1;0;0;3;0;0;0;1;3;0;0;0;0
"11/04/2024";"14:46:58";"234";"Sem vítima";"256,239";"BR-163/MS";"Crescente";"Acidentes de outra natureza";1;0;0;0;0;0;0;0;0;0;1;0;0;0;0
"11/04/2024";"15:42:09";"249";"Sem vítima";"663,369";"BR-163/MS";"Crescente";"Acidentes de outra natureza";0;0;1;0;0;1;0;0;0;0;1;0;0;0;0
"11/04/2024";"17:23:20";"274";"Com vítima";"258,170";"BR-163/MS";"Crescente";"Queda de moto";0;0;0;1;0;0;0;0;0;0;0;1;0;0;0
"11/04/2024";"21:38:37";"347";"Sem vítima";"241,465";"BR-163/MS";"Crescente";"Atropelamento de animal";1;0;0;0;0;0;0;0;0;0;5;0;0;0;0
"12/04/2024";"08:48:40";"149";"Sem vítima";"827,594";"BR-163/MS";"Crescente";"Choque";1;0;0;0;0;0;0;0;0;0;2;0;0;0;0
"12/04/2024";"11:49:31";"192";"Sem vítima";"444,639";"BR-163/MS";"Crescente";"Acidentes de outra natureza";1;0;0;0;0;0;0;0;0;0;1;0;0;0;0
"12/04/2024";"16:43:00";"251";"Com vítima";"471,151";"BR-163/MS";"Decrescente";"Queda de moto";0;0;0;1;0;0;0;0;0;0;0;1;0;0;0
"12/04/2024";"17:23:37";"262";"Sem vítima";"484,382";"BR-163/MS";"Crescente";"Colisão transversal";3;0;0;0;0;0;0;0;0;0;4;0;0;0;0
"12/04/2024";"19:05:04";"293";"Sem vítima";"510,500";"BR-163/MS";"Crescente";"Acidentes de outra natureza";1;0;0;0;0;0;0;0;0;0;2;0;0;0;0
"12/04/2024";"19:22:39";"304";"Com vítima";"577,386";"BR-163/MS";"Decrescente";"Capotamento";0;0;0;0;0;1;0;0;0;0;0;0;0;0;0
"13/04/2024";"03:57:58";"34";"Com vítima";"49,464";"BR-163/MS";"Crescente";"Acidentes de outra natureza";1;0;0;0;0;0;0;0;0;0;0;1;0;0;0
"13/04/2024";"11:18:31";"158";"Sem vítima";"697,853";"BR-163/MS";"Crescente";"Colisão traseira";2;0;0;0;0;0;0;0;0;0;4;0;0;0;0
"13/04/2024";"16:15:51";"229";"Sem vítima";"278,769";"BR-163/MS";"Decrescente";"Acidentes de outra natureza";0;0;0;0;0;0;0;0;0;1;1;0;0;0;0
"13/04/2024";"16:32:11";"233";"Com vítima";"117,627";"BR-163/MS";"Crescente";"Queda de moto";0;0;0;1;0;0;0;0;0;0;0;1;0;0;0
"13/04/2024";"17:29:24";"246";"Sem vítima";"158,221";"BR-163/MS";"Crescente";"Acidentes de outra natureza";1;0;0;0;0;0;0;0;0;0;3;0;0;0;0
"13/04/2024";"19:30:10";"260";"Com vítima";"484,000";"BR-163/MS";"Crescente";"Colisão transversal";2;0;0;0;0;0;0;0;0;0;2;1;0;0;0
"13/04/2024";"19:46:01";"289";"Sem vítima";"342,000";"BR-163/MS";"Crescente";"Acidentes de outra natureza";1;0;0;0;0;0;0;0;0;0;1;0;0;0;0