data;horario;n_da_ocorrencia;tipo_de_ocorrencia;km;trecho;sentido;tipo_de_acidente;automovel;bicicleta;caminhao;moto;onibus;outros;tracao_animal;transporte_de_cargas_especiais;trator_maquinas;utilitarios;ilesos;levemente_feridos;moderadamente_feridos;gravemente_feridos;mortos
"13/04/2024";"22:59:40";"313";"Sem vítima";"615,500";"BR-163/MS";"Crescente";"Colisão transversal";2;0;0;0;0;0;0;0;0;0;4;0;0;0;0
"14/04/2024";"05:36:44";"24";"Com vítima";"478,670";"BR-163/MS";"Crescente";"Tombamento";0;0;0;1;0;0;0;0;0;0;0;0;0;1;0
"14/04/2024";"15:02:27";"141";"Com vítima";"490,395";"BR-163/MS";"Crescente";"Tombamento";0;0;0;1;0;0;0;0;0;0;0;0;1;0;0
"14/04/2024";"16:35:52";"151";"Sem vítima";"470,450";"BR-163/MS";"Crescente";"Acidentes de outra natureza";0;0;0;0;0;0;0;0;0;1;2;0;0;0;0
"15/04/2024";"07:21:32";"72";"Sem vítima";"490,000";"BR-163/MS";"Crescente";"Colisão traseira";2;0;0;0;0;0;0;0;0;0;2;0;0;0;0
"15/04/2024";"07:38:17";"75";"Sem vítima";"373,000";"BR-163/MS";"Crescente";"Acidentes de outra natureza";1;0;0;0;0;0;0;0;0;0;2;0;0;0;0
"15/04/2024";"10:58:52";"145";"Sem vítima";"703,501";"BR-163/MS";"Crescente";"Colisão traseira";1;0;0;0;0;0;0;0;0;0;1;0;0;0;0
"15/04/2024";"13:25:32";"167";"Sem vítima";"554,953";"BR-163/MS";"Decrescente";"Acidentes de outra natureza";1;0;0;0;0;0;0;0;0;0;1;0;0;0;0
"15/04/2024";"13:56:24";"176";"Sem vítima";"251,500";"BR-163/MS";"Crescente";"Acidentes de outra natureza";0;0;0;0;0;0;0;0;0;1;1;0;0;0;0
"15/04/2024";"20:20:09";"246";"Sem vítima";"472,233";"BR-163/MS";"Crescente";"Tombamento";0;0;1;0;0;0;0;0;0;0;1;0;0;0;0
"16/04/2024";"06:59:54";"101";"Sem vítima";"258,412";"BR-163/MS";"Crescente";"Colisão lateral no mesmo sentido";0;0;1;0;0;0;0;0;0;0;0;0;0;0;0
"16/04/2024";"10:42:25";"173";"Com vítima";"362,367";"BR-163/MS";"Decrescente";"Colisão frontal";0;0;1;0;0;0;0;0;0;1;0;2;0;0;0
"16/04/2024";"10:52:59";"175";"Sem vítima";"509,892";"BR-163/MS";"Decrescente";"Acidentes de outra natureza";0;0;0;0;0;0;0;0;0;1;1;0;0;0;0
"16/04/2024";"17:09:41";"249";"Com vítima";"487,529";"BR-163/MS";"Crescente";"Colisão transversal";0;0;1;1;0;1;0;0;0;0;2;0;0;1;0
"16/04/2024";"18:43:27";"290";"Sem vítima";"490,427";"BR-163/MS";"Decrescente";"Colisão traseira";1;0;0;0;1;0;0;0;0;0;3;0;0;0;0
"16/04/2024";"21:23:06";"313";"Sem vítima";"291,260";"BR-163/MS";"Decrescente";"Atropelamento de animal";1;0;0;0;0;0;0;0;0;0;3;0;0;0;0
"17/04/2024";"09:59:05";"198";"Com vítima";"466,466";"BR-163/MS";"Crescente";"Colisão traseira";0;0;1;0;0;0;0;0;0;0;0;0;0;0;0
"17/04/2024";"10:15:14";"205";"Com vítima";"284,464";"BR-163/MS";"Crescente";"Colisão frontal";2;0;1;0;0;0;0;0;0;0;1;0;0;1;0
"17/04/2024";"10:39:31";"213";"Sem vítima";"9,373";"BR-163/MS";"Crescente";"Acidentes de outra natureza";1;0;0;0;0;0;0;0;0;0;0;0;0;0;0
"17/04/2024";"14:49:09";"254";"Com vítima";"335,702";"BR-163/MS";"Decrescente";"Queda de moto";0;0;0;1;0;0;0;0;0;0;1;1;0;0;0
"17/04/2024";"15:16:27";"261";"Com vítima";"249,203";"BR-163/MS";"Crescente";"Queda de moto";0;0;0;1;0;0;0;0;0;0;1;1;0;0;0
"17/04/2024";"21:30:21";"342";"Sem vítima";"660,275";"BR-163/MS";"Crescente";"Tombamento";0;0;1;0;0;0;0;0;0;0;1;0;0;0;0
"19/04/2024";"08:13:57";"101";"Sem vítima";"485,715";"BR-163/MS";"Decrescente";"Colisão traseira";1;0;1;0;0;0;0;0;0;0;4;0;0;0;0
"19/04/2024";"10:11:08";"156";"Sem vítima";"466,620";"BR-163/MS";"Decrescente";"Colisão traseira";0;0;2;0;0;0;0;0;0;0;2;0;0;0;0
"19/04/2024";"11:32:00";"172";"Com vítima";"683,360";"BR-163/MS";"Decrescente";"Queda de moto";0;0;0;1;0;0;0;0;0;0;0;1;0;0;0
"20/04/2024";"07:32:18";"71";"Com vítima";"370,579";"BR-163/MS";"Decrescente";"Queda de moto";0;0;0;1;0;0;0;0;0;0;0;1;0;0;0
"20/04/2024";"13:58:06";"145";"Sem vítima";"89,147";"BR-163/MS";"Decrescente";"Acidentes de outra natureza";1;0;0;0;0;0;0;0;0;0;2;0;0;0;0
"20/04/2024";"17:58:56";"198";"Sem vítima";"506,947";"BR-163/MS";"Decrescente";"Choque";3;0;0;0;0;0;0;0;0;0;7;0;0;0;0
"21/04/2024";"01:25:43";"21";"Sem vítima";"267,817";"BR-163/MS";"Crescente";"Choque";1;0;0;0;0;0;0;0;0;0;1;0;0;0;0
"21/04/2024";"13:51:08";"190";"Com vítima";"785,225";"BR-163/MS";"Crescente";"Colisão lateral no mesmo sentido";0;0;1;0;1;1;0;0;0;0;1;36;0;0;0
"21/04/2024";"18:22:35";"230";"Sem vítima";"313,152";"BR-163/MS";"Crescente";"Choque";0;0;0;0;0;1;0;0;0;1;4;0;0;0;0
"21/04/2024";"18:33:31";"234";"Com vítima";"537,280";"BR-163/MS";"Decrescente";"Tombamento";0;0;0;0;0;2;0;0;0;0;0;0;0;0;0
"21/04/2024";"19:15:58";"242";"Sem vítima";"703,510";"BR-163/MS";"Crescente";"Atropelamento de animal";1;0;0;0;0;0;0;0;0;0;3;0;0;0;0
"21/04/2024";"19:58:27";"250";"Sem vítima";"248,508";"BR-163/MS";"Decrescente";"Acidentes de outra natureza";1;0;0;0;0;0;0;0;0;0;1;0;0;0;0
"21/04/2024";"21:01:21";"256";"Sem vítima";"669,110";"BR-163/MS";"Crescente";"Atropelamento de animal";1;0;0;0;0;0;0;0;0;0;1;0;0;0;0
"21/04/2024";"23:05:34";"291";"Sem vítima";"181,819";"BR-163/MS";"Decrescente";"Atropelamento de animal";1;0;0;0;0;0;0;0;0;0;4;0;0;0;0
"22/04/2024";"03:16:58";"26";"Sem vítima";"550,850";"BR-163/MS";"Decrescente";"Tombamento";0;0;1;0;0;0;0;0;0;0;1;0;0;0;0
"22/04/2024";"07:39:03";"98";"Sem vítima";"579,730";"BR-163/MS";"Crescente";"Tombamento";0;0;0;0;0;0;0;0;0;1;2;0;0;0;0
"22/04/2024";"20:38:26";"308";"Com vítima";"7,894";"BR-163/MS";"Crescente";"Choque";1;0;0;0;0;0;0;0;0;0;0;1;0;0;0
"22/04/2024";"22:41:03";"323";"Sem vítima";"571,434";"BR-163/MS";"Decrescente";"Atropelamento de animal";1;0;0;0;0;0;0;0;0;0;4;0;0;0;0
"22/04/2024";"22:55:46";"327";"Sem vítima";"480,137";"BR-163/MS";"Crescente";"Choque";0;0;1;0;0;0;0;0;0;0;0;0;0;0;0
"23/04/2024";"00:01:54";"1";"Sem vítima";"168,703";"BR-163/MS";"Crescente";"Acidentes de outra natureza";1;0;0;0;0;0;0;0;0;0;1;0;0;0;0
"23/04/2024";"05:07:31";"35";"Sem vítima";"748,985";"BR-163/MS";"Crescente";"Atropelamento de animal";0;0;0;0;0;0;0;0;0;0;0;0;0;0;0
"23/04/2024";"18:57:43";"322";"Com vítima";"50,000";"BR-163/MS";"Decrescente";"Colisão traseira";1;0;1;0;0;0;0;0;0;0;1;2;0;0;0
"23/04/2024";"19:18:46";"327";"Com vítima";"625,905";"BR-163/MS";"Crescente";"Colisão traseira";1;0;0;0;0;0;0;0;0;1;1;1;5;0;2
"23/04/2024";"19:19:01";"328";"Com vítima";"495,000";"BR-163/MS";"Decrescente";"Queda de moto";0;0;0;1;0;0;0;0;0;0;1;1;0;0;0
"23/04/2024";"20:05:16";"337";"Sem vítima";"394,000";"BR-163/MS";"Crescente";"Atropelamento de animal";0;0;1;0;0;0;0;0;0;0;1;0;0;0;0
"23/04/2024";"22:09:31";"353";"Sem vítima";"746,796";"BR-163/MS";"Crescente";"Atropelamento de animal";1;0;0;0;0;0;0;0;0;0;3;0;0;0;0
"24/04/2024";"04:29:32";"25";"Sem vítima";"278,000";"BR-163/MS";"Crescente";"Acidentes de outra natureza";1;0;0;0;0;0;0;0;0;0;2;0;0;0;0
"24/04/2024";"08:30:09";"119";"Sem vítima";"646,485";"BR-163/MS";"Decrescente";"Capotamento";0;0;0;0;0;0;0;0;0;1;2;0;0;0;0
"24/04/2024";"13:42:58";"197";"Com vítima";"615,652";"BR-163/MS";"Crescente";"Colisão lateral no mesmo sentido";1;0;0;1;0;0;0;0;0;0;1;1;1;0;0
"24/04/2024";"17:12:05";"248";"Com vítima";"486,538";"BR-163/MS";"Crescente";"Colisão traseira";1;0;0;1;0;0;0;0;0;0;1;1;1;0;0
"24/04/2024";"22:03:39";"308";"Sem vítima";"323,763";"BR-163/MS";"Decrescente";"Atropelamento de animal";1;0;0;0;0;1;0;0;0;0;1;0;0;0;0
"25/04/2024";"02:08:37";"17";"Sem vítima";"715,000";"BR-163/MS";"Crescente";"Tombamento";0;0;1;0;0;1;0;0;0;0;1;0;0;0;0
"25/04/2024";"07:51:45";"89";"Sem vítima";"484,000";"BR-163/MS";"Crescente";"Engavetamento";1;0;1;0;0;0;0;0;0;1;3;0;0;0;0
"25/04/2024";"14:47:37";"219";"Sem vítima";"609,974";"BR-163/MS";"Crescente";"Colisão transversal";1;0;0;0;0;0;0;0;0;1;3;0;0;0;0
"25/04/2024";"19:45:31";"311";"Sem vítima";"435,200";"BR-163/MS";"Decrescente";"Choque";1;0;0;0;0;0;0;0;0;0;2;0;0;0;0
"26/04/2024";"07:32:14";"126";"Com vítima";"486,298";"BR-163/MS";"Decrescente";"Colisão traseira";0;0;0;1;0;0;0;0;0;1;0;1;0;0;0
"26/04/2024";"08:09:33";"142";"Sem vítima";"519,960";"BR-163/MS";"Crescente";"Choque";2;0;0;0;0;0;0;0;0;0;2;0;0;0;0
"26/04/2024";"18:18:50";"303";"Com vítima";"270,514";"BR-163/MS";"Crescente";"Colisão lateral no mesmo sentido";2;0;0;0;0;0;0;0;0;0;4;1;0;0;0
"27/04/2024";"10:37:37";"145";"Com vítima";"78,763";"BR-163/MS";"Decrescente";"Queda de moto";0;0;0;1;0;0;0;0;0;0;0;1;0;0;0
"27/04/2024";"12:22:24";"164";"Com vítima";"744,441";"BR-163/MS";"Decrescente";"Queda de moto";0;0;0;1;0;0;0;0;0;0;0;0;1;0;0
"27/04/2024";"18:09:34";"252";"Sem vítima";"747,147";"BR-163/MS";"Crescente";"Atropelamento de animal";0;0;1;0;0;0;0;0;0;0;1;0;0;0;0
"28/04/2024";"08:49:06";"78";"Sem vítima";"800,240";"BR-163/MS";"Crescente";"Choque";1;0;0;0;0;0;0;0;0;0;1;0;0;0;0
"28/04/2024";"16:56:51";"171";"Com vítima";"525,505";"BR-163/MS";"Decrescente";"Queda de moto";0;0;0;1;0;0;0;0;0;0;0;1;0;0;0
"29/04/2024";"19:39:32";"301";"Sem vítima";"406,800";"BR-163/MS";"Crescente";"Atropelamento de animal";0;0;1;0;0;0;0;0;0;0;1;0;0;0;0
"29/04/2024";"20:47:46";"307";"Com vítima";"361,400";"BR-163/MS";"Crescente";"Atropelamento de animal";0;0;0;1;0;0;0;0;0;0;0;2;0;0;0
"30/04/2024";"14:24:34";"203";"Sem vítima";"219,441";"BR-163/MS";"Decrescente";"Colisão traseira";2;0;0;0;0;0;0;0;0;0;2;0;0;0;0
"30/04/2024";"18:52:07";"276";"Com vítima";"20,660";"BR-163/MS";"Crescente";"Colisão lateral no mesmo sentido";1;0;0;1;0;0;0;0;0;0;1;0;1;0;0
"30/04/2024";"22:00:08";"317";"Sem vítima";"171,965";"BR-163/MS";"Crescente";"Colisão traseira";0;0;2;0;0;0;0;0;0;0;2;0;0;0;0
"01/05/2024";"05:06:35";"32";"Sem vítima";"500,141";"BR-163/MS";"Crescente";"Acidentes de outra natureza";0;0;1;0;0;1;0;0;0;0;1;0;0;0;0
"01/05/2024";"07:14:45";"73";"Com vítima";"5,246";"BR-163/MS";"Crescente";"Engavetamento";2;0;0;0;0;0;0;0;0;1;12;2;0;0;0
"01/05/2024";"08:36:27";"82";"Com vítima";"185,650";"BR-163/MS";"Crescente";"Capotamento";1;0;0;0;0;0;0;0;0;0;0;4;0;0;0
"01/05/2024";"09:40:12";"94";"Sem vítima";"467,354";"BR-163/MS";"Crescente";"Colisão traseira";0;0;2;0;0;1;0;0;0;0;1;0;0;0;0
"01/05/2024";"10:11:50";"100";"Com vítima";"477,951";"BR-163/MS";"Crescente";"Colisão transversal";0;0;0;1;0;0;0;0;0;1;2;1;0;0;0
"01/05/2024";"12:05:26";"118";"Com vítima";"575,488";"BR-163/MS";"Decrescente";"Colisão transversal";1;0;0;0;0;2;0;0;0;0;1;2;0;0;0
"01/05/2024";"14:43:12";"143";"Com vítima";"18,613";"BR-163/MS";"Decrescente";"Colisão transversal";1;0;0;1;0;0;0;0;0;0;1;1;0;0;0
"01/05/2024";"18:12:12";"174";"Sem vítima";"459,147";"BR-163/MS";"Crescente";"Acidentes de outra natureza";1;0;0;0;0;0;0;0;0;0;2;0;0;0;0
"01/05/2024";"18:58:39";"183";"Sem vítima";"484,401";"BR-163/MS";"Crescente";"Colisão lateral no mesmo sentido";0;0;0;1;0;0;0;0;0;1;3;0;0;0;0
"01/05/2024";"20:07:01";"191";"Sem vítima";"548,377";"BR-163/MS";"Crescente";"Colisão traseira";1;0;0;0;0;2;0;0;0;0;2;0;0;0;0
"01/05/2024";"20:21:13";"220";"Sem vítima";"6,250";"BR-163/MS";"Decrescente";"Acidentes de outra natureza";1;0;0;0;0;0;0;0;0;0;4;0;0;0;0
"02/05/2024";"06:52:14";"75";"Com vítima";"490,635";"BR-163/MS";"Decrescente";"Colisão traseira";0;1;0;1;0;0;0;0;0;1;1;1;0;0;0
"02/05/2024";"16:38:23";"227";"Sem vítima";"28,209";"BR-163/MS";"Crescente";"Colisão traseira";0;0;0;0;0;0;0;0;0;1;0;0;0;0;0
"02/05/2024";"17:41:55";"240";"Com vítima";"268,205";"BR-163/MS";"Decrescente";"Colisão traseira";1;0;0;1;0;0;0;0;0;0;1;0;1;0;0
"02/05/2024";"18:40:47";"250";"Sem vítima";"775,000";"BR-163/MS";"Decrescente";"Tombamento";0;0;1;0;0;1;0;0;0;0;1;0;0;0;0
"02/05/2024";"22:39:12";"278";"Sem vítima";"796,000";"BR-163/MS";"Decrescente";"Atropelamento de animal";0;0;0;0;0;0;0;0;0;1;2;0;0;0;0
"03/05/2024";"03:19:41";"21";"Sem vítima";"103,773";"BR-163/MS";"Decrescente";"Tombamento";0;0;0;0;0;0;0;0;0;0;0;0;0;0;0
"03/05/2024";"07:02:11";"49";"Com vítima";"105,207";"BR-163/MS";"Crescente";"Capotamento";1;0;0;0;0;0;0;0;0;0;0;2;0;0;0
"03/05/2024";"09:19:00";"118";"Sem vítima";"748,641";"BR-163/MS";"Decrescente";"Engavetamento";0;0;3;0;0;0;0;0;0;0;5;0;0;0;0
"03/05/2024";"12:53:22";"190";"Com vítima";"575,335";"BR-163/MS";"Crescente";"Colisão lateral no mesmo sentido";0;0;0;0;0;2;0;0;0;1;2;1;1;0;0
"03/05/2024";"14:20:14";"206";"Com vítima";"322,771";"BR-163/MS";"Crescente";"Colisão traseira";1;0;0;1;0;0;0;0;0;0;2;1;0;0;0
"03/05/2024";"17:44:01";"247";"Com vítima";"422,500";"BR-163/MS";"Decrescente";"Atropelamento de pedestre";0;0;0;1;0;0;0;0;0;0;0;2;0;0;0
"03/05/2024";"18:52:52";"268";"Sem vítima";"242,100";"BR-163/MS";"Decrescente";"Acidentes de outra natureza";1;0;0;0;0;0;0;0;0;0;2;0;0;0;0
"03/05/2024";"19:43:25";"284";"Sem vítima";"538,895";"BR-163/MS";"Decrescente";"Atropelamento de animal";0;0;0;0;0;0;0;0;0;1;2;0;0;0;0
"03/05/2024";"20:11:53";"289";"Com vítima";"487,579";"BR-163/MS";"Decrescente";"Atropelamento de animal";0;0;0;1;0;0;0;0;0;0;0;1;0;0;0
"04/05/2024";"09:04:00";"110";"Sem vítima";"2,251";"BR-163/MS";"Crescente";"Colisão traseira";1;0;0;0;0;0;0;0;0;1;6;0;0;0;0
"04/05/2024";"18:18:57";"198";"Com vítima";"258,874";"BR-163/MS";"Crescente";"Choque";0;0;0;1;0;0;0;0;0;1;3;1;0;0;0
"04/05/2024";"19:13:46";"214";"Sem vítima";"273,850";"BR-163/MS";"Crescente";"Atropelamento de animal";1;0;0;0;0;0;0;0;0;0;3;0;0;0;0
"04/05/2024";"22:14:28";"273";"Com vítima";"275,200";"BR-163/MS";"Decrescente";"Colisão lateral no mesmo sentido";1;1;0;0;0;0;0;0;0;0;2;1;0;0;0
"04/05/2024";"23:09:38";"282";"Sem vítima";"481,697";"BR-163/MS";"Crescente";"Colisão traseira";2;0;0;0;0;0;0;0;0;0;2;0;0;0;0
"04/05/2024";"23:13:35";"285";"Sem vítima";"443,250";"BR-163/MS";"Crescente";"Atropelamento de animal";0;0;1;0;0;0;0;0;0;0;0;0;0;0;0
"05/05/2024";"10:24:37";"141";"Sem vítima";"704,692";"BR-163/MS";"Decrescente";"Colisão lateral no mesmo sentido";1;0;0;0;0;0;0;0;0;0;3;0;0;0;0
"05/05/2024";"14:40:10";"177";"Com vítima";"0,292";"BR-163/MS";"Crescente";"Choque";0;0;0;1;0;0;0;0;0;0;0;0;1;0;0
"05/05/2024";"16:52:00";"210";"Sem vítima";"18,175";"BR-163/MS";"Decrescente";"Capotamento";1;0;0;0;0;0;0;0;0;0;0;0;0;0;0
"05/05/2024";"18:05:50";"224";"Sem vítima";"496,430";"BR-163/MS";"Decrescente";"Colisão lateral no mesmo sentido";1;0;1;0;0;0;0;0;0;0;3;0;0;0;0
"05/05/2024";"18:46:52";"243";"Sem vítima";"25,784";"BR-163/MS";"Crescente";"Colisão lateral no mesmo sentido";1;0;0;0;0;0;0;0;0;1;2;0;0;0;0
"05/05/2024";"20:12:50";"279";"Com vítima";"283,698";"BR-163/MS";"Crescente";"Colisão traseira";0;0;0;0;0;0;0;0;0;0;0;0;0;0;0
"06/05/2024";"07:51:37";"148";"Sem vítima";"341,400";"BR-163/MS";"Crescente";"Colisão traseira";1;0;0;0;0;0;0;0;0;1;3;0;0;0;0
"06/05/2024";"17:53:20";"304";"Com vítima";"484,343";"BR-163/MS";"Crescente";"Colisão frontal";0;0;0;2;0;0;0;0;0;0;0;0;1;1;0
"06/05/2024";"23:33:37";"389";"Sem vítima";"224,672";"BR-163/MS";"Decrescente";"Atropelamento de animal";0;0;1;0;0;0;0;0;0;0;0;0;0;0;0
"07/05/2024";"18:56:51";"257";"Sem vítima";"202,518";"BR-163/MS";"Crescente";"Atropelamento de animal";0;0;0;0;0;0;0;0;0;1;1;0;0;0;0
"07/05/2024";"23:33:28";"313";"Sem vítima";"426,441";"BR-163/MS";"Crescente";"Atropelamento de animal";0;0;0;0;0;0;0;0;0;1;2;0;0;0;0
"08/05/2024";"00:53:43";"17";"Sem vítima";"427,427";"BR-163/MS";"Crescente";"Atropelamento de animal";0;0;0;0;0;0;0;0;0;1;2;0;0;0;0
"08/05/2024";"05:55:45";"40";"Sem vítima";"844,194";"BR-163/MS";"Decrescente";"Tombamento";0;0;1;0;0;2;0;0;0;0;1;0;0;0;0
"08/05/2024";"08:59:23";"121";"Sem vítima";"0,527";"BR-163/MS";"Crescente";"Tombamento";0;0;0;0;0;2;0;0;0;0;0;0;0;0;0
"08/05/2024";"11:07:26";"156";"Com vítima";"678,970";"BR-163/MS";"Decrescente";"Queda de moto";0;0;0;1;0;0;0;0;0;0;0;1;0;0;0
"08/05/2024";"18:38:56";"228";"Com vítima";"239,543";"BR-163/MS";"Crescente";"Colisão frontal";1;0;1;0;1;0;0;0;0;1;1;3;1;0;0
"08/05/2024";"20:25:20";"248";"Sem vítima";"407,936";"BR-163/MS";"Crescente";"Colisão traseira";0;0;2;0;0;1;0;0;0;0;2;0;0;0;0
"09/05/2024";"05:44:22";"86";"Com vítima";"260,234";"BR-163/MS";"Crescente";"Colisão traseira";0;0;1;0;0;0;0;0;0;0;0;0;0;0;0
"09/05/2024";"08:08:34";"159";"Sem vítima";"733,972";"BR-163/MS";"Crescente";"Colisão lateral no mesmo sentido";1;0;0;0;0;0;0;0;0;1;4;0;0;0;0
"09/05/2024";"11:17:40";"213";"Com vítima";"486,600";"BR-163/MS";"Crescente";"Colisão transversal";1;0;0;1;0;1;0;0;0;0;1;0;1;0;0
"09/05/2024";"17:13:19";"278";"Sem vítima";"194,716";"BR-163/MS";"Crescente";"Atropelamento de animal";1;0;0;0;0;0;0;0;0;0;1;0;0;0;0
"09/05/2024";"23:42:46";"334";"Sem vítima";"204,225";"BR-163/MS";"Decrescente";"Atropelamento de animal";0;0;0;0;0;0;0;0;0;1;1;0;0;0;0
"10/05/2024";"05:13:44";"54";"Com vítima";"253,476";"BR-163/MS";"Decrescente";"Queda de moto";0;0;0;1;0;0;0;0;0;0;0;1;0;0;0
"10/05/2024";"05:45:16";"57";"Sem vítima";"177,413";"BR-163/MS";"Decrescente";"Atropelamento de animal";1;0;0;0;0;0;0;0;0;0;4;0;0;0;0
"10/05/2024";"10:13:34";"172";"Sem vítima";"124,511";"BR-163/MS";"Crescente";"Colisão lateral no mesmo sentido";1;0;0;0;0;2;0;0;0;0;2;0;0;0;0
"10/05/2024";"13:27:28";"203";"Sem vítima";"593,212";"BR-163/MS";"Crescente";"Acidentes de outra natureza";1;0;0;0;0;0;0;0;0;0;2;0;0;0;0
"10/05/2024";"16:52:18";"252";"Sem vítima";"402,865";"BR-163/MS";"Decrescente";"Colisão traseira";1;0;1;0;0;0;0;0;0;0;4;0;0;0;0
"10/05/2024";"18:16:16";"272";"Com vítima";"403,539";"BR-163/MS";"Decrescente";"Queda de moto";0;0;0;1;0;0;0;0;0;0;0;1;0;0;0
"11/05/2024";"01:22:19";"23";"Com vítima";"575,370";"BR-163/MS";"Crescente";"Atropelamento de animal";0;0;0;1;0;0;0;0;0;0;0;1;0;0;0
"11/05/2024";"03:41:05";"35";"Sem vítima";"226,110";"BR-163/MS";"Crescente";"Atropelamento de animal";1;0;0;0;0;0;0;0;0;0;4;0;0;0;0
"11/05/2024";"08:35:44";"97";"Sem vítima";"789,721";"BR-163/MS";"Decrescente";"Tombamento";0;0;0;0;0;2;0;0;0;0;0;0;0;0;0
"11/05/2024";"08:40:43";"98";"Sem vítima";"206,628";"BR-163/MS";"Crescente";"Acidentes de outra natureza";1;0;0;0;0;0;0;0;0;0;5;0;0;0;0
"11/05/2024";"09:16:48";"117";"Sem vítima";"341,800";"BR-163/MS";"Crescente";"Colisão traseira";1;0;0;0;0;0;0;0;0;1;3;0;0;0;0
"11/05/2024";"11:18:05";"138";"Sem vítima";"253,939";"BR-163/MS";"Crescente";"Acidentes de outra natureza";1;0;0;0;0;0;0;0;0;0;2;0;0;0;0
"11/05/2024";"18:22:35";"229";"Com vítima";"476,200";"BR-163/MS";"Crescente";"Atropelamento de pedestre";0;0;1;0;0;0;0;0;0;0;0;0;0;1;0
"11/05/2024";"21:47:05";"280";"Com vítima";"485,613";"BR-163/MS";"Decrescente";"Colisão traseira";1;0;0;1;0;0;0;0;0;0;3;0;1;0;0
"12/05/2024";"11:22:18";"105";"Sem vítima";"492,833";"BR-163/MS";"Decrescente";"Tombamento";0;0;1;0;0;1;0;0;0;0;1;0;0;0;0
"12/05/2024";"16:26:28";"143";"Com vítima";"337,460";"BR-163/MS";"Crescente";"Colisão frontal";1;0;0;0;0;1;0;0;0;1;2;1;0;0;0
"12/05/2024";"17:32:40";"161";"Com vítima";"403,177";"BR-163/MS";"Decrescente";"Colisão traseira";2;0;0;0;0;0;0;0;0;0;3;1;0;0;0
"12/05/2024";"17:43:32";"162";"Com vítima";"339,405";"BR-163/MS";"Crescente";"Colisão traseira";1;0;0;1;0;0;0;0;0;0;4;0;1;0;0
"12/05/2024";"20:05:51";"209";"Sem vítima";"23,177";"BR-163/MS";"Decrescente";"Colisão traseira";2;0;0;0;0;0;0;0;0;0;4;0;0;0;0
"12/05/2024";"20:26:09";"213";"Com vítima";"179,500";"BR-163/MS";"Crescente";"Queda de moto";0;0;1;1;0;0;0;0;0;0;0;1;0;0;0
"12/05/2024";"22:36:21";"226";"Sem vítima";"621,533";"BR-163/MS";"Decrescente";"Atropelamento de animal";0;0;0;0;0;0;0;0;0;1;4;0;0;0;0
"13/05/2024";"07:48:09";"87";"Sem vítima";"595,585";"BR-163/MS";"Decrescente";"Acidentes de outra natureza";1;0;0;0;0;0;0;0;0;0;2;0;0;0;0
"13/05/2024";"13:02:32";"197";"Com vítima";"363,500";"BR-163/MS";"Crescente";"Tombamento";0;0;0;0;0;2;0;0;0;0;0;0;0;0;0
"14/05/2024";"04:36:04";"28";"Sem vítima";"695,100";"BR-163/MS";"Decrescente";"Acidentes de outra natureza";0;0;0;0;0;0;0;0;0;1;4;0;0;0;0
"14/05/2024";"06:41:51";"71";"Com vítima";"527,640";"BR-163/MS";"Decrescente";"Queda de moto";0;0;0;1;0;0;0;0;0;0;1;1;0;0;0
"14/05/2024";"13:08:27";"183";"Sem vítima";"475,937";"BR-163/MS";"Decrescente";"Colisão traseira";2;0;0;0;0;0;0;0;0;0;3;0;0;0;0
"14/05/2024";"15:43:12";"214";"Sem vítima";"508,189";"BR-163/MS";"Decrescente";"Atropelamento de animal";1;0;0;0;0;0;0;0;0;0;3;0;0;0;0
"14/05/2024";"17:26:55";"235";"Sem vítima";"291,192";"BR-163/MS";"Decrescente";"Atropelamento de animal";0;0;0;0;0;0;0;0;0;1;1;0;0;0;0
"14/05/2024";"18:13:18";"245";"Com vítima";"626,199";"BR-163/MS";"Crescente";"Colisão transversal";2;0;0;0;0;0;0;0;0;0;2;0;1;0;0
"14/05/2024";"18:33:30";"253";"Sem vítima";"52,537";"BR-163/MS";"Decrescente";"Colisão lateral no mesmo sentido";2;0;0;0;0;0;0;0;0;0;4;0;0;0;0
"15/05/2024";"05:38:10";"59";"Com vítima";"163,666";"BR-163/MS";"Crescente";"Colisão lateral no mesmo sentido";1;0;0;0;1;0;0;0;0;0;31;1;1;0;0
"15/05/2024";"12:48:30";"199";"Sem vítima";"841,427";"BR-163/MS";"Crescente";"Colisão traseira";1;0;1;0;0;0;0;0;0;0;4;0;0;0;0
"15/05/2024";"19:26:57";"339";"Sem vítima";"588,529";"BR-163/MS";"Crescente";"Choque";1;0;0;0;0;0;0;0;0;0;0;0;0;0;0