data;horario;n_da_ocorrencia;tipo_de_ocorrencia;km;trecho;sentido;tipo_de_acidente;automovel;bicicleta;caminhao;moto;onibus;outros;tracao_animal;transporte_de_cargas_especiais;trator_maquinas;utilitarios;ilesos;levemente_feridos;moderadamente_feridos;gravemente_feridos;mortos
"16/05/2024";"00:52:50";"22";"Sem vítima";"371,337";"BR-163/MS";"Decrescente";"Atropelamento de animal";0;0;0;0;0;0;0;0;0;1;4;0;0;0;0
"16/05/2024";"17:49:41";"315";"Com vítima";"260,399";"BR-163/MS";"Crescente";"Queda de moto";0;0;0;1;0;0;0;0;0;0;0;1;0;0;0
"16/05/2024";"18:16:21";"322";"Com vítima";"615,337";"BR-163/MS";"Crescente";"Colisão transversal";2;0;0;0;0;0;0;0;0;0;3;4;0;0;0
"18/05/2024";"05:44:45";"57";"Com vítima";"264,471";"BR-163/MS";"Crescente";"Colisão lateral no mesmo sentido";1;0;0;1;0;0;0;0;0;0;1;1;0;0;0
"18/05/2024";"15:16:45";"207";"Sem vítima";"485,900";"BR-163/MS";"Crescente";"Engavetamento";1;0;0;0;0;1;0;0;0;0;2;0;0;0;0
"18/05/2024";"17:53:40";"238";"Sem vítima";"768,644";"BR-163/MS";"Decrescente";"Acidentes de outra natureza";0;0;0;0;0;1;0;0;0;1;3;0;0;0;0
"18/05/2024";"21:44:59";"307";"Sem vítima";"582,464";"BR-163/MS";"Crescente";"Acidentes de outra natureza";1;0;0;0;0;0;0;0;0;0;1;0;0;0;0
"19/05/2024";"10:34:35";"114";"Com vítima";"740,154";"BR-163/MS";"Decrescente";"Queda de moto";0;0;0;1;0;0;0;0;0;0;0;1;0;0;0
"19/05/2024";"22:19:49";"249";"Sem vítima";"564,279";"BR-163/MS";"Decrescente";"Atropelamento de animal";1;0;0;0;0;0;0;0;0;0;5;0;0;0;0
"20/05/2024";"01:01:22";"21";"Sem vítima";"375,980";"BR-163/MS";"Decrescente";"Tombamento";1;0;0;0;0;0;0;0;0;0;0;0;0;0;0
"20/05/2024";"12:57:29";"229";"Sem vítima";"146,400";"BR-163/MS";"Crescente";"Choque";0;0;0;0;0;0;0;0;0;1;2;0;0;0;0
"21/05/2024";"06:56:51";"112";"Sem vítima";"485,279";"BR-163/MS";"Crescente";"Engavetamento";0;0;4;0;0;0;0;0;0;0;5;0;0;0;0
"21/05/2024";"11:26:03";"205";"Sem vítima";"808,875";"BR-163/MS";"Crescente";"Tombamento";0;0;0;0;0;2;0;0;0;0;0;0;0;0;0
"21/05/2024";"11:28:06";"206";"Com vítima";"483,105";"BR-163/MS";"Decrescente";"Colisão frontal";0;0;1;1;0;0;0;0;0;0;1;0;0;0;1
"21/05/2024";"13:42:56";"226";"Sem vítima";"398,675";"BR-163/MS";"Crescente";"Colisão traseira";1;0;0;0;0;1;0;0;0;0;2;0;0;0;0
"21/05/2024";"14:13:19";"236";"Sem vítima";"41,527";"BR-163/MS";"Decrescente";"Colisão lateral no mesmo sentido";0;0;0;0;0;0;0;0;0;2;3;0;0;0;0
"21/05/2024";"20:47:12";"316";"Sem vítima";"495,000";"BR-163/MS";"Decrescente";"Colisão lateral no mesmo sentido";1;0;0;0;0;0;0;0;0;1;5;0;0;0;0
"22/05/2024";"01:38:34";"19";"Com vítima";"749,447";"BR-163/MS";"Decrescente";"Acidentes de outra natureza";0;0;0;0;0;2;0;0;0;0;0;0;0;0;0
"22/05/2024";"11:18:22";"133";"Sem vítima";"113,304";"BR-163/MS";"Decrescente";"Colisão traseira";0;0;2;0;0;0;0;0;0;0;2;0;0;0;0
"23/05/2024";"03:24:46";"23";"Com vítima";"148,820";"BR-163/MS";"Crescente";"Colisão traseira";1;0;0;0;0;2;0;0;0;0;0;0;1;0;0
"23/05/2024";"05:09:10";"31";"Sem vítima";"506,000";"BR-163/MS";"Crescente";"Colisão transversal";0;0;0;0;0;0;0;0;0;0;0;0;0;0;0
"23/05/2024";"18:24:47";"237";"Sem vítima";"540,172";"BR-163/MS";"Crescente";"Colisão transversal";2;0;0;0;0;0;0;0;0;0;5;0;0;0;0
"24/05/2024";"17:06:09";"250";"Com vítima";"460,848";"BR-163/MS";"Crescente";"Atropelamento de animal";0;0;0;1;0;0;0;0;0;0;0;2;0;0;0
"24/05/2024";"21:57:40";"299";"Sem vítima";"654,730";"BR-163/MS";"Crescente";"Choque";1;0;0;0;0;0;0;0;0;0;1;0;0;0;0
"24/05/2024";"22:05:17";"300";"Com vítima";"501,512";"BR-163/MS";"Decrescente";"Atropelamento de animal";0;0;0;1;0;0;0;0;0;0;0;0;0;1;0
"25/05/2024";"08:02:00";"88";"Sem vítima";"226,608";"BR-163/MS";"Decrescente";"Colisão traseira";0;0;1;0;0;0;0;0;0;1;3;0;0;0;0
"25/05/2024";"09:27:11";"109";"Sem vítima";"214,988";"BR-163/MS";"Crescente";"Colisão traseira";1;0;0;0;0;1;0;0;0;0;1;0;0;0;0
"25/05/2024";"15:44:42";"172";"Com vítima";"485,456";"BR-163/MS";"Decrescente";"Colisão transversal";1;0;1;0;0;1;0;0;0;0;1;0;1;0;0
"25/05/2024";"18:45:19";"236";"Com vítima";"484,391";"BR-163/MS";"Crescente";"Colisão transversal";0;0;0;2;0;0;0;0;0;0;0;0;1;1;0
"25/05/2024";"20:55:07";"257";"Sem vítima";"578,800";"BR-163/MS";"Decrescente";"Choque";0;0;1;0;0;0;0;0;0;0;1;0;0;0;0
"25/05/2024";"22:47:48";"273";"Com vítima";"839,836";"BR-163/MS";"Crescente";"Colisão frontal";0;0;0;0;0;0;0;0;0;0;0;0;0;0;0
"26/05/2024";"13:21:17";"140";"Sem vítima";"18,952";"BR-163/MS";"Crescente";"Queda de moto";0;0;0;1;0;0;0;0;0;0;2;0;0;0;0
"26/05/2024";"17:57:05";"216";"Sem vítima";"706,737";"BR-163/MS";"Decrescente";"Colisão lateral no mesmo sentido";0;0;0;0;0;0;0;0;0;1;1;0;0;0;0
"27/05/2024";"08:43:21";"103";"Sem vítima";"818,230";"BR-163/MS";"Crescente";"Colisão traseira";0;0;0;0;0;0;0;0;0;0;0;0;0;0;0
"27/05/2024";"18:11:58";"253";"Com vítima";"503,743";"BR-163/MS";"Decrescente";"Queda de moto";0;0;0;1;0;0;0;0;0;0;0;0;1;0;0
"27/05/2024";"22:26:12";"293";"Sem vítima";"734,000";"BR-163/MS";"Crescente";"Choque";0;0;0;0;0;0;0;0;0;1;1;0;0;0;0
"28/05/2024";"00:33:14";"13";"Com vítima";"248,451";"BR-163/MS";"Crescente";"Atropelamento de animal";0;0;0;1;0;0;0;0;0;0;0;1;0;0;0
"28/05/2024";"08:33:06";"108";"Sem vítima";"552,557";"BR-163/MS";"Decrescente";"Colisão traseira";1;0;0;0;0;1;0;0;0;0;2;0;0;0;0
"29/05/2024";"06:34:53";"75";"Com vítima";"261,690";"BR-163/MS";"Decrescente";"Acidentes de outra natureza";1;0;0;1;0;0;0;0;0;0;1;1;0;0;0
"29/05/2024";"09:12:30";"133";"Sem vítima";"249,500";"BR-163/MS";"Crescente";"Colisão traseira";1;0;0;0;0;0;0;0;0;1;3;0;0;0;0
"29/05/2024";"09:26:21";"140";"Sem vítima";"741,835";"BR-163/MS";"Crescente";"Acidentes de outra natureza";0;0;0;0;0;0;0;0;0;1;4;0;0;0;0
"29/05/2024";"10:26:30";"161";"Sem vítima";"730,000";"BR-163/MS";"Crescente";"Colisão lateral no mesmo sentido";0;0;0;0;0;0;0;0;0;1;2;0;0;0;0
"29/05/2024";"10:31:56";"163";"Com vítima";"471,702";"BR-163/MS";"Crescente";"Queda de moto";0;0;0;1;0;0;0;0;0;0;0;1;0;0;0
"29/05/2024";"17:18:24";"307";"Sem vítima";"221,417";"BR-163/MS";"Decrescente";"Colisão traseira";2;0;0;0;0;0;0;0;0;0;4;0;0;0;0
"29/05/2024";"18:10:41";"313";"Sem vítima";"485,142";"BR-163/MS";"Crescente";"Colisão traseira";2;0;0;0;0;0;0;0;0;0;3;0;0;0;0
"29/05/2024";"18:23:11";"318";"Sem vítima";"485,142";"BR-163/MS";"Crescente";"Atropelamento de animal";0;0;0;0;0;1;0;0;0;0;0;0;0;0;0
"29/05/2024";"20:51:50";"345";"Com vítima";"745,180";"BR-163/MS";"Decrescente";"Atropelamento de animal";1;0;0;0;0;0;0;0;0;0;3;0;1;0;0
"29/05/2024";"20:56:51";"346";"Sem vítima";"322,108";"BR-163/MS";"Crescente";"Atropelamento de animal";1;0;0;0;0;0;0;0;0;0;1;0;0;0;0
"30/05/2024";"04:09:27";"23";"Sem vítima";"794,163";"BR-163/MS";"Crescente";"Atropelamento de animal";1;0;0;0;0;0;0;0;0;0;4;0;0;0;0
"30/05/2024";"06:20:47";"39";"Com vítima";"563,440";"BR-163/MS";"Decrescente";"Colisão frontal";0;0;2;0;0;2;0;0;0;0;1;1;0;0;0
"30/05/2024";"14:19:36";"198";"Sem vítima";"477,950";"BR-163/MS";"Crescente";"Queda de moto";0;0;0;1;0;0;0;0;0;0;1;0;0;0;0
"30/05/2024";"17:53:32";"241";"Com vítima";"419,421";"BR-163/MS";"Decrescente";"Choque";0;0;0;1;0;0;0;0;0;0;0;0;1;0;0
"30/05/2024";"18:40:10";"250";"Sem vítima";"11,200";"BR-163/MS";"Crescente";"Tombamento";1;0;0;0;0;0;0;0;0;0;1;0;0;0;0
"30/05/2024";"23:13:12";"298";"Sem vítima";"562,139";"BR-163/MS";"Crescente";"Atropelamento de animal";1;0;0;0;0;0;0;0;0;0;4;0;0;0;0
"31/05/2024";"16:39:21";"207";"Sem vítima";"0,228";"BR-163/MS";"Decrescente";"Colisão traseira";0;0;0;0;0;0;0;0;0;2;5;0;0;0;0
"31/05/2024";"22:27:51";"276";"Com vítima";"699,958";"BR-163/MS";"Decrescente";"Capotamento";1;0;0;0;0;0;0;0;0;0;0;1;0;0;0
"01/06/2024";"00:27:44";"12";"Sem vítima";"356,750";"BR-163/MS";"Decrescente";"Queda de moto";0;0;0;1;0;0;0;0;0;0;1;0;0;0;0
"01/06/2024";"10:36:30";"111";"Com vítima";"39,254";"BR-163/MS";"Crescente";"Colisão lateral no mesmo sentido";1;0;0;0;0;0;0;0;0;1;2;1;0;0;0
"01/06/2024";"11:15:00";"121";"Com vítima";"461,667";"BR-163/MS";"Decrescente";"Queda de moto";0;0;0;1;0;0;0;0;0;0;0;1;1;0;0
"01/06/2024";"12:47:19";"134";"Sem vítima";"611,790";"BR-163/MS";"Decrescente";"Colisão traseira";0;0;0;0;0;5;0;0;0;0;0;0;0;0;0
"01/06/2024";"14:26:37";"177";"Sem vítima";"2,300";"BR-163/MS";"Crescente";"Colisão traseira";2;0;0;0;0;0;0;0;0;0;5;0;0;0;0
"01/06/2024";"15:09:29";"187";"Com vítima";"615,315";"BR-163/MS";"Crescente";"Colisão lateral no mesmo sentido";1;0;0;1;0;0;0;0;0;0;1;1;0;0;0
"01/06/2024";"18:08:45";"215";"Com vítima";"458,245";"BR-163/MS";"Crescente";"Colisão lateral no mesmo sentido";0;0;0;0;0;0;0;0;0;2;2;1;0;0;0
"02/06/2024";"10:16:16";"93";"Com vítima";"548,545";"BR-163/MS";"Crescente";"Colisão transversal";0;0;0;0;0;1;0;0;0;1;0;1;0;0;0
"02/06/2024";"11:27:31";"101";"Sem vítima";"662,261";"BR-163/MS";"Crescente";"Tombamento";0;0;1;0;0;1;0;0;0;0;1;0;0;0;0
"02/06/2024";"13:56:50";"124";"Com vítima";"701,987";"BR-163/MS";"Decrescente";"Queda de moto";0;0;0;1;0;0;0;0;0;0;0;2;0;0;0
"02/06/2024";"15:29:27";"146";"Com vítima";"529,254";"BR-163/MS";"Decrescente";"Colisão transversal";1;0;0;0;0;0;0;0;0;1;3;2;0;0;0
"02/06/2024";"18:38:54";"184";"Sem vítima";"189,165";"BR-163/MS";"Crescente";"Atropelamento de animal";2;0;0;0;0;0;0;0;0;0;6;0;0;0;0
"02/06/2024";"19:20:58";"219";"Sem vítima";"466,322";"BR-163/MS";"Crescente";"Colisão traseira";2;0;0;0;0;0;0;0;0;0;7;0;0;0;0
"03/06/2024";"05:47:59";"52";"Sem vítima";"481,921";"BR-163/MS";"Crescente";"Colisão traseira";0;0;0;0;1;0;0;0;0;1;1;0;0;0;0
"03/06/2024";"10:54:36";"153";"Com vítima";"356,563";"BR-163/MS";"Decrescente";"Capotamento";1;0;0;0;0;0;0;0;0;0;0;3;0;0;0
"03/06/2024";"11:43:12";"164";"Sem vítima";"475,000";"BR-163/MS";"Crescente";"Colisão transversal";0;0;0;0;0;1;0;0;0;1;2;0;0;0;0
"03/06/2024";"12:39:27";"176";"Com vítima";"151,897";"BR-163/MS";"Decrescente";"Capotamento";1;0;0;0;0;0;0;0;0;0;0;1;1;0;0
"03/06/2024";"19:27:09";"279";"Sem vítima";"125,119";"BR-163/MS";"Decrescente";"Tombamento";0;0;0;0;0;2;0;0;0;0;0;0;0;0;0
"04/06/2024";"18:15:48";"256";"Sem vítima";"477,000";"BR-163/MS";"Decrescente";"Queda de moto";0;0;0;1;0;0;0;0;0;0;1;0;0;0;0
"04/06/2024";"19:59:52";"294";"Sem vítima";"549,000";"BR-163/MS";"Decrescente";"Colisão transversal";0;0;0;0;0;1;0;0;0;1;1;0;0;0;0
"04/06/2024";"20:10:07";"295";"Sem vítima";"293,896";"BR-163/MS";"Decrescente";"Atropelamento de animal";0;0;0;0;0;0;0;0;0;1;2;0;0;0;0
"05/06/2024";"05:25:00";"32";"Sem vítima";"458,937";"BR-163/MS";"Decrescente";"Atropelamento de animal";0;0;0;0;0;0;0;0;0;0;0;0;0;0;0
"05/06/2024";"14:16:25";"216";"Sem vítima";"31,940";"BR-163/MS";"Decrescente";"Choque";1;0;1;0;0;0;0;0;0;0;2;0;0;0;0
"05/06/2024";"16:24:12";"247";"Com vítima";"485,368";"BR-163/MS";"Crescente";"Colisão transversal";0;0;0;2;0;0;0;0;0;0;0;2;1;0;0
"06/06/2024";"07:29:25";"75";"Sem vítima";"264,324";"BR-163/MS";"Decrescente";"Acidentes de outra natureza";1;0;0;1;0;0;0;0;0;0;1;0;0;0;0
"06/06/2024";"17:43:39";"223";"Sem vítima";"786,341";"BR-163/MS";"Crescente";"Colisão transversal";0;0;0;0;0;0;0;0;0;2;2;0;0;0;0
"06/06/2024";"22:23:38";"294";"Sem vítima";"685,000";"BR-163/MS";"Crescente";"Atropelamento de animal";1;0;0;0;0;0;0;0;0;0;1;0;0;0;0
"07/06/2024";"08:14:01";"110";"Sem vítima";"485,346";"BR-163/MS";"Crescente";"Colisão traseira";1;0;0;0;0;0;0;0;0;1;2;0;0;0;0
"07/06/2024";"16:16:13";"215";"Com vítima";"339,140";"BR-163/MS";"Crescente";"Queda de moto";0;0;0;1;0;0;0;0;0;0;0;0;1;0;0
"07/06/2024";"21:12:13";"273";"Sem vítima";"32,000";"BR-163/MS";"Crescente";"Atropelamento de animal";0;0;0;0;0;0;0;0;0;0;0;0;0;0;0
"07/06/2024";"22:35:18";"282";"Com vítima";"256,000";"BR-163/MS";"Decrescente";"Queda de moto";1;0;0;1;0;0;0;0;0;0;2;1;0;0;0
"08/06/2024";"04:36:57";"36";"Com vítima";"609,292";"BR-163/MS";"Decrescente";"Acidentes de outra natureza";0;0;0;0;0;2;0;0;0;0;0;0;0;0;0
"08/06/2024";"11:22:48";"147";"Sem vítima";"466,752";"BR-163/MS";"Decrescente";"Engavetamento";3;0;2;0;0;0;0;0;0;0;7;0;0;0;0
"08/06/2024";"19:23:11";"248";"Com vítima";"225,152";"BR-163/MS";"Decrescente";"Colisão transversal";1;0;0;0;0;0;0;0;0;1;6;0;0;1;0
"09/06/2024";"03:29:38";"23";"Sem vítima";"343,771";"BR-163/MS";"Decrescente";"Acidentes de outra natureza";1;0;0;0;0;0;0;0;0;0;1;0;0;0;0
"09/06/2024";"14:36:32";"159";"Sem vítima";"95,948";"BR-163/MS";"Decrescente";"Acidentes de outra natureza";1;0;0;0;0;0;0;0;0;0;1;0;0;0;0
"09/06/2024";"14:50:18";"163";"Com vítima";"829,176";"BR-163/MS";"Decrescente";"Capotamento";1;0;0;0;0;0;0;0;0;0;0;2;0;1;0
"09/06/2024";"18:02:31";"191";"Com vítima";"500,654";"BR-163/MS";"Decrescente";"Tombamento";0;0;0;0;0;0;0;0;0;1;2;1;0;0;0
"09/06/2024";"20:03:09";"213";"Sem vítima";"529,000";"BR-163/MS";"Crescente";"Acidentes de outra natureza";1;0;0;0;0;0;0;0;0;0;1;0;0;0;0
"09/06/2024";"20:47:06";"246";"Com vítima";"480,000";"BR-163/MS";"Decrescente";"Atropelamento de animal";0;0;0;1;0;0;0;0;0;0;0;1;0;0;0
"09/06/2024";"22:16:58";"251";"Sem vítima";"446,572";"BR-163/MS";"Decrescente";"Atropelamento de animal";1;0;0;0;0;0;0;0;0;0;1;0;0;0;0
"10/06/2024";"01:57:38";"21";"Com vítima";"157,000";"BR-163/MS";"Crescente";"Tombamento";0;0;1;0;0;1;0;0;0;0;0;1;0;0;0
"10/06/2024";"04:57:36";"29";"Com vítima";"379,200";"BR-163/MS";"Decrescente";"Colisão traseira";0;0;0;0;0;2;0;0;0;1;1;3;1;0;0
"10/06/2024";"06:08:14";"42";"Com vítima";"471,168";"BR-163/MS";"Decrescente";"Queda de moto";0;0;0;1;0;0;0;0;0;0;0;0;1;0;0
"10/06/2024";"07:57:35";"69";"Com vítima";"717,921";"BR-163/MS";"Crescente";"Queda de moto";0;0;0;1;0;0;0;0;0;0;0;0;1;0;0
"10/06/2024";"12:27:15";"161";"Com vítima";"411,247";"BR-163/MS";"Crescente";"Acidentes de outra natureza";0;0;1;0;0;0;0;0;0;0;0;1;0;0;0
"10/06/2024";"14:05:05";"179";"Sem vítima";"654,350";"BR-163/MS";"Decrescente";"Colisão traseira";0;0;0;0;0;1;0;0;0;1;1;0;0;0;0
"10/06/2024";"22:31:12";"276";"Sem vítima";"364,800";"BR-163/MS";"Decrescente";"Colisão traseira";0;0;0;0;0;0;0;0;0;2;2;0;0;0;0
"11/06/2024";"11:23:42";"128";"Sem vítima";"485,265";"BR-163/MS";"Decrescente";"Colisão traseira";1;0;0;0;0;0;0;0;0;1;3;0;0;0;0
"11/06/2024";"12:46:25";"138";"Sem vítima";"585,814";"BR-163/MS";"Crescente";"Acidentes de outra natureza";1;0;0;0;0;0;0;0;0;0;2;0;0;0;0
"11/06/2024";"12:52:28";"139";"Com vítima";"473,290";"BR-163/MS";"Decrescente";"Colisão transversal";2;0;0;0;0;0;0;0;0;0;3;2;0;0;0
"11/06/2024";"21:04:41";"264";"Sem vítima";"15,668";"BR-163/MS";"Decrescente";"Acidentes de outra natureza";0;0;0;0;0;0;0;0;0;1;1;0;0;0;0
"12/06/2024";"00:03:41";"1";"Sem vítima";"844,870";"BR-163/MS";"Crescente";"Tombamento";0;0;1;0;0;0;0;0;0;0;1;0;0;0;0
"12/06/2024";"00:59:16";"22";"Sem vítima";"718,000";"BR-163/MS";"Decrescente";"Atropelamento de animal";0;0;0;0;0;0;0;0;0;1;1;0;0;0;0
"12/06/2024";"11:49:43";"180";"Com vítima";"500,636";"BR-163/MS";"Decrescente";"Capotamento";1;0;0;0;0;0;0;0;0;0;0;0;1;0;0
"12/06/2024";"18:38:41";"260";"Com vítima";"650,314";"BR-163/MS";"Crescente";"Acidentes de outra natureza";1;0;0;0;0;0;0;0;0;0;1;1;0;0;0
"12/06/2024";"18:50:37";"264";"Sem vítima";"521,938";"BR-163/MS";"Crescente";"Atropelamento de animal";0;0;1;0;0;0;0;0;0;1;5;0;0;0;0
"12/06/2024";"19:13:39";"266";"Com vítima";"667,890";"BR-163/MS";"Crescente";"Capotamento";0;0;0;0;0;0;0;0;0;1;0;1;0;0;0
"12/06/2024";"22:06:32";"288";"Sem vítima";"227,000";"BR-163/MS";"Decrescente";"Colisão traseira";1;0;1;0;0;0;0;0;0;0;1;0;0;0;0
"13/06/2024";"05:45:44";"83";"Sem vítima";"748,179";"BR-163/MS";"Crescente";"Colisão lateral no mesmo sentido";0;0;2;0;0;0;0;0;0;0;2;0;0;0;0
"13/06/2024";"07:37:49";"114";"Sem vítima";"558,500";"BR-163/MS";"Crescente";"Atropelamento de animal";0;0;1;0;0;0;0;0;0;0;1;0;0;0;0
"13/06/2024";"17:47:42";"244";"Com vítima";"250,827";"BR-163/MS";"Decrescente";"Queda de moto";0;0;1;0;0;0;0;0;0;0;0;0;1;0;0
"13/06/2024";"22:16:53";"331";"Com vítima";"793,520";"BR-163/MS";"Decrescente";"Tombamento";0;0;0;0;0;2;0;0;0;0;0;0;0;0;0
"14/06/2024";"03:42:09";"33";"Com vítima";"710,500";"BR-163/MS";"Crescente";"Queda de moto";0;0;0;1;0;0;0;0;0;0;0;1;0;0;0
"14/06/2024";"07:12:38";"62";"Com vítima";"657,297";"BR-163/MS";"Decrescente";"Capotamento";0;0;0;0;0;0;0;0;0;1;0;1;0;0;0
"14/06/2024";"09:39:31";"135";"Com vítima";"726,636";"BR-163/MS";"Decrescente";"Colisão transversal";0;0;1;0;0;2;0;0;0;0;0;1;1;0;0
"14/06/2024";"11:02:25";"156";"Com vítima";"324,106";"BR-163/MS";"Crescente";"Colisão transversal";0;0;0;1;0;0;0;0;0;1;2;1;0;0;0
"14/06/2024";"18:07:26";"227";"Sem vítima";"555,500";"BR-163/MS";"Decrescente";"Choque";1;0;0;0;0;0;0;0;0;0;1;0;0;0;0
"14/06/2024";"18:13:52";"231";"Com vítima";"727,813";"BR-163/MS";"Crescente";"Colisão lateral no mesmo sentido";0;0;0;1;0;0;0;0;0;0;0;1;1;0;0
"15/06/2024";"06:24:05";"66";"Sem vítima";"249,580";"BR-163/MS";"Crescente";"Acidentes de outra natureza";1;0;0;0;0;0;0;0;0;0;1;0;0;0;0
"15/06/2024";"06:55:50";"71";"Com vítima";"729,510";"BR-163/MS";"Decrescente";"Colisão frontal";0;0;1;1;0;1;0;0;0;0;1;0;0;0;1
"15/06/2024";"17:18:14";"258";"Com vítima";"182,130";"BR-163/MS";"Crescente";"Choque";0;0;0;1;0;0;0;0;0;0;0;1;0;0;0
"15/06/2024";"17:44:19";"264";"Sem vítima";"182,130";"BR-163/MS";"Crescente";"Colisão traseira";2;0;0;0;0;0;0;0;0;0;2;0;0;0;0
"15/06/2024";"18:51:14";"297";"Com vítima";"180,474";"BR-163/MS";"Crescente";"Colisão transversal";0;0;0;0;0;2;0;0;0;1;0;3;0;0;0
"16/06/2024";"00:45:29";"13";"Com vítima";"90,624";"BR-163/MS";"Decrescente";"Queda de moto";0;0;0;1;0;0;0;0;0;0;0;2;0;0;0
"16/06/2024";"15:25:31";"154";"Com vítima";"270,508";"BR-163/MS";"Crescente";"Colisão lateral no mesmo sentido";0;0;1;0;0;0;0;0;0;1;0;1;0;0;0
"16/06/2024";"18:10:58";"187";"Sem vítima";"279,000";"BR-163/MS";"Crescente";"Acidentes de outra natureza";1;0;0;0;0;0;0;0;0;0;4;0;0;0;0
"16/06/2024";"18:50:04";"194";"Sem vítima";"359,000";"BR-163/MS";"Crescente";"Atropelamento de animal";0;0;0;0;0;0;0;0;0;1;2;0;0;0;0
"17/06/2024";"04:13:35";"33";"Sem vítima";"690,233";"BR-163/MS";"Decrescente";"Tombamento";0;0;0;0;0;1;0;0;0;0;0;0;0;0;0
"17/06/2024";"07:04:50";"78";"Com vítima";"264,564";"BR-163/MS";"Crescente";"Colisão lateral no mesmo sentido";1;0;1;0;0;1;0;0;0;0;1;1;0;0;0
"17/06/2024";"09:27:22";"112";"Sem vítima";"509,154";"BR-163/MS";"Crescente";"Queda de moto";0;0;0;1;0;0;0;0;0;0;1;0;0;0;0
"17/06/2024";"11:05:59";"136";"Com vítima";"680,735";"BR-163/MS";"Decrescente";"Colisão traseira";1;0;0;1;0;0;0;0;0;0;0;2;0;0;0
"17/06/2024";"11:46:15";"144";"Sem vítima";"837,284";"BR-163/MS";"Decrescente";"Colisão traseira";2;0;0;0;0;0;0;0;0;0;4;0;0;0;0
"17/06/2024";"19:17:34";"246";"Com vítima";"618,562";"BR-163/MS";"Decrescente";"Atropelamento de pedestre";0;0;0;0;0;0;0;0;0;0;0;0;0;0;1
"18/06/2024";"02:34:58";"16";"Sem vítima";"426,437";"BR-163/MS";"Crescente";"Atropelamento de animal";0;0;1;0;0;0;0;0;0;0;1;0;0;0;0
"19/06/2024";"18:27:16";"236";"Com vítima";"79,865";"BR-163/MS";"Decrescente";"Colisão transversal";0;0;1;0;0;1;0;0;0;1;1;1;0;1;0
"19/06/2024";"21:46:26";"286";"Sem vítima";"299,500";"BR-163/MS";"Crescente";"Atropelamento de animal";1;0;0;0;0;0;0;0;0;0;5;0;0;0;0
"20/06/2024";"07:47:12";"80";"Sem vítima";"288,143";"BR-163/MS";"Decrescente";"Atropelamento de animal";1;0;0;0;0;0;0;0;0;0;1;0;0;0;0
"20/06/2024";"13:59:22";"177";"Com vítima";"721,572";"BR-163/MS";"Crescente";"Queda de moto";0;0;0;1;0;0;0;0;0;0;0;2;0;0;0
"20/06/2024";"17:59:20";"238";"Sem vítima";"516,000";"BR-163/MS";"Crescente";"Atropelamento de animal";0;0;0;0;0;0;0;0;0;1;2;0;0;0;0
"20/06/2024";"19:41:35";"255";"Sem vítima";"730,000";"BR-163/MS";"Decrescente";"Colisão transversal";1;0;1;0;0;0;0;0;0;0;2;0;0;0;0
"20/06/2024";"21:30:40";"290";"Sem vítima";"453,000";"BR-163/MS";"Decrescente";"Atropelamento de animal";1;0;0;0;0;0;0;0;0;0;4;0;0;0;0
"21/06/2024";"04:28:35";"26";"Sem vítima";"656,233";"BR-163/MS";"Decrescente";"Atropelamento de animal";0;0;0;0;0;0;0;0;0;1;3;0;0;0;0
"21/06/2024";"12:41:00";"169";"Sem vítima";"835,620";"BR-163/MS";"Crescente";"Acidentes de outra natureza";0;0;1;0;0;1;0;0;0;0;1;0;0;0;0
"21/06/2024";"15:47:59";"209";"Com vítima";"614,701";"BR-163/MS";"Crescente";"Colisão transversal";0;0;0;1;0;0;0;0;0;1;1;1;0;0;0
"21/06/2024";"19:51:23";"258";"Sem vítima";"275,000";"BR-163/MS";"Crescente";"Atropelamento de animal";1;0;0;0;0;0;0;0;0;0;1;0;0;0;0
"21/06/2024";"21:42:25";"297";"Sem vítima";"284,000";"BR-163/MS";"Crescente";"Atropelamento de animal";1;0;0;0;0;0;0;0;0;0;1;0;0;0;0
"22/06/2024";"03:38:42";"21";"Sem vítima";"686,233";"BR-163/MS";"Crescente";"Choque";1;0;1;0;0;1;0;0;0;0;2;0;0;0;0
"22/06/2024";"03:52:14";"22";"Sem vítima";"668,840";"BR-163/MS";"Crescente";"Atropelamento de animal";1;0;0;0;0;0;0;0;0;0;4;0;0;0;0
"22/06/2024";"11:01:27";"143";"Sem vítima";"154,726";"BR-163/MS";"Decrescente";"Colisão lateral no mesmo sentido";0;0;1;0;0;0;0;0;0;1;2;0;0;0;0