data;horario;n_da_ocorrencia;tipo_de_ocorrencia;km;trecho;sentido;tipo_de_acidente;automovel;bicicleta;caminhao;moto;onibus;outros;tracao_animal;transporte_de_cargas_especiais;trator_maquinas;utilitarios;ilesos;levemente_feridos;moderadamente_feridos;gravemente_feridos;mortos
"22/06/2024";"17:33:23";"252";"Com vítima";"490,573";"BR-163/MS";"Crescente";"Engavetamento";2;0;0;1;0;0;0;0;0;0;4;1;0;0;0
"23/06/2024";"01:53:06";"18";"Com vítima";"280,572";"BR-163/MS";"Decrescente";"Colisão traseira";2;0;0;0;0;0;0;0;0;0;6;1;0;0;0
"23/06/2024";"03:26:52";"29";"Sem vítima";"649,621";"BR-163/MS";"Crescente";"Queda de moto";0;0;0;1;0;0;0;0;0;0;1;0;0;0;0
"23/06/2024";"03:42:15";"30";"Com vítima";"492,793";"BR-163/MS";"Decrescente";"Acidentes de outra natureza";0;0;0;0;0;0;0;0;0;1;0;1;0;0;0
"23/06/2024";"14:29:56";"166";"Sem vítima";"205,950";"BR-163/MS";"Crescente";"Capotamento";0;0;1;0;0;0;0;0;0;1;3;0;0;0;0
"23/06/2024";"17:54:09";"217";"Com vítima";"330,485";"BR-163/MS";"Decrescente";"Atropelamento de animal";1;0;0;0;0;0;0;0;0;0;0;1;0;0;0
"23/06/2024";"19:09:11";"228";"Com vítima";"278,563";"BR-163/MS";"Decrescente";"Queda de moto";0;0;0;1;0;0;0;0;0;0;1;1;0;0;0
"24/06/2024";"13:44:04";"169";"Sem vítima";"189,290";"BR-163/MS";"Crescente";"Queda de moto";0;0;0;1;0;0;0;0;0;0;2;0;0;0;0
"24/06/2024";"17:35:21";"221";"Com vítima";"367,901";"BR-163/MS";"Crescente";"Colisão traseira";1;0;0;1;0;0;0;0;0;0;2;1;0;0;0
"24/06/2024";"21:01:11";"253";"Com vítima";"493,557";"BR-163/MS";"Crescente";"Choque";1;0;0;0;0;0;0;0;0;0;2;2;1;0;0
"24/06/2024";"21:29:52";"256";"Sem vítima";"396,270";"BR-163/MS";"Crescente";"Atropelamento de animal";0;0;0;0;0;0;0;0;0;1;1;0;0;0;0
"25/06/2024";"12:32:13";"150";"Com vítima";"458,483";"BR-163/MS";"Crescente";"Queda de moto";0;0;0;1;0;0;0;0;0;0;0;1;0;0;0
"25/06/2024";"12:34:00";"151";"Sem vítima";"444,750";"BR-163/MS";"Crescente";"Engavetamento";2;0;0;0;0;0;0;0;0;1;3;0;0;0;0
"25/06/2024";"12:55:42";"153";"Com vítima";"680,993";"BR-163/MS";"Decrescente";"Colisão transversal";1;0;1;0;0;1;0;0;0;0;1;1;0;0;0
"25/06/2024";"14:37:19";"170";"Com vítima";"609,550";"BR-163/MS";"Crescente";"Queda de moto";0;0;0;1;0;0;0;0;0;0;0;1;0;0;0
"25/06/2024";"20:21:57";"248";"Sem vítima";"219,950";"BR-163/MS";"Decrescente";"Colisão traseira";1;0;1;0;0;0;0;0;0;0;1;0;0;0;0
"26/06/2024";"03:52:40";"25";"Com vítima";"304,363";"BR-163/MS";"Decrescente";"Tombamento";0;0;1;0;0;0;0;0;0;0;0;1;1;0;0
"26/06/2024";"09:37:29";"137";"Com vítima";"465,755";"BR-163/MS";"Crescente";"Colisão traseira";1;0;0;1;0;0;0;0;0;0;1;1;0;0;0
"26/06/2024";"10:29:32";"146";"Sem vítima";"466,392";"BR-163/MS";"Decrescente";"Colisão traseira";0;0;1;0;0;0;0;0;0;1;4;0;0;0;0
"26/06/2024";"14:31:48";"198";"Sem vítima";"21,533";"BR-163/MS";"Decrescente";"Colisão traseira";2;0;0;0;0;0;0;0;0;0;6;0;0;0;0
"26/06/2024";"17:51:52";"239";"Sem vítima";"265,000";"BR-163/MS";"Crescente";"Colisão traseira";1;0;0;0;0;0;0;0;0;1;2;0;0;0;0
"27/06/2024";"04:53:00";"19";"Com vítima";"58,521";"BR-163/MS";"Crescente";"Capotamento";1;0;0;0;0;0;0;0;0;0;0;1;0;0;0
"27/06/2024";"12:43:22";"185";"Sem vítima";"485,462";"BR-163/MS";"Decrescente";"Colisão traseira";1;0;0;0;0;0;0;0;0;1;1;0;0;0;0
"27/06/2024";"16:12:55";"240";"Com vítima";"691,000";"BR-163/MS";"Crescente";"Colisão frontal";0;0;1;0;0;1;0;0;0;1;0;1;0;1;0
"27/06/2024";"19:03:19";"285";"Com vítima";"553,200";"BR-163/MS";"Crescente";"Colisão frontal";1;0;0;0;0;0;0;0;0;1;0;1;0;1;0
"27/06/2024";"19:26:17";"291";"Sem vítima";"475,000";"BR-163/MS";"Crescente";"Colisão transversal";2;0;0;0;0;0;0;0;0;0;4;0;0;0;0
"28/06/2024";"08:45:34";"100";"Com vítima";"25,667";"BR-163/MS";"Decrescente";"Acidentes de outra natureza";0;0;0;0;0;2;0;0;0;0;0;0;0;0;0
"28/06/2024";"13:17:21";"175";"Com vítima";"255,504";"BR-163/MS";"Crescente";"Choque";0;0;0;1;0;0;0;0;0;0;0;1;0;0;0
"28/06/2024";"13:17:30";"176";"Sem vítima";"206,684";"BR-163/MS";"Crescente";"Tombamento";0;0;0;0;0;2;0;0;0;0;0;0;0;0;0
"28/06/2024";"14:08:49";"186";"Com vítima";"380,538";"BR-163/MS";"Decrescente";"Colisão lateral no mesmo sentido";0;0;0;0;0;4;0;0;0;0;0;0;0;0;0
"28/06/2024";"18:15:36";"252";"Com vítima";"486,339";"BR-163/MS";"Decrescente";"Colisão transversal";1;0;0;1;0;0;0;0;0;0;1;1;0;0;0
"28/06/2024";"20:26:50";"269";"Com vítima";"471,562";"BR-163/MS";"Crescente";"Atropelamento de animal";0;0;0;1;0;0;0;0;0;0;0;0;1;0;0
"28/06/2024";"20:42:18";"270";"Sem vítima";"525,807";"BR-163/MS";"Crescente";"Acidentes de outra natureza";0;0;0;0;0;0;0;0;0;1;1;0;0;0;0
"29/06/2024";"11:07:25";"153";"Sem vítima";"663,462";"BR-163/MS";"Crescente";"Colisão transversal";0;0;2;0;0;2;0;0;0;0;2;0;0;0;0
"30/06/2024";"13:11:03";"131";"Sem vítima";"27,828";"BR-163/MS";"Crescente";"Colisão lateral no mesmo sentido";1;0;1;0;0;0;0;0;0;0;2;0;0;0;0
"30/06/2024";"16:21:27";"162";"Com vítima";"575,359";"BR-163/MS";"Crescente";"Colisão transversal";0;0;2;0;0;2;0;0;0;0;1;1;0;0;0
"30/06/2024";"20:55:00";"231";"Com vítima";"260,708";"BR-163/MS";"Crescente";"Colisão traseira";0;1;0;0;0;0;0;0;0;1;0;0;0;0;1
"30/06/2024";"21:51:09";"234";"Com vítima";"372,651";"BR-163/MS";"Crescente";"Colisão traseira";0;0;1;0;0;2;0;0;0;0;0;0;1;0;0
"01/07/2024";"03:37:07";"21";"Com vítima";"308,961";"BR-163/MS";"Crescente";"Capotamento";1;0;0;0;0;0;0;0;0;0;0;5;0;0;0
"01/07/2024";"23:30:18";"279";"Com vítima";"462,000";"BR-163/MS";"Decrescente";"Tombamento";0;0;1;0;0;2;0;0;0;0;0;1;0;0;0
"02/07/2024";"11:25:23";"124";"Sem vítima";"158,536";"BR-163/MS";"Crescente";"Engavetamento";0;0;3;0;0;1;0;0;0;0;4;0;0;0;0
"02/07/2024";"18:05:02";"217";"Com vítima";"255,986";"BR-163/MS";"Decrescente";"Colisão transversal";1;0;0;1;0;0;0;0;0;0;1;1;0;0;0
"02/07/2024";"19:14:47";"256";"Sem vítima";"330,502";"BR-163/MS";"Decrescente";"Atropelamento de animal";0;0;0;0;0;0;0;0;0;1;4;0;0;0;0
"02/07/2024";"20:57:00";"276";"Sem vítima";"587,580";"BR-163/MS";"Crescente";"Atropelamento de animal";0;0;0;0;0;0;0;0;0;1;2;0;0;0;0
"03/07/2024";"07:06:27";"84";"Com vítima";"256,100";"BR-163/MS";"Decrescente";"Colisão transversal";1;0;0;1;0;0;0;0;0;0;1;1;0;0;0
"03/07/2024";"14:27:13";"212";"Sem vítima";"486,345";"BR-163/MS";"Crescente";"Acidentes de outra natureza";1;0;0;0;0;0;0;0;0;0;2;0;0;0;0
"03/07/2024";"16:03:22";"239";"Sem vítima";"485,538";"BR-163/MS";"Crescente";"Colisão traseira";0;0;0;0;0;0;0;0;0;1;1;0;0;0;0
"04/07/2024";"07:19:08";"98";"Com vítima";"486,765";"BR-163/MS";"Decrescente";"Colisão traseira";0;0;0;1;0;0;0;0;0;1;1;1;0;0;0
"04/07/2024";"08:29:49";"127";"Com vítima";"673,477";"BR-163/MS";"Crescente";"Colisão lateral no mesmo sentido";1;0;0;1;0;0;0;0;0;0;3;0;0;1;0
"04/07/2024";"15:22:30";"211";"Sem vítima";"218,300";"BR-163/MS";"Decrescente";"Engavetamento";2;0;1;0;0;0;0;0;0;1;7;0;0;0;0
"04/07/2024";"15:50:32";"216";"Com vítima";"668,860";"BR-163/MS";"Decrescente";"Colisão traseira";0;0;1;0;0;0;0;0;0;1;6;1;0;0;0
"04/07/2024";"19:10:26";"287";"Sem vítima";"266,000";"BR-163/MS";"Decrescente";"Colisão transversal";1;0;1;0;0;0;0;0;0;0;2;0;0;0;0
"05/07/2024";"00:56:01";"11";"Sem vítima";"368,711";"BR-163/MS";"Crescente";"Acidentes de outra natureza";1;0;0;0;0;0;0;0;0;0;0;0;0;0;0
"05/07/2024";"10:12:37";"139";"Sem vítima";"170,500";"BR-163/MS";"Decrescente";"Choque";0;0;1;0;0;0;0;0;0;0;1;0;0;0;0
"05/07/2024";"15:57:12";"206";"Com vítima";"491,523";"BR-163/MS";"Decrescente";"Queda de moto";0;0;0;1;0;0;0;0;0;0;0;0;1;0;0
"05/07/2024";"22:41:25";"308";"Com vítima";"242,286";"BR-163/MS";"Crescente";"Colisão traseira";0;0;2;0;0;0;0;0;0;0;0;0;1;0;0
"06/07/2024";"00:38:56";"12";"Com vítima";"276,359";"BR-163/MS";"Decrescente";"Queda de moto";0;0;0;1;0;0;0;0;0;0;0;0;1;0;0
"06/07/2024";"01:35:26";"18";"Com vítima";"467,968";"BR-163/MS";"Decrescente";"Colisão frontal";1;0;0;0;0;2;0;0;0;0;0;0;0;0;3
"06/07/2024";"01:58:29";"19";"Sem vítima";"423,577";"BR-163/MS";"Decrescente";"Capotamento";0;0;0;0;1;0;0;0;0;1;2;0;0;0;0
"06/07/2024";"10:42:52";"117";"Com vítima";"575,330";"BR-163/MS";"Crescente";"Colisão transversal";1;0;0;1;0;0;0;0;0;0;4;1;0;0;0
"06/07/2024";"12:21:33";"129";"Com vítima";"484,327";"BR-163/MS";"Decrescente";"Colisão transversal";1;0;1;0;0;1;0;0;0;0;1;1;1;0;0
"06/07/2024";"19:35:38";"222";"Sem vítima";"369,240";"BR-163/MS";"Crescente";"Choque";0;0;0;0;0;1;0;0;0;0;1;0;0;0;0
"06/07/2024";"20:20:56";"227";"Sem vítima";"257,508";"BR-163/MS";"Decrescente";"Choque";1;0;0;0;0;0;0;0;0;0;1;0;0;0;0
"06/07/2024";"23:38:22";"241";"Com vítima";"687,245";"BR-163/MS";"Crescente";"Tombamento";0;0;1;0;0;0;0;0;0;0;0;1;0;0;0
"07/07/2024";"00:18:50";"10";"Com vítima";"484,557";"BR-163/MS";"Crescente";"Queda de moto";0;0;0;1;0;0;0;0;0;0;0;2;0;0;0
"07/07/2024";"05:26:20";"36";"Sem vítima";"294,927";"BR-163/MS";"Crescente";"Choque";1;0;0;0;0;0;0;0;0;0;5;0;0;0;0
"07/07/2024";"05:33:31";"37";"Com vítima";"300,823";"BR-163/MS";"Crescente";"Colisão frontal";1;0;1;0;0;1;0;0;0;0;1;0;0;0;4
"07/07/2024";"14:24:32";"141";"Sem vítima";"413,815";"BR-163/MS";"Decrescente";"Colisão lateral no mesmo sentido";1;0;1;0;0;0;0;0;0;0;2;0;0;0;0
"07/07/2024";"19:35:06";"213";"Com vítima";"484,389";"BR-163/MS";"Crescente";"Colisão transversal";1;0;0;1;0;0;0;0;0;0;2;0;0;1;0
"07/07/2024";"22:14:46";"254";"Com vítima";"280,413";"BR-163/MS";"Crescente";"Colisão transversal";1;0;0;1;0;0;0;0;0;0;1;1;0;0;0
"08/07/2024";"05:37:10";"31";"Com vítima";"249,575";"BR-163/MS";"Decrescente";"Capotamento";1;0;0;0;0;0;0;0;0;0;0;1;0;0;0
"08/07/2024";"06:49:32";"50";"Sem vítima";"239,000";"BR-163/MS";"Decrescente";"Choque";1;0;0;0;0;0;0;0;0;0;3;0;0;0;0
"08/07/2024";"07:39:56";"66";"Com vítima";"248,320";"BR-163/MS";"Decrescente";"Colisão transversal";2;0;0;0;0;0;0;0;0;0;1;1;0;0;0
"08/07/2024";"09:36:30";"123";"Com vítima";"731,900";"BR-163/MS";"Crescente";"Colisão transversal";0;0;1;0;0;2;0;0;0;1;0;4;0;0;0
"08/07/2024";"19:14:13";"236";"Sem vítima";"172,410";"BR-163/MS";"Crescente";"Tombamento";1;0;0;0;0;0;0;0;0;0;1;0;0;0;0
"08/07/2024";"21:55:40";"288";"Com vítima";"43,738";"BR-163/MS";"Decrescente";"Acidentes de outra natureza";1;0;0;0;0;0;0;0;0;0;0;1;0;0;0
"09/07/2024";"13:27:17";"188";"Sem vítima";"258,840";"BR-163/MS";"Crescente";"Engavetamento";0;0;1;0;0;3;0;0;0;1;3;0;0;0;0
"09/07/2024";"14:41:29";"204";"Sem vítima";"399,858";"BR-163/MS";"Decrescente";"Choque";1;0;0;0;0;0;0;0;0;0;3;0;0;0;0
"10/07/2024";"11:24:11";"142";"Com vítima";"367,153";"BR-163/MS";"Decrescente";"Choque";0;0;0;0;0;0;0;0;0;1;1;1;0;0;0
"10/07/2024";"13:21:10";"162";"Sem vítima";"284,991";"BR-163/MS";"Crescente";"Atropelamento de animal";1;0;0;0;0;0;0;0;0;0;1;0;0;0;0
"10/07/2024";"17:36:46";"208";"Sem vítima";"249,000";"BR-163/MS";"Crescente";"Acidentes de outra natureza";0;0;0;0;0;0;0;0;0;1;1;0;0;0;0
"11/07/2024";"02:04:43";"20";"Sem vítima";"375,504";"BR-163/MS";"Crescente";"Acidentes de outra natureza";1;0;0;0;0;0;0;0;0;0;1;0;0;0;0
"11/07/2024";"11:04:23";"168";"Sem vítima";"255,932";"BR-163/MS";"Crescente";"Colisão traseira";0;0;1;0;0;1;0;0;0;0;1;0;0;0;0
"11/07/2024";"12:09:22";"186";"Com vítima";"268,670";"BR-163/MS";"Decrescente";"Colisão traseira";1;0;0;1;0;0;0;0;0;0;1;2;0;0;0
"11/07/2024";"16:54:34";"245";"Com vítima";"486,340";"BR-163/MS";"Crescente";"Colisão traseira";1;0;0;0;0;0;0;0;0;1;1;0;1;0;0
"11/07/2024";"21:43:46";"370";"Sem vítima";"309,452";"BR-163/MS";"Decrescente";"Atropelamento de animal";1;0;0;0;0;0;0;0;0;0;2;0;0;0;0
"12/07/2024";"04:07:31";"45";"Com vítima";"574,671";"BR-163/MS";"Crescente";"Atropelamento de animal";1;0;0;0;0;0;0;0;0;0;0;1;0;0;0
"12/07/2024";"04:21:06";"47";"Com vítima";"408,780";"BR-163/MS";"Crescente";"Tombamento";0;0;1;0;0;1;0;0;0;0;0;0;1;0;0
"12/07/2024";"05:03:39";"53";"Com vítima";"414,538";"BR-163/MS";"Crescente";"Choque";0;0;0;0;0;0;0;0;0;1;1;2;0;0;0
"12/07/2024";"07:38:58";"116";"Sem vítima";"575,413";"BR-163/MS";"Crescente";"Colisão transversal";1;0;0;0;0;0;0;0;0;0;3;0;0;0;0
"13/07/2024";"05:38:35";"54";"Sem vítima";"749,594";"BR-163/MS";"Crescente";"Tombamento";0;0;0;0;0;2;0;0;0;0;0;0;0;0;0
"13/07/2024";"18:04:02";"228";"Sem vítima";"491,000";"BR-163/MS";"Decrescente";"Colisão traseira";2;0;0;0;0;0;0;0;0;0;3;0;0;0;0
"14/07/2024";"03:07:17";"26";"Sem vítima";"786,110";"BR-163/MS";"Crescente";"Atropelamento de animal";0;0;1;0;0;0;0;0;0;0;1;0;0;0;0
"14/07/2024";"10:51:35";"94";"Sem vítima";"455,215";"BR-163/MS";"Crescente";"Colisão transversal";1;0;0;0;0;1;0;0;0;1;3;0;0;0;0
"14/07/2024";"12:17:30";"104";"Sem vítima";"510,435";"BR-163/MS";"Crescente";"Capotamento";1;0;0;0;0;0;0;0;0;0;3;0;0;0;0
"14/07/2024";"18:37:32";"160";"Sem vítima";"779,952";"BR-163/MS";"Decrescente";"Atropelamento de animal";0;0;1;0;0;0;0;0;0;0;1;0;0;0;0
"14/07/2024";"18:37:43";"161";"Sem vítima";"779,953";"BR-163/MS";"Decrescente";"Atropelamento de animal";1;0;0;0;0;0;0;0;0;0;5;0;0;0;0
"14/07/2024";"20:28:06";"207";"Com vítima";"486,500";"BR-163/MS";"Crescente";"Colisão traseira";1;0;0;1;0;0;0;0;0;0;1;1;0;0;0
"14/07/2024";"21:11:52";"211";"Com vítima";"388,170";"BR-163/MS";"Crescente";"Colisão lateral no mesmo sentido";0;0;1;0;0;0;0;0;0;1;1;1;0;0;0
"15/07/2024";"07:22:17";"76";"Sem vítima";"484,359";"BR-163/MS";"Crescente";"Colisão transversal";1;0;0;1;0;0;0;0;0;0;2;0;0;0;0
"15/07/2024";"13:47:25";"176";"Sem vítima";"375,170";"BR-163/MS";"Crescente";"Tombamento";0;0;0;0;0;2;0;0;0;0;0;0;0;0;0
"15/07/2024";"17:38:19";"236";"Sem vítima";"40,154";"BR-163/MS";"Decrescente";"Colisão lateral no mesmo sentido";1;0;1;0;0;0;0;0;0;0;2;0;0;0;0
"15/07/2024";"18:49:50";"250";"Com vítima";"492,000";"BR-163/MS";"Crescente";"Colisão traseira";0;0;0;1;0;0;0;0;0;1;3;0;0;2;0
"15/07/2024";"21:12:16";"294";"Com vítima";"264,494";"BR-163/MS";"Decrescente";"Colisão transversal";0;0;0;2;0;0;0;0;0;0;0;2;0;0;0
"16/07/2024";"07:04:23";"58";"Com vítima";"611,000";"BR-163/MS";"Decrescente";"Queda de moto";0;0;0;1;0;0;0;0;0;0;0;2;0;0;0
"16/07/2024";"08:26:39";"107";"Sem vítima";"475,830";"BR-163/MS";"Decrescente";"Colisão transversal";0;0;1;0;0;2;0;0;0;0;1;0;0;0;0
"16/07/2024";"13:02:45";"167";"Com vítima";"486,323";"BR-163/MS";"Crescente";"Colisão transversal";1;0;0;1;0;0;0;0;0;0;1;0;0;1;0
"16/07/2024";"15:14:48";"197";"Sem vítima";"162,807";"BR-163/MS";"Decrescente";"Engavetamento";0;0;3;0;0;0;0;0;0;0;3;0;0;0;0
"16/07/2024";"20:15:31";"259";"Sem vítima";"20,351";"BR-163/MS";"Crescente";"Colisão transversal";1;0;0;0;0;1;0;0;0;0;1;0;0;0;0
"17/07/2024";"19:16:09";"316";"Com vítima";"248,445";"BR-163/MS";"Crescente";"Queda de moto";0;0;0;1;0;0;0;0;0;0;0;1;0;0;0
"18/07/2024";"05:17:02";"36";"Sem vítima";"664,809";"BR-163/MS";"Crescente";"Colisão lateral no mesmo sentido";1;0;0;0;0;2;0;0;0;0;2;0;0;0;0
"18/07/2024";"07:00:26";"84";"Sem vítima";"475,254";"BR-163/MS";"Crescente";"Colisão transversal";1;0;0;0;0;0;0;0;0;1;3;0;0;0;0
"18/07/2024";"09:19:26";"134";"Com vítima";"551,392";"BR-163/MS";"Crescente";"Colisão traseira";1;0;0;0;0;0;0;0;0;1;4;0;1;0;0
"18/07/2024";"09:49:24";"141";"Com vítima";"730,254";"BR-163/MS";"Decrescente";"Colisão transversal";1;0;0;1;0;0;0;0;0;0;3;1;0;0;0
"18/07/2024";"14:19:00";"195";"Sem vítima";"344,187";"BR-163/MS";"Decrescente";"Colisão traseira";0;0;1;0;0;4;0;0;0;0;1;0;0;0;0
"18/07/2024";"15:47:02";"211";"Sem vítima";"51,356";"BR-163/MS";"Decrescente";"Engavetamento";1;0;0;0;0;0;0;0;0;0;1;0;0;0;0
"19/07/2024";"03:09:06";"21";"Sem vítima";"254,000";"BR-163/MS";"Decrescente";"Acidentes de outra natureza";0;0;0;0;0;0;0;0;0;1;3;0;0;0;0
"19/07/2024";"10:13:53";"109";"Com vítima";"660,792";"BR-163/MS";"Decrescente";"Capotamento";0;0;0;0;0;0;0;0;0;1;0;1;0;0;0
"19/07/2024";"12:14:10";"137";"Sem vítima";"25,769";"BR-163/MS";"Decrescente";"Colisão transversal";1;0;0;0;0;0;0;0;0;1;6;0;0;0;0
"20/07/2024";"05:38:02";"30";"Com vítima";"661,400";"BR-163/MS";"Decrescente";"Capotamento";1;0;0;0;0;0;0;0;0;0;0;1;0;0;0
"20/07/2024";"20:39:00";"284";"Sem vítima";"548,600";"BR-163/MS";"Decrescente";"Colisão transversal";1;0;0;0;0;2;0;0;0;0;1;0;0;0;0
"20/07/2024";"20:45:34";"286";"Sem vítima";"693,210";"BR-163/MS";"Crescente";"Atropelamento de animal";1;0;0;0;0;0;0;0;0;0;4;0;0;0;0
"20/07/2024";"21:58:06";"293";"Com vítima";"486,661";"BR-163/MS";"Crescente";"Colisão transversal";1;0;0;1;0;0;0;0;0;0;1;0;1;0;0
"20/07/2024";"22:24:49";"297";"Sem vítima";"65,132";"BR-163/MS";"Decrescente";"Atropelamento de animal";0;0;0;0;0;1;0;0;0;0;0;0;0;0;0
"21/07/2024";"08:04:24";"97";"Com vítima";"575,340";"BR-163/MS";"Decrescente";"Colisão transversal";0;0;0;0;0;3;0;0;0;1;3;1;0;0;0
"21/07/2024";"14:31:52";"189";"Com vítima";"751,864";"BR-163/MS";"Decrescente";"Colisão lateral no mesmo sentido";0;0;1;0;0;0;0;0;0;1;5;0;0;1;0
"21/07/2024";"15:21:01";"195";"Com vítima";"525,760";"BR-163/MS";"Crescente";"Colisão frontal";0;0;1;0;0;3;0;0;0;0;0;1;0;0;0
"21/07/2024";"15:45:18";"200";"Com vítima";"235,293";"BR-163/MS";"Decrescente";"Colisão traseira";0;0;0;1;0;1;0;0;0;0;0;0;0;2;0
"21/07/2024";"21:02:08";"266";"Sem vítima";"502,205";"BR-163/MS";"Crescente";"Capotamento";1;0;0;0;0;0;0;0;0;0;0;0;0;0;0
"22/07/2024";"00:40:03";"13";"Sem vítima";"341,871";"BR-163/MS";"Decrescente";"Colisão traseira";2;0;0;0;0;0;0;0;0;0;2;0;0;0;0
"22/07/2024";"06:02:42";"53";"Com vítima";"535,390";"BR-163/MS";"Crescente";"Capotamento";1;0;0;0;0;0;0;0;0;0;0;1;0;0;0
"22/07/2024";"07:11:56";"106";"Com vítima";"615,600";"BR-163/MS";"Crescente";"Colisão transversal";1;0;0;1;0;0;0;0;0;0;1;0;0;1;0
"22/07/2024";"20:59:57";"341";"Com vítima";"403,298";"BR-163/MS";"Crescente";"Atropelamento de animal";0;0;0;0;0;0;0;0;0;1;9;1;0;0;0
"22/07/2024";"23:30:48";"367";"Sem vítima";"451,570";"BR-163/MS";"Crescente";"Atropelamento de animal";0;0;0;0;0;0;0;0;0;1;1;0;0;0;0
"23/07/2024";"07:30:54";"112";"Com vítima";"729,530";"BR-163/MS";"Decrescente";"Colisão transversal";0;0;1;1;0;0;0;0;0;0;1;1;0;0;0
"23/07/2024";"18:40:02";"278";"Sem vítima";"386,692";"BR-163/MS";"Decrescente";"Acidentes de outra natureza";0;0;0;0;0;0;0;0;0;0;0;0;0;0;0
"24/07/2024";"05:10:35";"28";"Com vítima";"304,900";"BR-163/MS";"Decrescente";"Colisão lateral no mesmo sentido";0;0;2;0;0;1;0;0;0;0;2;1;0;0;0
"24/07/2024";"06:49:33";"57";"Com vítima";"388,994";"BR-163/MS";"Crescente";"Atropelamento de animal";0;0;0;1;0;0;0;0;0;0;0;1;1;0;0
"24/07/2024";"17:53:24";"241";"Sem vítima";"428,713";"BR-163/MS";"Decrescente";"Atropelamento de animal";0;0;0;0;1;0;0;0;0;0;1;0;0;0;0
"24/07/2024";"18:24:49";"244";"Com vítima";"549,000";"BR-163/MS";"Crescente";"Colisão transversal";0;0;1;0;0;0;0;0;0;1;1;1;0;0;0
"24/07/2024";"18:34:42";"245";"Sem vítima";"333,000";"BR-163/MS";"Decrescente";"Atropelamento de animal";1;0;0;0;0;0;0;0;0;0;3;0;0;0;0
"25/07/2024";"08:46:33";"95";"Sem vítima";"486,323";"BR-163/MS";"Decrescente";"Colisão traseira";1;0;0;0;0;0;0;0;0;1;3;0;0;0;0
"25/07/2024";"09:57:20";"110";"Sem vítima";"343,214";"BR-163/MS";"Crescente";"Colisão traseira";0;0;0;0;0;0;0;0;0;2;2;0;0;0;0
"25/07/2024";"10:30:49";"117";"Com vítima";"732,570";"BR-163/MS";"Decrescente";"Queda de moto";0;0;0;1;0;0;0;0;0;0;1;1;0;0;0
"25/07/2024";"21:03:31";"274";"Com vítima";"331,240";"BR-163/MS";"Crescente";"Queda de moto";0;0;0;1;0;0;0;0;0;0;0;1;0;1;0
"26/07/2024";"02:16:09";"34";"Sem vítima";"747,964";"BR-163/MS";"Crescente";"Atropelamento de animal";0;0;0;0;0;0;0;0;0;1;1;0;0;0;0
"26/07/2024";"09:30:03";"170";"Com vítima";"475,778";"BR-163/MS";"Decrescente";"Colisão lateral no mesmo sentido";1;0;1;0;0;0;0;0;0;0;2;0;1;0;0
"26/07/2024";"14:32:09";"242";"Com vítima";"716,500";"BR-163/MS";"Crescente";"Choque";1;0;0;0;0;0;0;0;0;0;0;1;0;0;0
"27/07/2024";"09:50:45";"129";"Sem vítima";"485,517";"BR-163/MS";"Crescente";"Engavetamento";3;0;0;1;0;0;0;0;0;1;10;0;0;0;0
"27/07/2024";"11:26:09";"146";"Com vítima";"485,462";"BR-163/MS";"Crescente";"Colisão traseira";1;0;0;1;0;0;0;0;0;0;2;1;0;0;0
"27/07/2024";"13:41:25";"167";"Sem vítima";"418,552";"BR-163/MS";"Decrescente";"Colisão transversal";1;0;0;0;0;0;0;0;0;1;5;0;0;0;0
"27/07/2024";"19:44:58";"250";"Com vítima";"529,000";"BR-163/MS";"Decrescente";"Colisão lateral no mesmo sentido";1;0;0;0;0;0;0;0;0;1;0;4;1;0;0
"28/07/2024";"03:23:41";"29";"Sem vítima";"400,260";"BR-163/MS";"Decrescente";"Atropelamento de animal";1;0;0;0;0;0;0;0;0;0;2;0;0;0;0
"28/07/2024";"10:16:53";"106";"Com vítima";"405,270";"BR-163/MS";"Decrescente";"Tombamento";0;0;1;0;0;0;0;0;0;0;0;1;0;0;0
"28/07/2024";"11:22:04";"118";"Sem vítima";"0,270";"BR-163/MS";"Decrescente";"Tombamento";0;0;1;0;0;1;0;0;0;0;1;0;0;0;0
"28/07/2024";"14:32:01";"146";"Com vítima";"574,932";"BR-163/MS";"Crescente";"Colisão lateral no mesmo sentido";0;0;2;0;0;1;0;0;0;1;1;1;1;1;2
"28/07/2024";"20:13:02";"232";"Sem vítima";"456,218";"BR-163/MS";"Crescente";"Colisão traseira";2;0;0;0;0;0;0;0;0;0;5;0;0;0;0
"29/07/2024";"07:09:20";"148";"Com vítima";"253,834";"BR-163/MS";"Crescente";"Tombamento";0;0;0;0;0;0;0;0;0;1;2;1;0;0;0