data;horario;n_da_ocorrencia;tipo_de_ocorrencia;km;trecho;sentido;tipo_de_acidente;automovel;bicicleta;caminhao;moto;onibus;outros;tracao_animal;transporte_de_cargas_especiais;trator_maquinas;utilitarios;ilesos;levemente_feridos;moderadamente_feridos;gravemente_feridos;mortos
"30/07/2024";"12:50:14";"179";"Sem vítima";"86,730";"BR-163/MS";"Decrescente";"Capotamento";1;0;0;0;0;0;0;0;0;0;1;0;0;0;0
"30/07/2024";"14:20:53";"204";"Com vítima";"253,336";"BR-163/MS";"Crescente";"Tombamento";0;0;0;0;0;0;0;0;0;1;0;2;0;0;0
"30/07/2024";"14:56:12";"214";"Sem vítima";"467,677";"BR-163/MS";"Crescente";"Choque";0;0;0;0;1;0;0;0;0;1;0;0;0;0;0
"30/07/2024";"15:36:49";"220";"Sem vítima";"616,448";"BR-163/MS";"Crescente";"Colisão transversal";0;0;0;1;0;0;0;0;0;1;3;0;0;0;0
"30/07/2024";"20:24:46";"326";"Sem vítima";"191,273";"BR-163/MS";"Crescente";"Atropelamento de animal";1;0;0;0;0;0;0;0;0;0;3;0;0;0;0
"30/07/2024";"23:03:39";"353";"Sem vítima";"486,464";"BR-163/MS";"Crescente";"Atropelamento de animal";1;0;0;0;0;0;0;0;0;0;4;0;0;0;0
"31/07/2024";"00:23:57";"14";"Com vítima";"445,930";"BR-163/MS";"Crescente";"Capotamento";0;0;0;0;0;0;0;0;0;1;0;2;1;0;0
"31/07/2024";"09:46:38";"206";"Com vítima";"680,505";"BR-163/MS";"Crescente";"Colisão transversal";1;0;1;0;0;0;0;0;0;0;1;0;1;0;0
"01/08/2024";"09:05:29";"151";"Sem vítima";"797,990";"BR-163/MS";"Decrescente";"Choque";0;0;2;0;0;1;0;0;0;0;2;0;0;0;0
"01/08/2024";"14:55:39";"243";"Sem vítima";"253,818";"BR-163/MS";"Decrescente";"Tombamento";0;0;0;0;0;0;0;0;0;0;0;0;0;0;0
"01/08/2024";"21:42:30";"348";"Sem vítima";"6,000";"BR-163/MS";"Decrescente";"Acidentes de outra natureza";1;0;0;0;0;0;0;0;0;0;1;0;0;0;0
"01/08/2024";"21:51:02";"353";"Sem vítima";"309,000";"BR-163/MS";"Decrescente";"Choque";1;0;0;0;0;0;0;0;0;0;1;0;0;0;0
"02/08/2024";"05:54:55";"27";"Com vítima";"479,605";"BR-163/MS";"Decrescente";"Queda de moto";0;0;0;1;0;0;0;0;0;0;0;1;0;0;0
"02/08/2024";"14:44:06";"232";"Sem vítima";"60,834";"BR-163/MS";"Crescente";"Colisão traseira";1;0;1;0;0;2;0;0;0;0;3;0;0;0;0
"02/08/2024";"14:54:08";"234";"Com vítima";"233,484";"BR-163/MS";"Decrescente";"Colisão traseira";0;0;2;0;0;0;0;0;0;0;1;0;0;0;1
"02/08/2024";"15:14:20";"239";"Sem vítima";"461,151";"BR-163/MS";"Crescente";"Colisão traseira";0;0;1;0;0;0;0;0;0;1;4;0;0;0;0
"02/08/2024";"17:37:35";"273";"Com vítima";"484,545";"BR-163/MS";"Crescente";"Colisão transversal";1;0;0;1;0;0;0;0;0;0;1;1;0;0;0
"02/08/2024";"18:21:56";"284";"Sem vítima";"144,660";"BR-163/MS";"Crescente";"Colisão traseira";2;0;0;0;0;0;0;0;0;1;7;0;0;0;0
"02/08/2024";"21:18:59";"323";"Com vítima";"491,300";"BR-163/MS";"Crescente";"Colisão traseira";1;0;0;0;0;2;0;0;0;0;0;2;0;1;0
"04/08/2024";"00:20:24";"13";"Sem vítima";"417,265";"BR-163/MS";"Decrescente";"Acidentes de outra natureza";0;0;0;0;0;0;0;0;0;1;1;0;0;0;0
"04/08/2024";"04:27:38";"30";"Sem vítima";"129,130";"BR-163/MS";"Crescente";"Acidentes de outra natureza";1;0;0;0;0;0;0;0;0;0;2;0;0;0;0
"04/08/2024";"10:06:27";"92";"Com vítima";"78,231";"BR-163/MS";"Decrescente";"Acidentes de outra natureza";1;0;0;0;0;0;0;0;0;0;0;1;0;0;0
"04/08/2024";"10:52:24";"118";"Com vítima";"487,447";"BR-163/MS";"Decrescente";"Colisão transversal";1;0;0;1;0;0;0;0;0;0;2;0;2;1;0
"04/08/2024";"16:27:57";"184";"Sem vítima";"466,403";"BR-163/MS";"Crescente";"Choque";1;0;0;0;0;0;0;0;0;0;1;0;0;0;0
"04/08/2024";"18:24:16";"207";"Sem vítima";"327,750";"BR-163/MS";"Crescente";"Acidentes de outra natureza";0;0;0;0;0;0;0;0;0;1;2;0;0;0;0
"04/08/2024";"22:54:56";"330";"Sem vítima";"356,645";"BR-163/MS";"Decrescente";"Atropelamento de animal";1;0;0;0;0;0;0;0;0;0;3;0;0;0;0
"05/08/2024";"04:01:26";"44";"Sem vítima";"614,918";"BR-163/MS";"Crescente";"Acidentes de outra natureza";0;0;1;0;0;0;0;0;0;0;0;0;0;0;0
"05/08/2024";"06:10:24";"63";"Sem vítima";"499,193";"BR-163/MS";"Crescente";"Acidentes de outra natureza";0;0;0;0;0;0;0;0;0;1;0;0;0;0;0
"06/08/2024";"04:48:33";"29";"Sem vítima";"103,969";"BR-163/MS";"Crescente";"Tombamento";0;0;0;0;0;2;0;0;0;0;0;0;0;0;0
"06/08/2024";"05:43:16";"37";"Com vítima";"407,851";"BR-163/MS";"Crescente";"Colisão frontal";1;0;0;0;0;0;0;0;0;1;0;2;0;0;1
"06/08/2024";"06:02:28";"39";"Com vítima";"287,279";"BR-163/MS";"Crescente";"Capotamento";1;0;0;0;0;0;0;0;0;0;0;1;0;0;0
"06/08/2024";"20:29:42";"274";"Com vítima";"253,000";"BR-163/MS";"Crescente";"Colisão traseira";2;0;0;0;0;0;0;0;0;2;0;1;0;0;0
"07/08/2024";"06:14:12";"65";"Com vítima";"620,183";"BR-163/MS";"Decrescente";"Acidentes de outra natureza";1;0;0;1;0;0;0;0;0;0;0;1;0;0;0
"07/08/2024";"07:11:32";"82";"Com vítima";"615,404";"BR-163/MS";"Decrescente";"Colisão transversal";1;0;0;1;0;0;0;0;0;0;1;1;0;0;0
"07/08/2024";"07:16:44";"85";"Com vítima";"680,500";"BR-163/MS";"Crescente";"Colisão transversal";0;0;1;1;0;1;0;0;0;0;1;1;1;0;0
"07/08/2024";"11:37:23";"159";"Sem vítima";"185,500";"BR-163/MS";"Decrescente";"Tombamento";0;0;0;0;0;2;0;0;0;0;0;0;0;0;0
"07/08/2024";"15:44:36";"201";"Com vítima";"555,746";"BR-163/MS";"Decrescente";"Acidentes de outra natureza";0;0;0;0;0;0;0;0;0;1;0;1;0;0;0
"07/08/2024";"21:55:46";"286";"Sem vítima";"526,000";"BR-163/MS";"Decrescente";"Choque";1;0;0;0;0;0;0;0;0;0;1;0;0;0;0
"08/08/2024";"03:01:08";"18";"Com vítima";"31,289";"BR-163/MS";"Decrescente";"Acidentes de outra natureza";0;0;1;0;0;0;0;0;0;0;2;0;1;0;0
"08/08/2024";"15:22:40";"218";"Com vítima";"702,691";"BR-163/MS";"Decrescente";"Acidentes de outra natureza";0;0;1;0;0;0;0;0;0;0;0;1;0;0;0
"08/08/2024";"16:02:16";"228";"Sem vítima";"364,280";"BR-163/MS";"Decrescente";"Colisão traseira";1;0;0;0;1;0;0;0;0;0;4;0;0;0;0
"08/08/2024";"17:16:53";"249";"Com vítima";"400,570";"BR-163/MS";"Decrescente";"Colisão frontal";0;0;0;0;0;2;0;0;0;3;1;2;0;0;0
"09/08/2024";"00:01:30";"1";"Sem vítima";"127,224";"BR-163/MS";"Crescente";"Queda de moto";0;0;0;1;0;0;0;0;0;0;1;0;0;0;0
"09/08/2024";"04:40:23";"33";"Sem vítima";"784,650";"BR-163/MS";"Decrescente";"Tombamento";0;0;0;0;0;3;0;0;0;0;0;0;0;0;0
"09/08/2024";"07:23:09";"64";"Com vítima";"75,561";"BR-163/MS";"Decrescente";"Colisão lateral no mesmo sentido";0;0;1;0;0;1;0;0;0;0;1;1;0;0;0
"09/08/2024";"08:45:24";"84";"Com vítima";"486,790";"BR-163/MS";"Crescente";"Colisão transversal";2;0;0;0;0;0;0;0;0;0;1;1;0;0;0
"09/08/2024";"09:07:02";"88";"Com vítima";"753,664";"BR-163/MS";"Decrescente";"Queda de moto";0;0;0;1;0;0;0;0;0;0;0;1;1;0;0
"09/08/2024";"16:23:29";"169";"Sem vítima";"682,650";"BR-163/MS";"Decrescente";"Colisão traseira";1;0;0;0;0;0;0;0;0;1;4;0;0;0;0
"09/08/2024";"17:06:13";"178";"Com vítima";"75,558";"BR-163/MS";"Crescente";"Choque";0;0;0;1;0;0;0;0;0;0;0;0;1;0;0
"09/08/2024";"17:15:02";"181";"Com vítima";"486,320";"BR-163/MS";"Decrescente";"Colisão transversal";1;0;0;1;0;0;0;0;0;0;1;0;0;1;0
"09/08/2024";"18:06:42";"188";"Sem vítima";"188,332";"BR-163/MS";"Crescente";"Atropelamento de animal";0;0;0;0;0;0;0;0;0;1;2;0;0;0;0
"09/08/2024";"18:40:40";"214";"Com vítima";"528,500";"BR-163/MS";"Crescente";"Tombamento";0;0;0;0;0;0;0;0;0;0;0;0;0;0;0
"09/08/2024";"20:32:20";"245";"Sem vítima";"313,400";"BR-163/MS";"Crescente";"Colisão traseira";0;0;0;0;0;1;0;0;0;0;0;0;0;0;0
"09/08/2024";"21:36:24";"260";"Sem vítima";"188,177";"BR-163/MS";"Crescente";"Atropelamento de animal";1;0;0;0;0;0;0;0;0;0;2;0;0;0;0
"10/08/2024";"01:32:20";"17";"Com vítima";"708,659";"BR-163/MS";"Decrescente";"Capotamento";1;0;0;0;0;0;0;0;0;0;0;1;0;0;0
"10/08/2024";"06:04:14";"39";"Sem vítima";"580,576";"BR-163/MS";"Decrescente";"Acidentes de outra natureza";1;0;0;0;0;0;0;0;0;0;2;0;0;0;0
"10/08/2024";"11:24:25";"86";"Sem vítima";"455,852";"BR-163/MS";"Crescente";"Colisão transversal";1;0;1;0;0;0;0;0;0;0;4;0;0;0;0
"10/08/2024";"12:53:42";"94";"Com vítima";"255,940";"BR-163/MS";"Crescente";"Colisão lateral no mesmo sentido";1;0;0;1;0;0;0;0;0;0;1;2;0;0;0
"10/08/2024";"18:08:05";"144";"Sem vítima";"717,232";"BR-163/MS";"Crescente";"Colisão frontal";0;0;0;0;0;0;0;0;0;2;2;0;0;0;0
"10/08/2024";"19:20:28";"154";"Sem vítima";"593,725";"BR-163/MS";"Crescente";"Atropelamento de animal";1;0;0;0;0;0;0;0;0;0;5;0;0;0;0
"10/08/2024";"23:35:57";"201";"Sem vítima";"490,610";"BR-163/MS";"Crescente";"Colisão traseira";2;0;0;0;0;0;0;0;0;0;2;0;0;0;0
"11/08/2024";"09:42:47";"85";"Sem vítima";"287,970";"BR-163/MS";"Crescente";"Colisão traseira";1;0;0;0;0;1;0;0;0;0;3;0;0;0;0
"11/08/2024";"13:09:44";"111";"Com vítima";"630,642";"BR-163/MS";"Decrescente";"Acidentes de outra natureza";0;0;0;0;0;3;0;0;0;0;0;0;0;0;0
"11/08/2024";"17:09:53";"161";"Com vítima";"117,174";"BR-163/MS";"Decrescente";"Capotamento";0;0;0;0;0;0;0;0;0;1;1;1;0;0;0
"11/08/2024";"20:11:05";"216";"Com vítima";"526,500";"BR-163/MS";"Crescente";"Colisão transversal";1;0;0;0;0;0;0;0;0;1;1;1;0;0;0
"12/08/2024";"04:29:40";"23";"Sem vítima";"442,000";"BR-163/MS";"Decrescente";"Atropelamento de animal";1;0;0;0;0;0;0;0;0;0;4;0;0;0;0
"12/08/2024";"08:25:28";"116";"Sem vítima";"562,501";"BR-163/MS";"Crescente";"Engavetamento";1;0;0;0;1;2;0;0;0;0;2;0;0;0;0
"12/08/2024";"10:24:25";"146";"Com vítima";"88,841";"BR-163/MS";"Decrescente";"Acidentes de outra natureza";0;0;1;0;0;0;0;0;0;0;6;1;0;0;0
"12/08/2024";"11:09:32";"153";"Sem vítima";"16,123";"BR-163/MS";"Crescente";"Choque";0;0;0;0;0;0;0;0;0;2;2;0;0;0;0
"12/08/2024";"18:30:20";"227";"Sem vítima";"492,375";"BR-163/MS";"Crescente";"Colisão traseira";2;0;0;0;0;0;0;0;0;0;6;0;0;0;0
"13/08/2024";"00:10:57";"11";"Com vítima";"679,275";"BR-163/MS";"Decrescente";"Queda de moto";0;0;0;1;0;0;0;0;0;0;0;1;0;0;0
"13/08/2024";"05:47:19";"42";"Sem vítima";"485,709";"BR-163/MS";"Decrescente";"Colisão traseira";0;0;1;0;0;1;0;0;0;0;1;0;0;0;0
"13/08/2024";"06:11:26";"50";"Sem vítima";"546,682";"BR-163/MS";"Decrescente";"Acidentes de outra natureza";1;0;0;0;0;0;0;0;0;0;3;0;0;0;0
"13/08/2024";"06:53:55";"66";"Com vítima";"264,905";"BR-163/MS";"Crescente";"Queda de moto";0;0;0;1;0;0;0;0;0;0;0;1;0;0;0
"13/08/2024";"07:04:03";"69";"Com vítima";"254,753";"BR-163/MS";"Crescente";"Acidentes de outra natureza";0;0;0;0;0;0;0;0;0;1;1;0;0;0;0
"13/08/2024";"09:38:27";"138";"Sem vítima";"530,000";"BR-163/MS";"Crescente";"Colisão traseira";0;0;0;0;0;1;0;0;0;1;1;0;0;0;0
"13/08/2024";"19:54:50";"298";"Sem vítima";"232,860";"BR-163/MS";"Crescente";"Acidentes de outra natureza";0;0;1;0;0;1;0;0;0;0;1;0;0;0;0
"14/08/2024";"06:06:15";"35";"Sem vítima";"254,992";"BR-163/MS";"Crescente";"Choque";0;0;0;0;0;1;0;0;0;1;3;0;0;0;0
"14/08/2024";"10:58:10";"164";"Com vítima";"408,360";"BR-163/MS";"Decrescente";"Tombamento";0;0;0;0;0;0;0;0;0;0;0;0;0;0;0
"14/08/2024";"14:52:59";"202";"Com vítima";"765,475";"BR-163/MS";"Crescente";"Capotamento";0;0;0;0;0;0;0;0;0;1;0;1;0;0;0
"14/08/2024";"16:22:58";"219";"Com vítima";"573,240";"BR-163/MS";"Crescente";"Acidentes de outra natureza";0;0;1;0;0;1;0;0;0;0;0;1;0;0;0
"14/08/2024";"18:25:32";"240";"Com vítima";"17,435";"BR-163/MS";"Crescente";"Acidentes de outra natureza";1;0;0;1;0;0;0;0;0;0;1;1;0;0;0
"14/08/2024";"22:14:26";"304";"Sem vítima";"436,778";"BR-163/MS";"Crescente";"Atropelamento de animal";1;0;0;0;0;0;0;0;0;0;2;0;0;0;0
"15/08/2024";"04:26:49";"25";"Sem vítima";"756,893";"BR-163/MS";"Decrescente";"Choque";1;0;0;0;0;0;0;0;0;0;3;0;0;0;0
"15/08/2024";"08:33:05";"71";"Sem vítima";"341,850";"BR-163/MS";"Crescente";"Colisão traseira";0;0;0;0;0;1;0;0;0;1;1;0;0;0;0
"16/08/2024";"07:13:07";"71";"Sem vítima";"257,254";"BR-163/MS";"Decrescente";"Colisão transversal";0;0;1;0;0;0;0;0;0;1;3;0;0;0;0
"16/08/2024";"12:04:55";"136";"Com vítima";"487,254";"BR-163/MS";"Decrescente";"Queda de moto";0;0;0;1;0;1;0;0;0;0;1;1;0;0;0
"16/08/2024";"13:47:28";"153";"Com vítima";"473,847";"BR-163/MS";"Decrescente";"Choque";0;0;0;1;0;0;0;0;0;0;0;1;0;0;0
"16/08/2024";"17:06:43";"199";"Com vítima";"731,368";"BR-163/MS";"Crescente";"Colisão traseira";0;0;0;1;0;0;0;0;0;1;2;0;1;0;0
"16/08/2024";"19:12:45";"229";"Com vítima";"66,000";"BR-163/MS";"Decrescente";"Colisão traseira";0;0;0;0;0;2;0;0;0;0;0;0;0;0;0
"16/08/2024";"22:36:07";"283";"Sem vítima";"342,000";"BR-163/MS";"Crescente";"Colisão traseira";1;0;1;0;0;0;0;0;0;0;2;0;0;0;0
"17/08/2024";"02:58:43";"24";"Com vítima";"479,965";"BR-163/MS";"Crescente";"Queda de moto";0;0;0;1;0;0;0;0;0;0;1;0;0;0;0
"17/08/2024";"04:20:27";"27";"Sem vítima";"709,279";"BR-163/MS";"Crescente";"Atropelamento de animal";1;0;0;0;0;0;0;0;0;0;2;0;0;0;0
"17/08/2024";"04:59:53";"32";"Com vítima";"192,304";"BR-163/MS";"Crescente";"Colisão lateral no mesmo sentido";1;0;0;0;0;0;0;0;0;1;1;1;0;0;0
"17/08/2024";"15:38:09";"195";"Com vítima";"486,917";"BR-163/MS";"Crescente";"Colisão transversal";1;0;0;1;0;0;0;0;0;0;1;1;0;0;0
"18/08/2024";"08:01:21";"72";"Sem vítima";"249,580";"BR-163/MS";"Crescente";"Acidentes de outra natureza";1;0;0;0;0;0;0;0;0;0;1;0;0;0;0
"18/08/2024";"09:13:47";"93";"Com vítima";"467,535";"BR-163/MS";"Decrescente";"Queda de moto";0;0;0;1;0;0;0;0;0;0;1;1;0;0;0
"18/08/2024";"17:55:12";"215";"Com vítima";"275,453";"BR-163/MS";"Decrescente";"Colisão traseira";1;0;0;1;0;0;0;0;0;0;1;1;0;0;1
"18/08/2024";"19:34:57";"250";"Com vítima";"636,261";"BR-163/MS";"Decrescente";"Colisão traseira";1;0;0;0;0;1;0;0;0;0;4;1;0;0;0
"19/08/2024";"15:05:53";"235";"Com vítima";"615,759";"BR-163/MS";"Crescente";"Colisão transversal";0;0;1;1;0;1;0;0;0;0;1;0;1;0;0
"19/08/2024";"19:16:37";"300";"Sem vítima";"751,712";"BR-163/MS";"Crescente";"Atropelamento de animal";1;0;0;0;0;0;0;0;0;0;2;0;0;0;0
"19/08/2024";"20:18:59";"326";"Sem vítima";"316,100";"BR-163/MS";"Decrescente";"Queda de moto";0;0;0;1;0;0;0;0;0;0;1;0;0;0;0
"20/08/2024";"08:03:23";"116";"Com vítima";"490,535";"BR-163/MS";"Crescente";"Choque";0;0;0;2;0;0;0;0;0;0;0;2;0;0;0
"21/08/2024";"19:44:57";"234";"Sem vítima";"171,000";"BR-163/MS";"Crescente";"Colisão lateral no mesmo sentido";0;0;0;2;0;0;0;0;0;0;2;0;0;0;0
"22/08/2024";"07:10:07";"51";"Com vítima";"480,329";"BR-163/MS";"Crescente";"Colisão lateral no mesmo sentido";0;0;1;1;0;0;0;0;0;0;1;1;0;0;0
"22/08/2024";"10:10:41";"118";"Com vítima";"277,394";"BR-163/MS";"Decrescente";"Colisão traseira";1;0;0;1;0;0;0;0;0;0;1;1;0;0;0
"23/08/2024";"09:08:09";"113";"Com vítima";"115,225";"BR-163/MS";"Decrescente";"Queda de moto";0;0;0;1;0;0;0;0;0;0;0;2;0;0;0
"23/08/2024";"21:05:40";"284";"Sem vítima";"503,151";"BR-163/MS";"Crescente";"Colisão lateral no mesmo sentido";0;0;1;0;0;0;0;0;0;1;2;0;0;0;0
"24/08/2024";"05:17:48";"32";"Sem vítima";"490,635";"BR-163/MS";"Decrescente";"Colisão transversal";0;0;1;0;0;1;0;0;0;0;1;0;0;0;0
"24/08/2024";"09:11:43";"97";"Sem vítima";"248,449";"BR-163/MS";"Crescente";"Acidentes de outra natureza";0;0;1;0;0;0;0;0;0;0;1;0;0;0;0
"24/08/2024";"18:14:41";"178";"Com vítima";"455,000";"BR-163/MS";"Crescente";"Queda de moto";0;0;0;1;0;0;0;0;0;0;0;1;0;0;0
"24/08/2024";"18:21:05";"179";"Com vítima";"476,672";"BR-163/MS";"Decrescente";"Colisão transversal";1;0;0;0;0;3;0;0;0;0;0;0;0;0;1
"25/08/2024";"04:32:35";"30";"Sem vítima";"763,216";"BR-163/MS";"Crescente";"Atropelamento de animal";0;0;0;0;0;0;0;0;0;1;3;0;0;0;0
"25/08/2024";"08:24:11";"53";"Com vítima";"419,860";"BR-163/MS";"Crescente";"Colisão lateral no mesmo sentido";0;0;0;1;0;1;0;0;0;0;0;1;0;0;0
"25/08/2024";"09:51:26";"92";"Sem vítima";"343,174";"BR-163/MS";"Crescente";"Colisão transversal";1;0;1;0;0;0;0;0;0;0;3;0;0;0;0
"25/08/2024";"12:58:09";"113";"Sem vítima";"356,254";"BR-163/MS";"Decrescente";"Acidentes de outra natureza";0;0;1;0;0;0;0;0;0;0;1;0;0;0;0
"25/08/2024";"18:05:03";"155";"Sem vítima";"409,957";"BR-163/MS";"Crescente";"Atropelamento de animal";1;0;0;0;0;0;0;0;0;0;5;0;0;0;0
"25/08/2024";"18:31:03";"161";"Sem vítima";"486,772";"BR-163/MS";"Crescente";"Colisão transversal";1;0;1;0;0;1;0;0;0;0;2;0;0;0;0
"25/08/2024";"19:05:29";"165";"Com vítima";"617,292";"BR-163/MS";"Crescente";"Colisão traseira";0;0;0;0;0;0;0;0;0;2;1;1;0;0;0
"25/08/2024";"20:23:31";"177";"Sem vítima";"503,300";"BR-163/MS";"Decrescente";"Atropelamento de animal";0;0;0;0;0;0;0;0;0;1;1;0;0;0;0
"25/08/2024";"22:01:05";"213";"Sem vítima";"496,559";"BR-163/MS";"Crescente";"Acidentes de outra natureza";1;0;0;0;0;0;0;0;0;0;3;0;0;0;0
"25/08/2024";"22:21:56";"214";"Sem vítima";"239,744";"BR-163/MS";"Crescente";"Atropelamento de animal";1;0;0;0;0;0;0;0;0;0;3;0;0;0;0
"26/08/2024";"13:41:35";"136";"Com vítima";"425,720";"BR-163/MS";"Decrescente";"Colisão traseira";1;0;0;0;0;0;0;0;0;1;1;1;0;0;0
"26/08/2024";"17:29:07";"174";"Sem vítima";"828,809";"BR-163/MS";"Crescente";"Acidentes de outra natureza";1;0;0;0;0;0;0;0;0;0;2;0;0;0;0
"26/08/2024";"19:32:40";"218";"Sem vítima";"577,000";"BR-163/MS";"Decrescente";"Acidentes de outra natureza";0;0;0;0;0;0;0;0;0;1;2;0;0;0;0
"26/08/2024";"21:02:31";"227";"Sem vítima";"459,000";"BR-163/MS";"Decrescente";"Colisão traseira";1;0;0;0;0;1;0;0;0;0;4;0;0;0;0
"26/08/2024";"21:54:10";"234";"Com vítima";"378,898";"BR-163/MS";"Decrescente";"Capotamento";1;0;0;0;0;0;0;0;0;0;2;1;0;0;0
"27/08/2024";"04:45:08";"26";"Sem vítima";"183,715";"BR-163/MS";"Crescente";"Atropelamento de animal";1;0;0;0;0;0;0;0;0;0;1;0;0;0;0
"27/08/2024";"07:04:32";"54";"Sem vítima";"74,372";"BR-163/MS";"Crescente";"Colisão traseira";1;0;1;0;0;0;0;0;0;0;3;0;0;0;0
"27/08/2024";"08:52:10";"89";"Sem vítima";"609,440";"BR-163/MS";"Decrescente";"Tombamento";0;0;0;0;0;2;0;0;0;0;0;0;0;0;0
"27/08/2024";"10:01:41";"107";"Com vítima";"262,500";"BR-163/MS";"Crescente";"Colisão lateral no mesmo sentido";1;0;0;1;0;0;0;0;0;0;1;1;0;0;0
"27/08/2024";"12:12:54";"136";"Com vítima";"465,334";"BR-163/MS";"Crescente";"Tombamento";0;0;1;0;0;1;0;0;0;0;0;0;1;0;0
"27/08/2024";"16:42:10";"188";"Sem vítima";"228,686";"BR-163/MS";"Decrescente";"Colisão traseira";0;0;1;0;0;2;0;0;0;0;1;0;0;0;0
"27/08/2024";"18:09:52";"203";"Com vítima";"37,691";"BR-163/MS";"Crescente";"Engavetamento";1;0;0;0;0;1;0;0;0;1;2;1;2;0;0
"27/08/2024";"22:53:16";"230";"Com vítima";"242,408";"BR-163/MS";"Crescente";"Capotamento";1;0;0;0;0;0;0;0;0;0;0;2;0;0;0
"27/08/2024";"23:34:16";"232";"Sem vítima";"485,778";"BR-163/MS";"Crescente";"Engavetamento";1;0;0;0;0;1;0;0;0;1;2;0;0;0;0
"28/08/2024";"00:02:13";"10";"Sem vítima";"476,380";"BR-163/MS";"Decrescente";"Tombamento";0;0;0;0;0;0;0;0;0;1;1;0;0;0;0
"28/08/2024";"09:25:39";"109";"Sem vítima";"474,744";"BR-163/MS";"Decrescente";"Choque";0;0;1;0;0;0;0;0;0;0;1;0;0;0;0
"28/08/2024";"18:13:18";"209";"Com vítima";"83,500";"BR-163/MS";"Decrescente";"Atropelamento de animal";1;0;0;0;0;0;0;0;0;0;3;1;0;0;0
"28/08/2024";"20:37:12";"227";"Com vítima";"548,579";"BR-163/MS";"Crescente";"Colisão lateral no mesmo sentido";1;0;0;0;0;0;0;0;0;1;5;2;0;0;0
"28/08/2024";"23:25:10";"241";"Com vítima";"9,531";"BR-163/MS";"Decrescente";"Capotamento";1;0;0;0;0;0;0;0;0;0;0;1;0;0;0
"29/08/2024";"10:38:55";"135";"Sem vítima";"100,228";"BR-163/MS";"Crescente";"Colisão traseira";0;0;0;0;0;2;0;0;0;0;0;0;0;0;0
"29/08/2024";"13:30:59";"165";"Sem vítima";"486,698";"BR-163/MS";"Crescente";"Colisão transversal";1;0;0;1;0;0;0;0;0;0;3;0;0;0;0
"29/08/2024";"15:28:58";"184";"Com vítima";"487,676";"BR-163/MS";"Decrescente";"Colisão transversal";1;0;0;0;0;0;0;0;0;0;0;1;0;0;0
"29/08/2024";"17:11:11";"197";"Com vítima";"654,712";"BR-163/MS";"Crescente";"Colisão traseira";0;0;0;0;0;0;0;0;0;2;1;1;0;0;0
"29/08/2024";"18:17:30";"208";"Com vítima";"470,773";"BR-163/MS";"Crescente";"Colisão transversal";0;0;1;1;0;0;0;0;0;0;0;1;0;0;0
"29/08/2024";"21:27:07";"278";"Com vítima";"30,774";"BR-163/MS";"Crescente";"Acidentes de outra natureza";1;0;0;0;0;0;0;0;0;0;0;1;0;0;0
"30/08/2024";"08:39:07";"124";"Sem vítima";"240,203";"BR-163/MS";"Crescente";"Colisão traseira";0;0;0;0;0;0;0;0;0;2;3;0;0;0;0
"30/08/2024";"08:57:52";"127";"Sem vítima";"338,941";"BR-163/MS";"Crescente";"Atropelamento de animal";1;0;0;0;0;0;0;0;0;0;4;0;0;0;0
"30/08/2024";"10:48:44";"152";"Com vítima";"490,783";"BR-163/MS";"Decrescente";"Tombamento";0;0;1;0;0;0;0;0;0;0;0;1;0;0;0
"30/08/2024";"16:13:24";"208";"Sem vítima";"262,109";"BR-163/MS";"Decrescente";"Colisão traseira";1;0;1;0;0;0;0;0;0;0;2;0;0;0;0
"30/08/2024";"18:53:42";"250";"Com vítima";"77,000";"BR-163/MS";"Crescente";"Colisão lateral no mesmo sentido";1;0;0;1;0;0;0;0;0;0;3;2;0;0;0
"30/08/2024";"20:30:45";"266";"Com vítima";"775,313";"BR-163/MS";"Decrescente";"Colisão traseira";0;0;1;0;0;2;0;0;0;0;0;0;1;0;0
"30/08/2024";"22:43:26";"316";"Com vítima";"267,000";"BR-163/MS";"Decrescente";"Queda de moto";0;0;0;1;0;0;0;0;0;0;0;1;0;0;0
"31/08/2024";"03:45:05";"22";"Com vítima";"528,799";"BR-163/MS";"Crescente";"Colisão frontal";1;0;0;0;0;2;0;0;0;0;0;0;0;0;1
"31/08/2024";"03:53:54";"23";"Sem vítima";"363,000";"BR-163/MS";"Crescente";"Atropelamento de animal";1;0;0;0;0;0;0;0;0;0;1;0;0;0;0
"31/08/2024";"08:26:20";"97";"Sem vítima";"8,300";"BR-163/MS";"Crescente";"Queda de moto";0;0;0;1;0;0;0;0;0;0;2;0;0;0;0