data;horario;n_da_ocorrencia;tipo_de_ocorrencia;km;trecho;sentido;tipo_de_acidente;automovel;bicicleta;caminhao;moto;onibus;outros;tracao_animal;transporte_de_cargas_especiais;trator_maquinas;utilitarios;ilesos;levemente_feridos;moderadamente_feridos;gravemente_feridos;mortos
"31/08/2024";"18:23:08";"209";"Sem vítima";"681,374";"BR-163/MS";"Crescente";"Capotamento";1;0;0;0;0;0;0;0;0;0;1;0;0;0;0
"31/08/2024";"23:11:51";"255";"Com vítima";"467,543";"BR-163/MS";"Decrescente";"Colisão traseira";0;0;2;0;0;0;0;0;0;0;0;1;1;0;0
"01/09/2024";"02:33:48";"19";"Sem vítima";"322,500";"BR-163/MS";"Crescente";"Acidentes de outra natureza";1;0;0;0;0;0;0;0;0;0;2;0;0;0;0
"01/09/2024";"05:08:15";"27";"Sem vítima";"595,524";"BR-163/MS";"Decrescente";"Tombamento";0;0;0;0;0;2;0;0;0;0;0;0;0;0;0
"01/09/2024";"08:48:29";"67";"Sem vítima";"253,000";"BR-163/MS";"Crescente";"Capotamento";1;0;0;0;0;0;0;0;0;0;1;0;0;0;0
"01/09/2024";"18:07:05";"154";"Com vítima";"530,728";"BR-163/MS";"Crescente";"Colisão traseira";1;0;0;0;0;0;0;0;0;1;2;2;0;0;0
"02/09/2024";"07:22:50";"98";"Com vítima";"418,406";"BR-163/MS";"Decrescente";"Colisão traseira";1;0;0;0;0;0;0;0;0;1;1;3;0;0;0
"02/09/2024";"21:05:04";"274";"Sem vítima";"437,973";"BR-163/MS";"Crescente";"Atropelamento de animal";1;0;0;0;0;0;0;0;0;0;1;0;0;0;0
"02/09/2024";"21:16:20";"275";"Com vítima";"730,417";"BR-163/MS";"Crescente";"Colisão transversal";0;0;0;2;0;0;0;0;0;0;1;1;0;0;0
"03/09/2024";"08:35:48";"135";"Sem vítima";"250,312";"BR-163/MS";"Decrescente";"Colisão traseira";1;0;0;0;0;1;0;0;0;0;1;0;0;0;0
"03/09/2024";"12:35:13";"175";"Com vítima";"78,536";"BR-163/MS";"Decrescente";"Tombamento";0;0;0;0;0;0;1;0;0;0;0;0;0;0;0
"03/09/2024";"13:39:35";"196";"Sem vítima";"528,525";"BR-163/MS";"Crescente";"Acidentes de outra natureza";1;0;0;0;0;0;0;0;0;0;3;0;0;0;0
"03/09/2024";"17:18:58";"242";"Sem vítima";"486,717";"BR-163/MS";"Crescente";"Colisão transversal";2;0;0;0;0;0;0;0;0;0;2;0;0;0;0
"03/09/2024";"18:16:28";"250";"Com vítima";"23,394";"BR-163/MS";"Crescente";"Colisão transversal";1;0;1;0;0;1;0;0;0;0;2;0;0;2;0
"04/09/2024";"08:17:08";"114";"Com vítima";"676,133";"BR-163/MS";"Crescente";"Colisão traseira";0;0;0;0;0;1;0;0;0;1;1;1;0;0;0
"04/09/2024";"20:04:31";"301";"Sem vítima";"479,184";"BR-163/MS";"Crescente";"Colisão transversal";0;0;1;0;0;0;0;0;0;0;2;0;0;0;0
"05/09/2024";"04:50:03";"37";"Com vítima";"124,964";"BR-163/MS";"Crescente";"Queda de moto";0;0;0;1;0;0;0;0;0;0;0;1;0;0;0
"05/09/2024";"08:50:39";"106";"Sem vítima";"178,456";"BR-163/MS";"Decrescente";"Acidentes de outra natureza";0;0;1;0;0;0;0;0;0;0;1;0;0;0;0
"05/09/2024";"14:44:48";"178";"Com vítima";"731,332";"BR-163/MS";"Crescente";"Colisão traseira";1;0;0;0;0;0;0;0;0;0;0;1;0;0;0
"06/09/2024";"12:21:33";"156";"Sem vítima";"127,000";"BR-163/MS";"Decrescente";"Acidentes de outra natureza";0;0;0;0;0;0;0;0;0;1;1;0;0;0;0
"06/09/2024";"17:03:45";"203";"Com vítima";"192,982";"BR-163/MS";"Decrescente";"Colisão traseira";2;0;0;0;0;0;0;0;0;0;0;2;1;0;1
"06/09/2024";"18:02:04";"214";"Sem vítima";"78,230";"BR-163/MS";"Crescente";"Colisão transversal";1;0;0;1;0;0;0;0;0;0;1;0;0;0;0
"06/09/2024";"22:36:46";"255";"Com vítima";"59,729";"BR-163/MS";"Decrescente";"Colisão transversal";2;0;0;0;0;2;0;0;0;0;1;3;1;0;0
"06/09/2024";"23:20:07";"257";"Sem vítima";"59,729";"BR-163/MS";"Decrescente";"Choque";1;0;0;0;0;0;0;0;0;0;1;0;0;0;0
"07/09/2024";"00:23:27";"13";"Sem vítima";"31,200";"BR-163/MS";"Crescente";"Tombamento";0;0;0;0;0;2;0;0;0;0;0;0;0;0;0
"07/09/2024";"11:14:19";"111";"Com vítima";"486,332";"BR-163/MS";"Decrescente";"Colisão transversal";0;0;0;2;0;0;0;0;0;0;0;3;0;0;0
"07/09/2024";"16:54:50";"154";"Com vítima";"512,250";"BR-163/MS";"Decrescente";"Acidentes de outra natureza";1;0;0;0;0;0;0;0;0;0;0;1;0;0;0
"08/09/2024";"11:25:41";"76";"Sem vítima";"483,170";"BR-163/MS";"Decrescente";"Colisão transversal";1;0;0;0;0;1;0;0;0;0;1;0;0;0;0
"08/09/2024";"11:44:32";"79";"Sem vítima";"495,354";"BR-163/MS";"Decrescente";"Tombamento";0;0;0;0;0;2;0;0;0;0;0;0;0;0;0
"08/09/2024";"12:09:39";"87";"Com vítima";"77,313";"BR-163/MS";"Crescente";"Colisão lateral no mesmo sentido";1;0;0;1;0;0;0;0;0;0;3;1;0;0;0
"08/09/2024";"16:28:26";"132";"Com vítima";"497,477";"BR-163/MS";"Decrescente";"Engavetamento";3;0;0;0;0;0;0;0;0;0;0;12;0;0;0
"08/09/2024";"18:03:34";"158";"Com vítima";"492,609";"BR-163/MS";"Decrescente";"Colisão traseira";0;0;0;1;0;2;0;0;0;0;0;0;0;1;0
"08/09/2024";"18:11:33";"161";"Com vítima";"255,746";"BR-163/MS";"Crescente";"Colisão transversal";0;0;0;1;0;0;0;0;0;1;3;0;0;0;1
"08/09/2024";"19:03:56";"168";"Com vítima";"255,700";"BR-163/MS";"Crescente";"Tombamento";0;0;0;1;0;0;0;0;0;0;0;1;0;0;0
"08/09/2024";"19:17:34";"172";"Sem vítima";"255,650";"BR-163/MS";"Crescente";"Choque";1;0;0;0;0;0;0;0;0;0;2;0;0;0;0
"09/09/2024";"09:01:25";"94";"Com vítima";"411,198";"BR-163/MS";"Crescente";"Engavetamento";0;0;3;0;0;2;0;0;0;0;2;0;1;0;0
"09/09/2024";"18:09:32";"205";"Com vítima";"263,670";"BR-163/MS";"Crescente";"Colisão lateral no mesmo sentido";0;0;1;1;0;0;0;0;0;0;1;1;0;0;0
"09/09/2024";"19:25:28";"244";"Sem vítima";"293,841";"BR-163/MS";"Decrescente";"Atropelamento de animal";1;0;0;0;0;0;0;0;0;0;4;0;0;0;0
"09/09/2024";"19:44:28";"247";"Com vítima";"739,720";"BR-163/MS";"Crescente";"Colisão traseira";1;0;1;0;0;0;0;0;0;0;1;2;0;0;0
"09/09/2024";"20:52:23";"250";"Sem vítima";"256,421";"BR-163/MS";"Crescente";"Atropelamento de animal";0;0;0;0;0;0;0;0;0;1;2;0;0;0;0
"10/09/2024";"09:39:23";"93";"Sem vítima";"697,800";"BR-163/MS";"Decrescente";"Tombamento";0;0;0;0;0;1;0;0;0;0;0;0;0;0;0
"10/09/2024";"20:10:06";"221";"Sem vítima";"495,515";"BR-163/MS";"Crescente";"Acidentes de outra natureza";1;0;0;0;0;0;0;0;0;0;4;0;0;0;0
"11/09/2024";"00:38:17";"16";"Sem vítima";"209,525";"BR-163/MS";"Decrescente";"Acidentes de outra natureza";1;0;0;0;0;0;0;0;0;0;1;0;0;0;0
"11/09/2024";"17:29:06";"257";"Com vítima";"486,305";"BR-163/MS";"Decrescente";"Colisão transversal";0;0;0;1;0;0;0;0;0;1;2;0;1;0;0
"11/09/2024";"17:50:15";"264";"Sem vítima";"264,000";"BR-163/MS";"Decrescente";"Engavetamento";0;0;2;0;1;0;0;0;0;0;3;0;0;0;0
"11/09/2024";"18:19:34";"269";"Sem vítima";"14,000";"BR-163/MS";"Crescente";"Capotamento";0;0;0;0;0;0;0;0;0;1;1;0;0;0;0
"11/09/2024";"22:37:23";"304";"Com vítima";"280,000";"BR-163/MS";"Crescente";"Colisão lateral no mesmo sentido";0;0;0;1;0;0;0;0;0;0;0;1;0;0;0
"12/09/2024";"12:57:37";"155";"Com vítima";"77,125";"BR-163/MS";"Crescente";"Queda de moto";0;0;0;1;0;0;0;0;0;0;0;1;0;0;0
"12/09/2024";"16:53:23";"197";"Sem vítima";"475,888";"BR-163/MS";"Decrescente";"Colisão transversal";0;0;0;0;0;0;0;0;0;2;3;0;0;0;0
"12/09/2024";"18:44:08";"219";"Com vítima";"374,802";"BR-163/MS";"Decrescente";"Acidentes de outra natureza";0;0;0;1;0;0;0;0;0;0;0;1;0;0;0
"12/09/2024";"23:18:04";"256";"Sem vítima";"451,902";"BR-163/MS";"Crescente";"Atropelamento de animal";1;0;0;0;0;0;0;0;0;0;1;0;0;0;0
"13/09/2024";"00:50:36";"15";"Com vítima";"33,722";"BR-163/MS";"Crescente";"Colisão traseira";0;0;0;0;0;4;0;0;0;0;0;0;0;0;0
"13/09/2024";"02:27:40";"22";"Sem vítima";"359,812";"BR-163/MS";"Crescente";"Atropelamento de animal";1;0;0;0;0;0;0;0;0;0;1;0;0;0;0
"13/09/2024";"10:54:25";"137";"Com vítima";"538,247";"BR-163/MS";"Decrescente";"Engavetamento";0;0;0;0;0;0;0;0;0;3;0;7;1;0;0
"13/09/2024";"11:43:05";"141";"Com vítima";"539,948";"BR-163/MS";"Decrescente";"Engavetamento";0;0;1;0;0;4;0;0;0;0;0;1;0;0;0
"13/09/2024";"14:54:32";"179";"Sem vítima";"454,676";"BR-163/MS";"Crescente";"Colisão traseira";1;0;1;0;0;0;0;0;0;0;2;0;0;0;0
"13/09/2024";"15:20:32";"188";"Sem vítima";"376,600";"BR-163/MS";"Decrescente";"Tombamento";0;0;0;0;0;2;0;0;0;0;0;0;0;0;0
"13/09/2024";"15:27:40";"190";"Sem vítima";"270,232";"BR-163/MS";"Decrescente";"Colisão transversal";1;0;0;0;0;0;0;0;0;1;2;0;0;0;0
"13/09/2024";"17:11:50";"212";"Sem vítima";"536,779";"BR-163/MS";"Crescente";"Capotamento";1;0;0;0;0;0;0;0;0;1;3;0;0;0;0
"13/09/2024";"19:06:43";"269";"Sem vítima";"548,365";"BR-163/MS";"Crescente";"Colisão lateral no mesmo sentido";1;0;0;0;0;0;0;0;0;1;4;0;0;0;0
"13/09/2024";"22:03:25";"296";"Com vítima";"837,100";"BR-163/MS";"Decrescente";"Colisão transversal";0;0;0;1;0;0;0;0;0;0;0;0;0;1;0
"14/09/2024";"01:22:40";"13";"Sem vítima";"250,984";"BR-163/MS";"Decrescente";"Queda de moto";0;0;0;1;0;0;0;0;0;0;1;0;0;0;0
"14/09/2024";"09:54:04";"127";"Sem vítima";"626,994";"BR-163/MS";"Decrescente";"Acidentes de outra natureza";1;0;0;0;0;0;0;0;0;0;1;0;0;0;0
"14/09/2024";"10:14:33";"132";"Com vítima";"678,929";"BR-163/MS";"Crescente";"Colisão transversal";1;0;0;1;0;0;0;0;0;0;2;1;1;0;0
"14/09/2024";"15:05:22";"169";"Com vítima";"260,334";"BR-163/MS";"Decrescente";"Colisão lateral no mesmo sentido";1;0;0;1;0;0;0;0;0;0;1;1;0;0;0
"15/09/2024";"05:06:07";"38";"Sem vítima";"260,368";"BR-163/MS";"Decrescente";"Acidentes de outra natureza";1;0;0;0;0;0;0;0;0;0;1;0;0;0;0
"15/09/2024";"08:30:25";"92";"Com vítima";"484,416";"BR-163/MS";"Crescente";"Colisão transversal";1;0;0;0;0;0;0;0;0;1;4;1;0;0;0
"15/09/2024";"11:10:19";"111";"Sem vítima";"649,418";"BR-163/MS";"Decrescente";"Tombamento";0;0;0;0;0;3;0;0;0;0;0;0;0;0;0
"15/09/2024";"12:48:06";"125";"Com vítima";"526,500";"BR-163/MS";"Decrescente";"Tombamento";0;0;1;0;0;1;0;0;0;1;1;1;0;0;0
"15/09/2024";"16:14:00";"155";"Com vítima";"353,850";"BR-163/MS";"Crescente";"Colisão transversal";1;0;0;0;0;0;0;0;0;1;0;2;2;0;2
"15/09/2024";"18:24:54";"177";"Sem vítima";"2,388";"BR-163/MS";"Crescente";"Acidentes de outra natureza";0;0;0;0;0;0;0;0;0;1;2;0;0;0;0
"15/09/2024";"19:06:28";"187";"Sem vítima";"375,273";"BR-163/MS";"Crescente";"Acidentes de outra natureza";1;0;0;0;0;0;0;0;0;0;1;0;0;0;0
"15/09/2024";"19:30:37";"193";"Sem vítima";"315,586";"BR-163/MS";"Decrescente";"Acidentes de outra natureza";1;0;0;0;0;0;0;0;0;0;1;0;0;0;0
"15/09/2024";"22:06:23";"217";"Com vítima";"462,541";"BR-163/MS";"Crescente";"Queda de moto";0;0;0;1;0;0;0;0;0;0;0;0;1;0;0
"16/09/2024";"01:38:39";"20";"Sem vítima";"223,800";"BR-163/MS";"Crescente";"Acidentes de outra natureza";0;0;1;0;0;0;0;0;0;0;2;0;0;0;0
"16/09/2024";"18:34:21";"249";"Sem vítima";"180,331";"BR-163/MS";"Crescente";"Colisão lateral no mesmo sentido";1;0;1;0;0;0;0;0;0;0;3;0;0;0;0
"17/09/2024";"09:35:30";"86";"Sem vítima";"574,515";"BR-163/MS";"Decrescente";"Colisão lateral no mesmo sentido";0;0;1;0;0;2;0;0;0;0;1;0;0;0;0
"17/09/2024";"22:34:22";"258";"Com vítima";"307,578";"BR-163/MS";"Crescente";"Tombamento";0;0;1;0;0;1;0;0;0;0;0;1;0;0;0
"18/09/2024";"05:57:41";"52";"Com vítima";"754,259";"BR-163/MS";"Crescente";"Acidentes de outra natureza";0;0;0;0;0;1;0;0;0;0;0;0;1;0;0
"18/09/2024";"21:47:08";"262";"Sem vítima";"694,178";"BR-163/MS";"Crescente";"Atropelamento de animal";0;0;0;0;0;0;0;0;0;1;1;0;0;0;0
"18/09/2024";"22:29:45";"267";"Com vítima";"486,326";"BR-163/MS";"Crescente";"Colisão traseira";1;0;0;1;0;0;0;0;0;0;2;2;0;0;0
"19/09/2024";"07:29:43";"103";"Sem vítima";"477,670";"BR-163/MS";"Crescente";"Engavetamento";2;0;1;0;0;0;0;0;0;0;5;0;0;0;0
"19/09/2024";"07:30:35";"104";"Sem vítima";"40,378";"BR-163/MS";"Decrescente";"Tombamento";0;0;0;0;0;2;0;0;0;0;0;0;0;0;0
"19/09/2024";"09:11:49";"134";"Com vítima";"462,340";"BR-163/MS";"Crescente";"Queda de moto";0;0;0;1;0;0;0;0;0;0;0;0;0;1;0
"19/09/2024";"15:48:42";"219";"Sem vítima";"466,581";"BR-163/MS";"Crescente";"Colisão transversal";1;0;0;0;0;0;0;0;0;0;1;0;0;0;0
"20/09/2024";"07:26:05";"83";"Sem vítima";"388,189";"BR-163/MS";"Decrescente";"Atropelamento de animal";0;0;0;0;0;0;0;0;0;1;1;0;0;0;0
"20/09/2024";"07:49:14";"88";"Com vítima";"315,434";"BR-163/MS";"Crescente";"Queda de moto";0;0;0;1;0;0;0;0;0;0;0;1;0;0;0
"20/09/2024";"09:45:16";"154";"Sem vítima";"471,417";"BR-163/MS";"Decrescente";"Colisão traseira";1;0;0;0;0;0;0;0;0;1;1;0;0;0;0
"20/09/2024";"16:38:22";"288";"Com vítima";"482,443";"BR-163/MS";"Decrescente";"Colisão traseira";1;0;0;1;0;0;0;0;0;0;0;2;0;0;0
"20/09/2024";"16:58:06";"291";"Sem vítima";"727,000";"BR-163/MS";"Crescente";"Colisão traseira";1;0;0;1;0;0;0;0;0;0;2;0;0;0;0
"20/09/2024";"17:33:00";"299";"Com vítima";"257,508";"BR-163/MS";"Crescente";"Capotamento";3;0;0;0;0;0;0;0;0;0;1;1;0;0;0
"20/09/2024";"21:54:01";"336";"Com vítima";"77,752";"BR-163/MS";"Crescente";"Colisão transversal";0;0;0;1;0;0;0;0;0;1;3;2;0;0;0
"21/09/2024";"05:19:00";"29";"Sem vítima";"302,757";"BR-163/MS";"Decrescente";"Atropelamento de animal";2;0;0;0;0;0;0;0;0;0;3;0;0;0;0
"21/09/2024";"13:42:20";"108";"Sem vítima";"588,576";"BR-163/MS";"Crescente";"Acidentes de outra natureza";1;0;0;0;0;0;0;0;0;0;3;0;0;0;0
"21/09/2024";"15:17:49";"125";"Sem vítima";"100,000";"BR-163/MS";"Decrescente";"Acidentes de outra natureza";0;0;0;0;0;0;0;0;0;1;1;0;0;0;0
"21/09/2024";"18:21:50";"146";"Sem vítima";"485,708";"BR-163/MS";"Crescente";"Colisão lateral no mesmo sentido";2;0;0;0;0;0;0;0;0;0;4;0;0;0;0
"21/09/2024";"20:15:06";"164";"Sem vítima";"751,529";"BR-163/MS";"Crescente";"Colisão traseira";1;0;0;0;0;0;0;0;0;1;5;0;0;0;0
"21/09/2024";"20:38:18";"169";"Sem vítima";"438,840";"BR-163/MS";"Decrescente";"Atropelamento de animal";0;0;0;0;0;0;0;0;0;1;1;0;0;0;0
"21/09/2024";"23:46:23";"209";"Com vítima";"485,729";"BR-163/MS";"Crescente";"Colisão traseira";1;0;0;1;0;0;0;0;0;0;2;0;1;0;0
"22/09/2024";"00:59:59";"30";"Sem vítima";"343,000";"BR-163/MS";"Crescente";"Acidentes de outra natureza";1;0;0;0;0;0;0;0;0;0;1;0;0;0;0
"22/09/2024";"02:39:39";"41";"Sem vítima";"452,737";"BR-163/MS";"Crescente";"Atropelamento de animal";1;0;0;0;0;0;0;0;0;0;1;0;0;0;0
"22/09/2024";"13:48:56";"138";"Sem vítima";"432,111";"BR-163/MS";"Decrescente";"Colisão traseira";0;0;2;0;0;0;0;0;0;0;2;0;0;0;0
"22/09/2024";"16:38:39";"169";"Com vítima";"124,185";"BR-163/MS";"Decrescente";"Colisão traseira";0;0;1;0;0;0;0;0;0;0;0;1;0;0;0
"22/09/2024";"18:57:28";"199";"Com vítima";"492,658";"BR-163/MS";"Decrescente";"Atropelamento de pedestre";1;0;0;0;0;0;0;0;0;1;4;0;0;1;0
"23/09/2024";"06:21:52";"30";"Com vítima";"524,109";"BR-163/MS";"Decrescente";"Capotamento";0;0;0;0;0;1;0;0;0;1;1;1;1;0;0
"23/09/2024";"09:21:21";"89";"Sem vítima";"250,829";"BR-163/MS";"Decrescente";"Colisão traseira";0;0;0;0;0;3;0;0;0;0;0;0;0;0;0
"23/09/2024";"13:08:45";"143";"Sem vítima";"460,186";"BR-163/MS";"Crescente";"Colisão transversal";2;0;0;0;0;0;0;0;0;0;2;0;0;0;0
"23/09/2024";"18:53:34";"222";"Com vítima";"487,668";"BR-163/MS";"Crescente";"Colisão transversal";0;0;0;1;0;0;0;0;0;1;0;1;0;0;0
"23/09/2024";"19:00:21";"223";"Com vítima";"90,000";"BR-163/MS";"Decrescente";"Colisão transversal";1;0;0;0;0;2;0;0;0;0;0;1;1;0;0
"24/09/2024";"07:01:43";"57";"Com vítima";"485,637";"BR-163/MS";"Crescente";"Colisão traseira";0;0;0;1;0;0;0;0;0;1;1;0;2;0;0
"24/09/2024";"07:51:11";"81";"Sem vítima";"218,566";"BR-163/MS";"Decrescente";"Colisão lateral no mesmo sentido";1;0;0;0;0;0;0;0;0;0;1;0;0;0;0
"24/09/2024";"12:04:38";"174";"Sem vítima";"24,600";"BR-163/MS";"Crescente";"Colisão traseira";1;0;0;0;0;0;0;0;0;1;4;0;0;0;0
"24/09/2024";"14:52:52";"209";"Com vítima";"253,835";"BR-163/MS";"Decrescente";"Tombamento";0;0;0;0;0;0;0;0;0;0;0;0;0;0;0
"24/09/2024";"18:04:19";"258";"Com vítima";"485,230";"BR-163/MS";"Crescente";"Colisão traseira";1;0;0;1;0;0;0;0;0;0;1;0;1;0;0
"24/09/2024";"18:47:55";"265";"Sem vítima";"254,460";"BR-163/MS";"Crescente";"Colisão traseira";0;0;1;0;0;3;0;0;0;0;1;0;0;0;0
"25/09/2024";"07:51:31";"88";"Com vítima";"486,505";"BR-163/MS";"Decrescente";"Colisão transversal";1;0;0;1;0;0;0;0;0;0;1;1;0;0;0
"25/09/2024";"17:28:47";"253";"Com vítima";"476,316";"BR-163/MS";"Decrescente";"Colisão traseira";1;0;0;1;0;0;0;0;0;0;2;1;0;0;0
"25/09/2024";"19:55:04";"280";"Sem vítima";"527,210";"BR-163/MS";"Crescente";"Colisão traseira";0;0;2;0;0;3;0;0;0;0;2;0;0;0;0
"26/09/2024";"04:19:30";"37";"Sem vítima";"482,242";"BR-163/MS";"Decrescente";"Atropelamento de animal";0;0;0;0;0;0;0;0;0;1;0;0;0;0;0
"26/09/2024";"15:14:48";"213";"Com vítima";"455,857";"BR-163/MS";"Crescente";"Colisão transversal";1;0;1;0;0;1;0;0;0;0;2;1;0;0;0
"26/09/2024";"15:29:46";"217";"Com vítima";"222,489";"BR-163/MS";"Decrescente";"Colisão traseira";0;0;0;0;0;1;0;0;0;2;1;1;0;0;0
"26/09/2024";"17:19:19";"236";"Sem vítima";"378,307";"BR-163/MS";"Decrescente";"Acidentes de outra natureza";1;0;1;0;0;1;0;0;0;0;3;0;0;0;0
"26/09/2024";"17:53:19";"241";"Sem vítima";"173,437";"BR-163/MS";"Decrescente";"Colisão lateral no mesmo sentido";1;0;0;0;0;1;0;0;0;0;1;0;0;0;0
"26/09/2024";"18:25:57";"270";"Sem vítima";"124,630";"BR-163/MS";"Decrescente";"Atropelamento de animal";0;0;1;0;0;2;0;0;0;0;1;0;0;0;0
"26/09/2024";"20:53:06";"297";"Sem vítima";"451,891";"BR-163/MS";"Crescente";"Atropelamento de animal";0;0;0;0;0;0;0;0;0;1;1;0;0;0;0
"27/09/2024";"08:41:21";"75";"Sem vítima";"466,616";"BR-163/MS";"Crescente";"Colisão transversal";1;0;1;0;0;1;0;0;0;0;3;0;0;0;0
"27/09/2024";"10:16:30";"106";"Sem vítima";"47,207";"BR-163/MS";"Crescente";"Acidentes de outra natureza";1;0;0;0;0;0;0;0;0;0;2;0;0;0;0
"27/09/2024";"14:19:20";"132";"Sem vítima";"676,522";"BR-163/MS";"Decrescente";"Acidentes de outra natureza";0;0;1;0;0;1;0;0;0;1;2;0;0;0;0
"27/09/2024";"21:24:36";"230";"Sem vítima";"313,548";"BR-163/MS";"Crescente";"Atropelamento de animal";0;0;0;0;0;0;0;0;0;1;2;0;0;0;0
"27/09/2024";"22:19:53";"239";"Sem vítima";"179,802";"BR-163/MS";"Decrescente";"Choque";1;0;0;0;0;0;0;0;0;0;3;0;0;0;0
"28/09/2024";"14:20:43";"179";"Sem vítima";"485,230";"BR-163/MS";"Crescente";"Colisão transversal";1;0;1;0;0;0;0;0;0;0;5;0;0;0;0
"28/09/2024";"14:58:09";"187";"Sem vítima";"604,277";"BR-163/MS";"Crescente";"Acidentes de outra natureza";0;0;1;0;0;0;0;0;0;0;0;0;0;0;0
"28/09/2024";"15:54:24";"202";"Sem vítima";"444,144";"BR-163/MS";"Crescente";"Choque";1;0;0;0;0;0;0;0;0;0;3;0;0;0;0
"28/09/2024";"23:30:34";"266";"Sem vítima";"467,855";"BR-163/MS";"Decrescente";"Colisão frontal";0;0;0;1;0;0;0;0;1;0;0;0;0;0;0
"29/09/2024";"17:45:38";"169";"Com vítima";"475,788";"BR-163/MS";"Decrescente";"Colisão transversal";0;0;0;1;0;0;0;0;0;1;1;1;0;0;0
"29/09/2024";"20:06:04";"193";"Com vítima";"250,251";"BR-163/MS";"Crescente";"Capotamento";2;0;0;0;0;0;0;0;0;0;0;3;1;1;0
"30/09/2024";"02:38:52";"16";"Sem vítima";"222,500";"BR-163/MS";"Crescente";"Atropelamento de animal";1;0;0;0;0;0;0;0;0;0;2;0;0;0;0
"30/09/2024";"09:37:20";"116";"Sem vítima";"316,707";"BR-163/MS";"Decrescente";"Colisão traseira";2;0;0;0;0;0;0;0;0;0;6;0;0;0;0
"30/09/2024";"14:39:34";"181";"Com vítima";"45,720";"BR-163/MS";"Crescente";"Tombamento";0;0;1;0;0;1;0;0;0;0;0;1;0;0;0
"30/09/2024";"21:15:55";"275";"Com vítima";"444,000";"BR-163/MS";"Crescente";"Atropelamento de animal";1;0;0;0;0;0;0;0;0;0;0;1;0;0;0
"01/10/2024";"06:43:12";"43";"Com vítima";"481,519";"BR-163/MS";"Crescente";"Choque";0;0;0;1;0;0;0;0;0;0;0;0;1;0;0
"01/10/2024";"08:29:24";"92";"Com vítima";"824,535";"BR-163/MS";"Decrescente";"Tombamento";0;0;1;0;0;1;0;0;0;0;0;0;1;0;0
"01/10/2024";"10:57:48";"130";"Sem vítima";"575,337";"BR-163/MS";"Decrescente";"Acidentes de outra natureza";0;0;1;0;0;0;0;0;0;0;1;0;0;0;0
"01/10/2024";"23:55:45";"272";"Sem vítima";"490,300";"BR-163/MS";"Crescente";"Atropelamento de animal";1;0;0;0;0;0;0;0;0;0;1;0;0;0;0
"02/10/2024";"05:41:00";"37";"Com vítima";"316,490";"BR-163/MS";"Decrescente";"Queda de moto";0;0;0;1;0;0;0;0;0;0;0;1;0;0;0
"03/10/2024";"05:47:47";"31";"Com vítima";"407,173";"BR-163/MS";"Crescente";"Queda de moto";0;0;0;1;0;0;0;0;0;0;0;1;0;0;0
"03/10/2024";"06:35:35";"46";"Sem vítima";"675,366";"BR-163/MS";"Crescente";"Acidentes de outra natureza";0;0;0;0;0;0;0;0;0;1;0;0;0;0;0
"03/10/2024";"08:02:34";"76";"Sem vítima";"256,586";"BR-163/MS";"Crescente";"Acidentes de outra natureza";1;0;0;0;0;0;0;0;0;0;1;0;0;0;0
"03/10/2024";"13:54:25";"185";"Sem vítima";"556,260";"BR-163/MS";"Crescente";"Colisão lateral no mesmo sentido";1;0;1;0;0;0;0;0;0;0;2;0;0;0;0
"03/10/2024";"18:27:37";"262";"Com vítima";"486,721";"BR-163/MS";"Crescente";"Colisão transversal";1;0;0;1;0;0;0;0;0;0;1;2;0;0;0
"03/10/2024";"19:12:12";"269";"Sem vítima";"66,000";"BR-163/MS";"Decrescente";"Choque";1;0;0;0;0;0;0;0;0;0;2;0;0;0;0
"03/10/2024";"23:24:03";"291";"Com vítima";"613,900";"BR-163/MS";"Crescente";"Choque";0;0;0;1;0;0;0;0;0;0;0;1;0;0;0
"04/10/2024";"09:49:39";"116";"Sem vítima";"533,824";"BR-163/MS";"Crescente";"Colisão traseira";0;0;1;0;0;0;0;0;0;1;2;0;0;0;0
"04/10/2024";"19:28:31";"270";"Sem vítima";"664,000";"BR-163/MS";"Decrescente";"Acidentes de outra natureza";1;0;0;0;0;1;0;0;0;0;2;0;0;0;0
"05/10/2024";"10:34:20";"73";"Sem vítima";"260,436";"BR-163/MS";"Decrescente";"Acidentes de outra natureza";0;0;0;0;0;0;0;0;0;1;1;0;0;0;0
"05/10/2024";"14:00:10";"94";"Com vítima";"763,833";"BR-163/MS";"Decrescente";"Acidentes de outra natureza";0;0;0;0;0;0;0;0;0;1;1;1;0;0;0