data;horario;n_da_ocorrencia;tipo_de_ocorrencia;km;trecho;sentido;tipo_de_acidente;automovel;bicicleta;caminhao;moto;onibus;outros;tracao_animal;transporte_de_cargas_especiais;trator_maquinas;utilitarios;ilesos;levemente_feridos;moderadamente_feridos;gravemente_feridos;mortos
"05/10/2024";"16:33:57";"119";"Com vítima";"260,232";"BR-163/MS";"Decrescente";"Colisão traseira";0;0;0;1;0;0;0;0;0;1;2;1;0;0;0
"06/10/2024";"06:49:52";"41";"Com vítima";"243,123";"BR-163/MS";"Crescente";"Acidentes de outra natureza";1;0;0;0;0;0;0;0;0;0;2;1;0;0;0
"06/10/2024";"16:07:41";"157";"Com vítima";"348,900";"BR-163/MS";"Decrescente";"Colisão frontal";1;0;1;0;0;0;0;0;0;0;1;0;0;1;0
"06/10/2024";"17:54:22";"172";"Com vítima";"78,203";"BR-163/MS";"Crescente";"Colisão traseira";1;0;0;1;0;0;0;0;0;0;4;1;0;0;0
"07/10/2024";"00:37:13";"12";"Sem vítima";"549,440";"BR-163/MS";"Decrescente";"Choque";1;0;0;0;0;0;0;0;0;0;1;0;0;0;0
"07/10/2024";"17:53:14";"212";"Sem vítima";"349,341";"BR-163/MS";"Crescente";"Colisão traseira";0;0;0;0;0;1;0;0;0;0;0;0;0;0;0
"07/10/2024";"18:14:41";"215";"Sem vítima";"756,760";"BR-163/MS";"Crescente";"Atropelamento de animal";1;0;0;0;0;0;0;0;0;0;3;0;0;0;0
"07/10/2024";"22:26:47";"257";"Sem vítima";"295,650";"BR-163/MS";"Crescente";"Capotamento";1;0;0;0;0;0;0;0;0;0;4;0;0;0;0
"07/10/2024";"22:33:24";"259";"Sem vítima";"256,520";"BR-163/MS";"Decrescente";"Queda de moto";1;0;0;1;0;0;0;0;0;0;1;0;0;0;0
"08/10/2024";"07:59:57";"101";"Com vítima";"485,494";"BR-163/MS";"Crescente";"Colisão traseira";0;0;2;0;0;1;0;0;0;0;3;0;1;0;0
"08/10/2024";"10:07:53";"139";"Com vítima";"472,482";"BR-163/MS";"Decrescente";"Queda de moto";0;0;0;1;0;0;0;0;0;0;0;1;0;0;0
"08/10/2024";"17:23:14";"232";"Sem vítima";"487,766";"BR-163/MS";"Decrescente";"Colisão traseira";0;0;1;0;0;0;0;0;0;1;3;0;0;0;0
"08/10/2024";"17:40:35";"235";"Sem vítima";"488,102";"BR-163/MS";"Decrescente";"Colisão traseira";1;0;0;0;0;0;0;0;0;1;2;0;0;0;0
"09/10/2024";"12:06:40";"164";"Com vítima";"486,305";"BR-163/MS";"Crescente";"Colisão lateral no mesmo sentido";0;0;1;1;0;0;0;0;0;0;1;0;0;0;1
"09/10/2024";"15:04:33";"190";"Com vítima";"163,550";"BR-163/MS";"Crescente";"Colisão lateral no mesmo sentido";0;0;2;0;0;0;0;0;0;0;0;2;0;0;0
"09/10/2024";"18:38:13";"217";"Sem vítima";"538,000";"BR-163/MS";"Crescente";"Colisão traseira";1;0;1;0;0;0;0;0;0;0;1;0;0;0;0
"10/10/2024";"03:21:45";"22";"Sem vítima";"87,150";"BR-163/MS";"Crescente";"Atropelamento de animal";0;0;0;0;0;0;0;0;0;1;1;0;0;0;0
"10/10/2024";"14:59:22";"157";"Sem vítima";"577,440";"BR-163/MS";"Crescente";"Colisão transversal";1;0;1;0;0;1;0;0;0;0;3;0;0;0;0
"10/10/2024";"15:14:48";"163";"Com vítima";"263,000";"BR-163/MS";"Decrescente";"Colisão traseira";1;0;1;0;0;0;0;0;0;0;1;1;0;0;0
"10/10/2024";"16:09:03";"182";"Sem vítima";"220,778";"BR-163/MS";"Decrescente";"Acidentes de outra natureza";0;0;1;0;0;0;0;0;0;0;1;0;0;0;0
"10/10/2024";"18:23:34";"215";"Sem vítima";"224,380";"BR-163/MS";"Crescente";"Colisão lateral no mesmo sentido";1;0;0;0;0;0;0;0;0;0;2;0;0;0;0
"11/10/2024";"07:30:50";"66";"Com vítima";"126,805";"BR-163/MS";"Crescente";"Acidentes de outra natureza";1;0;0;0;0;0;0;0;0;0;1;1;0;0;0
"11/10/2024";"09:54:17";"103";"Sem vítima";"195,772";"BR-163/MS";"Decrescente";"Acidentes de outra natureza";1;0;0;0;0;0;0;0;0;0;1;0;0;0;0
"11/10/2024";"12:04:51";"123";"Sem vítima";"396,935";"BR-163/MS";"Crescente";"Choque";0;0;0;0;0;0;0;0;0;1;1;0;0;0;0
"11/10/2024";"18:30:56";"197";"Sem vítima";"734,900";"BR-163/MS";"Decrescente";"Acidentes de outra natureza";1;0;0;0;0;0;0;0;0;0;2;0;0;0;0
"11/10/2024";"19:21:01";"204";"Com vítima";"0,267";"BR-163/MS";"Decrescente";"Colisão lateral no mesmo sentido";1;0;1;0;0;1;0;0;0;0;2;1;0;0;0
"11/10/2024";"19:27:55";"205";"Com vítima";"413,904";"BR-163/MS";"Crescente";"Atropelamento de animal";0;0;0;0;0;0;0;0;0;1;1;1;0;0;0
"12/10/2024";"06:22:02";"37";"Sem vítima";"136,460";"BR-163/MS";"Crescente";"Tombamento";0;0;1;0;0;1;0;0;0;0;1;0;0;0;0
"12/10/2024";"13:38:40";"134";"Com vítima";"722,775";"BR-163/MS";"Crescente";"Queda de moto";0;0;0;1;0;0;0;0;0;0;1;1;0;0;0
"12/10/2024";"18:14:52";"198";"Sem vítima";"614,250";"BR-163/MS";"Crescente";"Colisão traseira";2;0;0;0;0;0;0;0;0;0;5;0;0;0;0
"12/10/2024";"18:54:55";"206";"Sem vítima";"585,486";"BR-163/MS";"Crescente";"Atropelamento de animal";1;0;0;0;0;0;0;0;0;0;1;0;0;0;0
"12/10/2024";"22:04:32";"227";"Sem vítima";"410,000";"BR-163/MS";"Decrescente";"Atropelamento de animal";0;0;0;0;0;0;0;0;0;1;0;0;0;0;0
"13/10/2024";"02:37:39";"20";"Sem vítima";"749,310";"BR-163/MS";"Decrescente";"Atropelamento de animal";1;0;0;0;0;0;0;0;0;0;1;0;0;0;0
"13/10/2024";"03:01:32";"22";"Com vítima";"486,713";"BR-163/MS";"Crescente";"Colisão transversal";0;0;1;1;0;0;0;0;0;0;1;0;0;0;1
"13/10/2024";"14:19:57";"159";"Com vítima";"722,464";"BR-163/MS";"Decrescente";"Queda de moto";0;0;0;1;0;0;0;0;0;0;0;1;0;0;0
"13/10/2024";"15:17:23";"184";"Sem vítima";"669,290";"BR-163/MS";"Crescente";"Tombamento";0;0;1;0;0;1;0;0;0;0;1;0;0;0;0
"13/10/2024";"15:35:00";"188";"Com vítima";"533,817";"BR-163/MS";"Decrescente";"Engavetamento";2;0;1;0;0;0;0;0;0;0;0;8;0;0;0
"13/10/2024";"17:44:57";"216";"Com vítima";"308,274";"BR-163/MS";"Decrescente";"Colisão traseira";2;0;0;0;0;0;0;0;0;0;0;10;0;0;0
"13/10/2024";"22:04:25";"264";"Sem vítima";"768,000";"BR-163/MS";"Crescente";"Atropelamento de animal";1;0;0;0;0;0;0;0;0;0;4;0;0;0;0
"14/10/2024";"20:25:44";"239";"Com vítima";"174,000";"BR-163/MS";"Crescente";"Colisão traseira";0;1;0;0;1;0;0;0;0;0;0;17;0;0;0
"15/10/2024";"04:52:51";"21";"Sem vítima";"659,196";"BR-163/MS";"Decrescente";"Acidentes de outra natureza";0;0;0;0;0;0;0;0;0;1;1;0;0;0;0
"15/10/2024";"14:33:38";"144";"Com vítima";"273,482";"BR-163/MS";"Decrescente";"Capotamento";1;0;0;0;0;0;0;0;0;0;0;1;0;0;0
"15/10/2024";"18:24:31";"186";"Sem vítima";"487,764";"BR-163/MS";"Crescente";"Colisão lateral no mesmo sentido";1;0;0;0;0;0;0;0;0;1;2;0;0;0;0
"15/10/2024";"18:46:52";"187";"Com vítima";"643,397";"BR-163/MS";"Decrescente";"Tombamento";0;0;1;0;0;1;0;0;0;0;0;1;0;0;0
"16/10/2024";"11:55:57";"106";"Com vítima";"276,415";"BR-163/MS";"Decrescente";"Tombamento";0;0;1;0;0;0;0;0;0;0;0;1;0;0;0
"16/10/2024";"18:05:49";"181";"Com vítima";"485,564";"BR-163/MS";"Crescente";"Colisão traseira";1;0;0;1;0;0;0;0;0;0;1;1;0;0;0
"16/10/2024";"22:47:30";"222";"Sem vítima";"490,683";"BR-163/MS";"Decrescente";"Acidentes de outra natureza";1;0;0;0;0;0;0;0;0;0;1;0;0;0;0
"16/10/2024";"23:26:27";"223";"Sem vítima";"430,302";"BR-163/MS";"Crescente";"Tombamento";0;0;0;0;0;1;0;0;0;0;0;0;0;0;0
"17/10/2024";"14:24:46";"202";"Sem vítima";"614,909";"BR-163/MS";"Crescente";"Engavetamento";1;0;0;0;0;0;0;0;0;2;5;0;0;0;0
"17/10/2024";"15:32:20";"214";"Com vítima";"494,645";"BR-163/MS";"Decrescente";"Colisão traseira";2;0;0;0;0;0;0;0;0;0;0;1;2;0;0
"17/10/2024";"18:26:29";"262";"Sem vítima";"626,446";"BR-163/MS";"Crescente";"Choque";1;0;0;0;0;0;0;0;0;0;2;0;0;0;0
"17/10/2024";"18:39:51";"267";"Sem vítima";"537,289";"BR-163/MS";"Crescente";"Atropelamento de animal";1;0;0;0;0;0;0;0;0;0;3;0;0;0;0
"17/10/2024";"18:47:37";"268";"Com vítima";"576,700";"BR-163/MS";"Decrescente";"Capotamento";0;0;1;0;0;1;0;0;0;1;1;1;0;0;0
"17/10/2024";"19:38:48";"278";"Com vítima";"64,369";"BR-163/MS";"Crescente";"Capotamento";1;0;0;0;0;0;0;0;0;0;0;1;0;0;0
"18/10/2024";"07:28:56";"74";"Com vítima";"475,788";"BR-163/MS";"Decrescente";"Queda de moto";0;0;0;1;0;0;0;0;0;0;0;0;1;0;0
"18/10/2024";"10:04:31";"118";"Sem vítima";"466,445";"BR-163/MS";"Decrescente";"Colisão lateral no mesmo sentido";0;0;1;0;0;0;0;0;0;1;3;0;0;0;0
"18/10/2024";"20:41:26";"228";"Sem vítima";"741,578";"BR-163/MS";"Crescente";"Atropelamento de animal";1;0;0;0;0;0;0;0;0;0;1;0;0;0;0
"19/10/2024";"08:52:23";"68";"Com vítima";"7,590";"BR-163/MS";"Decrescente";"Choque";1;0;0;0;0;0;0;0;0;1;3;1;0;0;0
"19/10/2024";"10:27:46";"84";"Com vítima";"280,660";"BR-163/MS";"Decrescente";"Queda de moto";0;0;0;1;0;0;0;0;0;0;0;1;0;0;0
"19/10/2024";"12:12:54";"101";"Sem vítima";"660,299";"BR-163/MS";"Crescente";"Choque";0;0;0;0;0;0;0;0;0;1;1;0;0;0;0
"19/10/2024";"23:37:29";"182";"Sem vítima";"440,763";"BR-163/MS";"Crescente";"Colisão traseira";2;0;0;0;0;0;0;0;0;0;5;0;0;0;0
"20/10/2024";"04:36:41";"28";"Sem vítima";"64,355";"BR-163/MS";"Crescente";"Capotamento";0;0;0;0;0;0;0;0;0;1;1;0;0;0;0
"20/10/2024";"18:32:39";"145";"Sem vítima";"799,955";"BR-163/MS";"Crescente";"Acidentes de outra natureza";1;0;0;0;0;0;0;0;0;0;1;0;0;0;0
"20/10/2024";"18:41:10";"146";"Sem vítima";"494,504";"BR-163/MS";"Decrescente";"Atropelamento de animal";1;0;0;0;0;0;0;0;0;0;2;0;0;0;0
"20/10/2024";"19:04:10";"152";"Com vítima";"275,431";"BR-163/MS";"Crescente";"Colisão traseira";1;0;0;0;0;0;0;0;0;1;0;3;0;1;0
"20/10/2024";"19:30:24";"156";"Com vítima";"679,929";"BR-163/MS";"Decrescente";"Queda de moto";0;0;0;1;0;0;0;0;0;0;1;1;0;0;0
"20/10/2024";"21:00:42";"163";"Com vítima";"615,755";"BR-163/MS";"Crescente";"Colisão frontal";0;0;1;1;0;0;0;0;0;0;1;0;0;0;1
"21/10/2024";"03:12:38";"24";"Com vítima";"405,606";"BR-163/MS";"Decrescente";"Colisão lateral no mesmo sentido";1;0;1;0;0;0;0;0;0;0;1;1;0;0;0
"21/10/2024";"08:45:06";"80";"Com vítima";"475,110";"BR-163/MS";"Decrescente";"Colisão transversal";0;0;0;1;0;2;0;0;0;0;0;0;1;0;0
"21/10/2024";"11:49:10";"121";"Com vítima";"10,375";"BR-163/MS";"Decrescente";"Choque";2;0;0;0;0;0;0;0;0;0;3;1;0;0;0
"21/10/2024";"16:45:51";"193";"Sem vítima";"51,770";"BR-163/MS";"Crescente";"Choque";1;0;0;0;0;0;0;0;0;0;1;0;0;0;0
"21/10/2024";"20:27:54";"225";"Sem vítima";"305,389";"BR-163/MS";"Crescente";"Atropelamento de animal";0;0;1;0;0;0;0;0;0;0;1;0;0;0;0
"21/10/2024";"21:36:20";"232";"Sem vítima";"139,500";"BR-163/MS";"Crescente";"Atropelamento de animal";0;0;0;0;0;0;0;0;0;1;2;0;0;0;0
"22/10/2024";"04:45:05";"39";"Sem vítima";"530,571";"BR-163/MS";"Crescente";"Atropelamento de animal";1;0;0;0;0;0;0;0;0;0;2;0;0;0;0
"22/10/2024";"09:17:01";"143";"Sem vítima";"420,942";"BR-163/MS";"Crescente";"Colisão lateral no mesmo sentido";1;0;0;0;0;0;0;0;0;1;5;0;0;0;0
"22/10/2024";"19:35:10";"271";"Sem vítima";"126,000";"BR-163/MS";"Decrescente";"Atropelamento de animal";0;0;0;0;0;0;0;0;0;1;2;0;0;0;0
"22/10/2024";"20:56:39";"281";"Com vítima";"491,272";"BR-163/MS";"Crescente";"Queda de moto";0;0;0;1;0;0;0;0;0;0;0;0;1;0;0
"23/10/2024";"06:38:10";"63";"Sem vítima";"575,368";"BR-163/MS";"Decrescente";"Colisão transversal";0;0;1;0;0;1;0;0;0;0;1;0;0;0;0
"23/10/2024";"10:28:21";"149";"Com vítima";"464,691";"BR-163/MS";"Crescente";"Queda de moto";0;0;0;1;0;0;0;0;0;0;0;0;1;0;0
"23/10/2024";"14:54:03";"213";"Com vítima";"566,864";"BR-163/MS";"Crescente";"Engavetamento";1;0;0;0;0;0;0;0;0;2;6;1;0;0;0
"23/10/2024";"18:36:02";"263";"Sem vítima";"513,000";"BR-163/MS";"Decrescente";"Acidentes de outra natureza";1;0;0;0;0;0;0;0;0;0;2;0;0;0;0
"24/10/2024";"18:32:44";"232";"Sem vítima";"396,600";"BR-163/MS";"Crescente";"Acidentes de outra natureza";0;0;1;0;0;0;0;0;0;0;1;0;0;0;0
"24/10/2024";"19:33:35";"244";"Sem vítima";"459,492";"BR-163/MS";"Crescente";"Choque";1;0;0;0;0;0;0;0;0;0;1;0;0;0;0
"25/10/2024";"06:22:19";"43";"Sem vítima";"674,980";"BR-163/MS";"Crescente";"Acidentes de outra natureza";0;0;2;0;0;0;0;0;0;0;2;0;0;0;0
"25/10/2024";"11:10:53";"132";"Sem vítima";"149,000";"BR-163/MS";"Decrescente";"Capotamento";1;0;0;0;0;1;0;0;0;0;1;0;0;0;0
"25/10/2024";"17:01:16";"196";"Sem vítima";"485,630";"BR-163/MS";"Crescente";"Colisão traseira";0;0;2;0;0;0;0;0;0;0;2;0;0;0;0
"25/10/2024";"19:37:13";"236";"Sem vítima";"36,500";"BR-163/MS";"Decrescente";"Atropelamento de animal";1;0;0;0;0;0;0;0;0;0;3;0;0;0;0
"26/10/2024";"01:40:42";"20";"Sem vítima";"483,744";"BR-163/MS";"Decrescente";"Capotamento";1;0;0;0;0;0;0;0;0;0;1;0;0;0;0
"26/10/2024";"01:56:05";"21";"Sem vítima";"617,307";"BR-163/MS";"Crescente";"Acidentes de outra natureza";0;0;0;0;0;1;0;0;0;0;1;0;0;0;0
"26/10/2024";"04:24:59";"35";"Sem vítima";"490,279";"BR-163/MS";"Crescente";"Choque";1;0;0;0;0;0;0;0;0;0;0;0;0;0;0
"26/10/2024";"05:11:13";"41";"Sem vítima";"361,310";"BR-163/MS";"Decrescente";"Atropelamento de animal";1;0;0;0;0;0;0;0;0;0;1;0;0;0;0
"26/10/2024";"05:24:57";"42";"Sem vítima";"480,834";"BR-163/MS";"Decrescente";"Colisão frontal";1;0;1;0;0;0;0;0;0;0;2;0;0;0;0
"26/10/2024";"09:08:15";"114";"Com vítima";"703,842";"BR-163/MS";"Crescente";"Tombamento";0;0;0;1;0;0;0;0;0;0;1;1;0;0;0
"26/10/2024";"14:39:24";"194";"Com vítima";"257,508";"BR-163/MS";"Crescente";"Choque";1;0;1;0;0;0;0;0;0;0;1;1;0;0;0
"26/10/2024";"15:15:15";"202";"Com vítima";"286,272";"BR-163/MS";"Decrescente";"Colisão traseira";2;0;0;0;0;0;0;0;0;0;0;3;0;0;0
"27/10/2024";"18:04:03";"171";"Com vítima";"185,957";"BR-163/MS";"Decrescente";"Tombamento";0;0;0;0;0;2;0;0;0;0;0;0;0;0;0
"27/10/2024";"21:50:08";"195";"Com vítima";"486,000";"BR-163/MS";"Crescente";"Atropelamento de pedestre";0;0;1;0;0;0;0;0;0;0;0;0;0;1;0
"28/10/2024";"05:03:19";"31";"Com vítima";"613,270";"BR-163/MS";"Crescente";"Colisão transversal";2;0;0;0;0;0;0;0;0;0;0;2;0;0;0
"28/10/2024";"09:46:22";"118";"Sem vítima";"475,470";"BR-163/MS";"Crescente";"Colisão traseira";0;0;2;0;0;0;0;0;0;1;2;0;0;0;0
"28/10/2024";"10:18:16";"125";"Sem vítima";"475,767";"BR-163/MS";"Decrescente";"Engavetamento";1;0;1;0;0;1;0;0;0;1;3;0;0;0;0
"28/10/2024";"17:15:40";"200";"Sem vítima";"494,608";"BR-163/MS";"Decrescente";"Colisão traseira";1;0;0;0;0;0;0;0;0;1;3;0;0;0;0
"29/10/2024";"15:25:45";"150";"Sem vítima";"742,500";"BR-163/MS";"Crescente";"Colisão lateral no mesmo sentido";1;0;0;0;0;2;0;0;0;0;1;0;0;0;0
"29/10/2024";"16:06:32";"153";"Sem vítima";"7,150";"BR-163/MS";"Crescente";"Acidentes de outra natureza";1;0;0;0;0;0;0;0;0;0;1;0;0;0;0
"29/10/2024";"16:40:03";"161";"Sem vítima";"475,451";"BR-163/MS";"Crescente";"Tombamento";0;0;1;0;0;0;0;0;0;0;1;0;0;0;0
"30/10/2024";"06:35:04";"52";"Sem vítima";"534,794";"BR-163/MS";"Crescente";"Colisão lateral no mesmo sentido";1;0;0;0;0;0;0;0;0;0;1;0;0;0;0
"30/10/2024";"11:15:16";"137";"Sem vítima";"217,000";"BR-163/MS";"Crescente";"Colisão traseira";0;0;2;0;0;0;0;0;0;0;3;0;0;0;0
"30/10/2024";"14:37:29";"173";"Sem vítima";"815,164";"BR-163/MS";"Crescente";"Colisão lateral no mesmo sentido";0;0;0;0;1;0;0;0;0;1;14;0;0;0;0
"30/10/2024";"16:55:48";"198";"Sem vítima";"810,680";"BR-163/MS";"Decrescente";"Colisão traseira";0;0;2;0;0;2;0;0;0;0;3;0;0;0;0
"30/10/2024";"18:47:51";"219";"Com vítima";"265,775";"BR-163/MS";"Decrescente";"Colisão lateral no mesmo sentido";0;0;0;1;0;0;0;0;0;1;1;1;0;0;0
"30/10/2024";"22:24:04";"242";"Sem vítima";"504,587";"BR-163/MS";"Decrescente";"Atropelamento de animal";0;0;0;0;0;0;0;0;0;1;1;0;0;0;0
"31/10/2024";"05:12:51";"30";"Sem vítima";"380,457";"BR-163/MS";"Crescente";"Atropelamento de animal";1;0;0;0;0;0;0;0;0;0;4;0;0;0;0
"31/10/2024";"06:49:39";"52";"Com vítima";"279,481";"BR-163/MS";"Crescente";"Queda de moto";0;0;0;1;0;0;0;0;0;0;0;1;0;0;0
"31/10/2024";"11:47:48";"147";"Com vítima";"583,394";"BR-163/MS";"Crescente";"Capotamento";0;0;1;0;0;1;0;0;0;0;0;0;1;0;0
"31/10/2024";"11:48:01";"148";"Com vítima";"483,170";"BR-163/MS";"Crescente";"Colisão lateral no mesmo sentido";0;0;0;0;0;0;0;0;0;2;2;1;0;0;0
"31/10/2024";"11:54:15";"152";"Sem vítima";"485,630";"BR-163/MS";"Crescente";"Engavetamento";3;0;0;0;0;0;0;0;0;0;0;0;0;0;0
"31/10/2024";"13:02:32";"163";"Sem vítima";"482,547";"BR-163/MS";"Crescente";"Colisão transversal";0;0;0;2;0;0;0;0;0;0;1;0;0;0;0
"31/10/2024";"14:31:29";"188";"Sem vítima";"103,206";"BR-163/MS";"Decrescente";"Colisão traseira";0;0;0;0;0;0;0;0;0;2;3;0;0;0;0
"31/10/2024";"14:51:54";"195";"Sem vítima";"506,176";"BR-163/MS";"Decrescente";"Acidentes de outra natureza";1;0;0;0;0;0;0;0;0;0;1;0;0;0;0
"31/10/2024";"18:44:39";"252";"Sem vítima";"115,743";"BR-163/MS";"Decrescente";"Atropelamento de animal";0;0;0;0;0;1;0;0;0;0;0;0;0;0;0
"31/10/2024";"19:37:37";"270";"Sem vítima";"524,000";"BR-163/MS";"Decrescente";"Acidentes de outra natureza";0;0;1;0;0;0;0;0;0;0;1;0;0;0;0
"01/11/2024";"11:11:03";"140";"Sem vítima";"192,325";"BR-163/MS";"Decrescente";"Capotamento";1;0;0;0;0;0;0;0;0;0;1;0;0;0;0
"01/11/2024";"13:40:13";"168";"Sem vítima";"466,322";"BR-163/MS";"Decrescente";"Colisão traseira";1;0;1;0;0;0;0;0;0;0;1;0;0;0;0
"01/11/2024";"17:59:02";"217";"Sem vítima";"420,439";"BR-163/MS";"Decrescente";"Colisão transversal";1;0;1;0;0;1;0;0;0;0;4;0;0;0;0
"01/11/2024";"23:22:20";"259";"Com vítima";"77,481";"BR-163/MS";"Decrescente";"Colisão traseira";2;0;1;0;0;0;0;0;0;0;0;1;0;0;0
"02/11/2024";"10:26:38";"88";"Sem vítima";"783,476";"BR-163/MS";"Decrescente";"Capotamento";0;0;0;0;0;0;0;0;0;1;1;0;0;0;0
"02/11/2024";"16:04:53";"134";"Sem vítima";"101,697";"BR-163/MS";"Decrescente";"Acidentes de outra natureza";1;0;0;0;0;0;0;0;0;0;4;0;0;0;0
"03/11/2024";"14:20:36";"98";"Com vítima";"649,353";"BR-163/MS";"Decrescente";"Colisão frontal";1;0;0;0;0;3;0;0;0;0;0;0;0;0;1
"03/11/2024";"18:14:00";"116";"Sem vítima";"391,187";"BR-163/MS";"Decrescente";"Choque";1;0;0;0;0;0;0;0;0;0;4;0;0;0;0
"03/11/2024";"18:15:48";"117";"Com vítima";"259,769";"BR-163/MS";"Decrescente";"Colisão lateral no mesmo sentido";0;0;0;2;0;0;0;0;0;0;1;2;0;0;0
"03/11/2024";"20:01:36";"133";"Com vítima";"680,775";"BR-163/MS";"Crescente";"Colisão transversal";1;0;0;0;0;1;0;0;0;0;0;1;0;0;0
"03/11/2024";"23:43:57";"155";"Sem vítima";"734,891";"BR-163/MS";"Decrescente";"Choque";1;0;0;0;0;0;0;0;0;0;2;0;0;0;0
"04/11/2024";"13:02:51";"159";"Sem vítima";"615,742";"BR-163/MS";"Decrescente";"Colisão frontal";0;0;0;1;0;0;0;0;0;1;1;0;0;0;0
"04/11/2024";"14:32:24";"177";"Sem vítima";"286,450";"BR-163/MS";"Crescente";"Colisão lateral no mesmo sentido";0;0;2;0;0;1;0;0;0;0;2;0;0;0;0
"04/11/2024";"14:33:43";"178";"Sem vítima";"432,185";"BR-163/MS";"Decrescente";"Choque";1;0;0;0;0;0;0;0;0;0;4;0;0;0;0
"04/11/2024";"21:44:15";"242";"Com vítima";"547,874";"BR-163/MS";"Decrescente";"Choque";0;0;0;0;0;0;0;0;0;1;0;0;1;0;0
"05/11/2024";"00:04:41";"11";"Sem vítima";"303,910";"BR-163/MS";"Crescente";"Atropelamento de animal";1;0;0;0;0;0;0;0;0;0;1;0;0;0;0
"05/11/2024";"00:28:08";"12";"Sem vítima";"177,412";"BR-163/MS";"Crescente";"Atropelamento de animal";1;0;0;0;0;0;0;0;0;0;5;0;0;0;0
"05/11/2024";"02:21:08";"17";"Sem vítima";"839,359";"BR-163/MS";"Decrescente";"Capotamento";1;0;0;0;0;0;0;0;0;0;1;0;0;0;0
"05/11/2024";"14:49:30";"188";"Sem vítima";"630,500";"BR-163/MS";"Crescente";"Acidentes de outra natureza";0;0;0;0;0;0;0;0;0;1;1;0;0;0;0
"05/11/2024";"15:02:07";"195";"Sem vítima";"142,617";"BR-163/MS";"Decrescente";"Colisão lateral no mesmo sentido";1;0;0;0;0;0;0;0;0;1;3;0;0;0;0
"05/11/2024";"18:12:38";"228";"Com vítima";"730,535";"BR-163/MS";"Crescente";"Colisão transversal";1;0;0;1;0;0;0;0;0;0;1;1;0;0;0
"06/11/2024";"06:40:58";"92";"Com vítima";"767,725";"BR-163/MS";"Decrescente";"Colisão lateral no mesmo sentido";0;0;1;0;0;0;0;0;0;1;2;1;2;0;0
"06/11/2024";"12:58:44";"212";"Sem vítima";"508,226";"BR-163/MS";"Decrescente";"Tombamento";0;0;0;0;0;0;0;0;0;1;1;0;0;0;0
"06/11/2024";"14:20:41";"226";"Com vítima";"475,464";"BR-163/MS";"Crescente";"Tombamento";0;0;1;0;0;0;0;0;1;0;1;0;0;0;0
"06/11/2024";"18:58:24";"280";"Sem vítima";"225,561";"BR-163/MS";"Crescente";"Acidentes de outra natureza";0;0;1;0;0;0;0;0;0;0;1;0;0;0;0
"07/11/2024";"03:51:01";"22";"Sem vítima";"379,951";"BR-163/MS";"Crescente";"Atropelamento de animal";1;0;0;0;0;0;0;0;0;0;1;0;0;0;0
"07/11/2024";"06:18:12";"48";"Sem vítima";"703,501";"BR-163/MS";"Crescente";"Colisão traseira";0;0;1;0;0;1;0;0;0;0;1;0;0;0;0
"07/11/2024";"11:58:37";"140";"Sem vítima";"575,152";"BR-163/MS";"Crescente";"Colisão transversal";1;0;0;0;0;0;0;0;0;1;3;0;0;0;0
"07/11/2024";"18:23:24";"254";"Sem vítima";"813,206";"BR-163/MS";"Crescente";"Acidentes de outra natureza";0;0;1;0;0;0;0;0;0;0;1;0;0;0;0
"08/11/2024";"03:20:11";"24";"Sem vítima";"192,219";"BR-163/MS";"Decrescente";"Tombamento";0;0;0;0;0;0;0;0;0;0;0;0;0;0;0
"08/11/2024";"14:57:43";"159";"Com vítima";"592,885";"BR-163/MS";"Crescente";"Capotamento";0;0;0;0;0;0;0;0;0;1;0;1;0;0;0
"08/11/2024";"18:34:34";"219";"Sem vítima";"220,000";"BR-163/MS";"Crescente";"Atropelamento de animal";0;0;0;0;0;0;0;0;0;1;1;0;0;0;0
"08/11/2024";"19:08:36";"259";"Com vítima";"462,497";"BR-163/MS";"Crescente";"Colisão lateral no mesmo sentido";1;0;0;0;0;2;0;0;0;0;0;0;1;0;0
"08/11/2024";"19:30:25";"261";"Com vítima";"602,522";"BR-163/MS";"Crescente";"Colisão traseira";0;0;2;0;0;0;0;0;0;0;1;0;1;0;0
"09/11/2024";"02:32:41";"25";"Sem vítima";"484,398";"BR-163/MS";"Crescente";"Colisão transversal";2;0;0;0;0;0;0;0;0;0;7;0;0;0;0
"09/11/2024";"04:48:34";"37";"Sem vítima";"76,500";"BR-163/MS";"Decrescente";"Colisão traseira";0;0;2;0;0;2;0;0;0;0;2;0;0;0;0