data;horario;n_da_ocorrencia;tipo_de_ocorrencia;km;trecho;sentido;tipo_de_acidente;automovel;bicicleta;caminhao;moto;onibus;outros;tracao_animal;transporte_de_cargas_especiais;trator_maquinas;utilitarios;ilesos;levemente_feridos;moderadamente_feridos;gravemente_feridos;mortos
"09/11/2024";"07:52:01";"71";"Sem vítima";"0,288";"BR-163/MS";"Decrescente";"Engavetamento";3;0;0;0;0;0;0;0;0;0;5;0;0;0;0
"09/11/2024";"08:17:58";"89";"Com vítima";"6,000";"BR-163/MS";"Decrescente";"Colisão traseira";1;0;0;1;0;0;0;0;0;0;4;1;1;0;0
"09/11/2024";"12:28:40";"164";"Com vítima";"474,814";"BR-163/MS";"Decrescente";"Choque";0;0;1;1;0;0;0;0;0;0;1;0;0;0;1
"09/11/2024";"15:21:55";"204";"Sem vítima";"485,547";"BR-163/MS";"Decrescente";"Colisão traseira";1;0;1;0;0;0;0;0;0;0;3;0;0;0;0
"09/11/2024";"15:23:55";"205";"Com vítima";"114,764";"BR-163/MS";"Decrescente";"Colisão lateral no mesmo sentido";1;0;1;0;0;0;0;0;0;0;0;4;0;0;0
"09/11/2024";"16:05:33";"213";"Sem vítima";"6,951";"BR-163/MS";"Decrescente";"Colisão traseira";2;0;0;0;0;0;0;0;0;0;4;0;0;0;0
"09/11/2024";"17:14:50";"227";"Sem vítima";"481,666";"BR-163/MS";"Crescente";"Colisão lateral no mesmo sentido";0;0;0;0;1;2;0;0;0;0;1;0;0;0;0
"09/11/2024";"18:35:34";"248";"Com vítima";"842,405";"BR-163/MS";"Decrescente";"Colisão frontal";1;0;2;0;0;2;0;0;0;0;2;2;0;0;0
"09/11/2024";"19:18:56";"259";"Sem vítima";"743,243";"BR-163/MS";"Decrescente";"Atropelamento de animal";1;0;0;0;0;0;0;0;0;0;1;0;0;0;0
"09/11/2024";"23:46:46";"283";"Com vítima";"76,844";"BR-163/MS";"Crescente";"Choque";1;0;0;0;0;0;0;0;0;0;0;1;0;0;0
"10/11/2024";"05:07:44";"26";"Sem vítima";"267,996";"BR-163/MS";"Crescente";"Acidentes de outra natureza";1;0;0;0;0;0;0;0;0;0;1;0;0;0;0
"10/11/2024";"06:02:21";"34";"Sem vítima";"325,000";"BR-163/MS";"Crescente";"Queda de moto";0;0;0;1;0;0;0;0;0;0;1;0;0;0;0
"10/11/2024";"07:08:27";"48";"Sem vítima";"591,968";"BR-163/MS";"Decrescente";"Acidentes de outra natureza";1;0;0;0;0;0;0;0;0;0;1;0;0;0;0
"10/11/2024";"09:37:23";"88";"Sem vítima";"615,342";"BR-163/MS";"Crescente";"Colisão transversal";1;0;1;0;0;1;0;0;0;0;2;0;0;0;0
"11/11/2024";"03:53:58";"24";"Sem vítima";"321,463";"BR-163/MS";"Crescente";"Atropelamento de animal";1;0;0;0;0;0;0;0;0;0;1;0;0;0;0
"11/11/2024";"09:47:19";"149";"Com vítima";"322,000";"BR-163/MS";"Crescente";"Colisão traseira";1;0;0;1;0;0;0;0;0;0;1;1;0;0;0
"11/11/2024";"11:59:09";"187";"Sem vítima";"5,800";"BR-163/MS";"Crescente";"Colisão traseira";1;0;0;0;0;0;0;0;0;1;3;0;0;0;0
"12/11/2024";"15:35:38";"145";"Sem vítima";"534,757";"BR-163/MS";"Decrescente";"Colisão lateral no mesmo sentido";0;0;1;0;0;0;0;0;0;1;2;0;0;0;0
"12/11/2024";"16:52:57";"155";"Sem vítima";"216,748";"BR-163/MS";"Decrescente";"Engavetamento";1;0;1;0;0;0;0;0;0;1;4;0;0;0;0
"12/11/2024";"19:03:02";"186";"Sem vítima";"244,968";"BR-163/MS";"Crescente";"Colisão traseira";1;0;0;0;0;0;0;0;0;1;3;0;0;0;0
"13/11/2024";"02:18:59";"20";"Sem vítima";"427,135";"BR-163/MS";"Crescente";"Atropelamento de animal";1;0;0;0;0;0;0;0;0;0;2;0;0;0;0
"13/11/2024";"07:13:54";"57";"Com vítima";"727,421";"BR-163/MS";"Crescente";"Colisão transversal";1;0;0;1;0;0;0;0;0;0;1;1;0;0;0
"13/11/2024";"13:49:17";"152";"Sem vítima";"703,501";"BR-163/MS";"Decrescente";"Colisão traseira";0;0;2;0;0;1;0;0;0;0;3;0;0;0;0
"13/11/2024";"14:33:21";"163";"Sem vítima";"703,621";"BR-163/MS";"Crescente";"Acidentes de outra natureza";0;0;1;0;0;1;0;0;0;0;1;0;0;0;0
"13/11/2024";"15:48:09";"180";"Sem vítima";"341,714";"BR-163/MS";"Crescente";"Colisão traseira";1;0;1;0;0;0;0;0;0;0;2;0;0;0;0
"13/11/2024";"21:05:29";"244";"Sem vítima";"562,712";"BR-163/MS";"Decrescente";"Acidentes de outra natureza";0;0;2;0;0;1;0;0;0;0;2;0;0;0;0
"13/11/2024";"23:16:52";"255";"Com vítima";"392,884";"BR-163/MS";"Decrescente";"Tombamento";0;0;1;0;0;0;0;0;0;0;0;1;0;0;0
"14/11/2024";"07:09:40";"62";"Com vítima";"486,898";"BR-163/MS";"Crescente";"Colisão traseira";0;0;0;1;0;0;0;0;0;1;1;1;0;0;0
"14/11/2024";"13:14:28";"153";"Sem vítima";"254,745";"BR-163/MS";"Crescente";"Colisão traseira";0;0;1;0;0;0;0;0;0;1;2;0;0;0;0
"14/11/2024";"17:34:35";"222";"Sem vítima";"490,788";"BR-163/MS";"Decrescente";"Colisão traseira";2;0;0;0;0;0;0;0;0;0;3;0;0;0;0
"14/11/2024";"21:20:16";"266";"Sem vítima";"385,000";"BR-163/MS";"Crescente";"Atropelamento de animal";0;0;0;0;0;0;0;0;0;1;1;0;0;0;0
"14/11/2024";"21:49:50";"271";"Sem vítima";"152,000";"BR-163/MS";"Decrescente";"Capotamento";1;0;0;0;0;0;0;0;0;0;1;0;0;0;0
"15/11/2024";"12:09:39";"176";"Sem vítima";"6,000";"BR-163/MS";"Decrescente";"Colisão traseira";1;0;0;0;0;1;0;0;0;0;5;0;0;0;0
"15/11/2024";"16:30:01";"229";"Com vítima";"563,722";"BR-163/MS";"Crescente";"Tombamento";0;0;0;0;0;2;0;0;0;0;0;0;0;0;0
"15/11/2024";"20:17:32";"264";"Sem vítima";"570,679";"BR-163/MS";"Crescente";"Colisão traseira";1;0;1;0;0;1;0;0;0;0;3;0;0;0;0
"16/11/2024";"06:55:04";"64";"Com vítima";"485,802";"BR-163/MS";"Crescente";"Engavetamento";1;0;0;0;0;1;0;0;0;1;4;1;0;0;0
"16/11/2024";"10:13:47";"115";"Sem vítima";"804,127";"BR-163/MS";"Decrescente";"Acidentes de outra natureza";0;0;0;0;0;0;0;0;0;1;1;0;0;0;0
"16/11/2024";"14:29:30";"143";"Com vítima";"340,221";"BR-163/MS";"Decrescente";"Colisão frontal";1;0;0;1;0;0;0;0;0;0;0;1;1;0;0
"16/11/2024";"16:18:29";"156";"Com vítima";"505,100";"BR-163/MS";"Decrescente";"Queda de moto";0;0;0;1;0;0;0;0;0;0;1;1;0;0;0
"16/11/2024";"17:27:37";"175";"Sem vítima";"357,890";"BR-163/MS";"Decrescente";"Acidentes de outra natureza";1;0;0;0;0;0;0;0;0;0;4;0;0;0;0
"17/11/2024";"00:02:49";"11";"Com vítima";"260,560";"BR-163/MS";"Decrescente";"Capotamento";1;0;0;0;0;0;0;0;0;0;0;2;0;0;0
"17/11/2024";"02:45:05";"24";"Sem vítima";"24,233";"BR-163/MS";"Decrescente";"Acidentes de outra natureza";0;0;0;0;0;0;0;0;0;1;1;0;0;0;0
"17/11/2024";"06:09:42";"44";"Com vítima";"708,722";"BR-163/MS";"Crescente";"Colisão frontal";1;0;0;0;0;3;0;0;0;0;0;0;0;1;0
"17/11/2024";"13:41:57";"105";"Com vítima";"575,367";"BR-163/MS";"Decrescente";"Colisão transversal";1;0;0;0;0;0;0;0;0;1;2;1;0;0;0
"17/11/2024";"16:27:30";"149";"Com vítima";"117,909";"BR-163/MS";"Decrescente";"Capotamento";1;0;0;0;0;0;0;0;0;0;0;0;0;1;0
"17/11/2024";"16:36:04";"150";"Com vítima";"387,467";"BR-163/MS";"Crescente";"Queda de moto";0;0;0;1;0;0;0;0;0;0;0;2;0;0;0
"17/11/2024";"23:21:26";"238";"Com vítima";"151,411";"BR-163/MS";"Crescente";"Atropelamento de animal";0;0;0;0;0;0;0;0;0;1;5;1;0;0;0
"18/11/2024";"05:18:36";"36";"Com vítima";"689,728";"BR-163/MS";"Decrescente";"Queda de moto";0;0;0;1;0;0;0;0;0;0;1;1;0;0;0
"18/11/2024";"11:13:26";"149";"Com vítima";"840,570";"BR-163/MS";"Crescente";"Capotamento";0;0;0;0;0;0;0;0;0;1;0;1;0;0;0
"19/11/2024";"01:39:14";"18";"Sem vítima";"384,572";"BR-163/MS";"Crescente";"Acidentes de outra natureza";1;0;0;0;0;0;0;0;0;0;1;0;0;0;0
"19/11/2024";"12:39:33";"170";"Sem vítima";"368,271";"BR-163/MS";"Crescente";"Colisão transversal";1;0;0;1;0;0;0;0;0;0;3;0;0;0;0
"19/11/2024";"13:06:32";"173";"Sem vítima";"140,209";"BR-163/MS";"Crescente";"Colisão lateral no mesmo sentido";0;0;1;0;0;0;0;0;0;0;3;0;0;0;0
"19/11/2024";"22:08:11";"288";"Sem vítima";"532,874";"BR-163/MS";"Decrescente";"Tombamento";0;0;1;0;0;0;0;0;0;0;1;0;0;0;0
"19/11/2024";"22:23:04";"290";"Com vítima";"339,455";"BR-163/MS";"Decrescente";"Atropelamento de animal";2;0;0;0;0;0;0;0;0;0;7;1;0;0;0
"20/11/2024";"11:16:08";"152";"Sem vítima";"265,941";"BR-163/MS";"Crescente";"Colisão traseira";1;0;0;1;0;0;0;0;0;0;2;0;0;0;0
"21/11/2024";"01:42:18";"16";"Sem vítima";"786,583";"BR-163/MS";"Decrescente";"Atropelamento de animal";1;0;0;0;0;0;0;0;0;0;2;0;0;0;0
"21/11/2024";"06:45:09";"65";"Sem vítima";"446,413";"BR-163/MS";"Decrescente";"Acidentes de outra natureza";0;0;1;0;0;1;0;0;0;0;1;0;0;0;0
"21/11/2024";"06:46:23";"66";"Com vítima";"564,703";"BR-163/MS";"Decrescente";"Tombamento";0;0;0;0;0;2;0;0;0;0;0;0;0;0;0
"21/11/2024";"13:19:03";"169";"Com vítima";"323,331";"BR-163/MS";"Crescente";"Tombamento";0;0;1;0;0;0;0;0;0;0;0;1;0;0;0
"21/11/2024";"14:30:56";"179";"Sem vítima";"6,951";"BR-163/MS";"Crescente";"Capotamento";0;0;0;0;0;0;0;0;0;1;2;0;0;0;0
"21/11/2024";"14:54:06";"183";"Sem vítima";"364,526";"BR-163/MS";"Crescente";"Queda de moto";0;0;0;1;0;0;0;0;0;0;1;0;0;0;0
"21/11/2024";"15:19:28";"189";"Sem vítima";"9,693";"BR-163/MS";"Decrescente";"Acidentes de outra natureza";1;0;0;0;0;0;0;0;0;0;4;0;0;0;0
"21/11/2024";"18:02:45";"228";"Com vítima";"477,452";"BR-163/MS";"Crescente";"Tombamento";0;0;0;1;0;0;0;0;0;0;0;0;1;0;0
"21/11/2024";"21:49:23";"263";"Sem vítima";"739,610";"BR-163/MS";"Decrescente";"Atropelamento de animal";1;0;0;0;0;0;0;0;0;0;3;0;0;0;0
"21/11/2024";"22:20:16";"265";"Com vítima";"277,900";"BR-163/MS";"Crescente";"Queda de moto";0;0;0;1;0;0;0;0;0;0;0;1;1;0;0
"22/11/2024";"01:57:53";"32";"Sem vítima";"8,272";"BR-163/MS";"Decrescente";"Colisão transversal";1;0;0;0;0;0;0;0;0;1;1;0;0;0;0
"22/11/2024";"05:54:43";"61";"Sem vítima";"790,335";"BR-163/MS";"Crescente";"Acidentes de outra natureza";1;0;0;0;0;0;0;0;0;0;2;0;0;0;0
"22/11/2024";"08:43:54";"116";"Sem vítima";"827,770";"BR-163/MS";"Crescente";"Acidentes de outra natureza";0;0;1;0;0;0;0;0;0;0;1;0;0;0;0
"22/11/2024";"11:17:23";"154";"Com vítima";"324,534";"BR-163/MS";"Crescente";"Engavetamento";0;0;2;0;0;0;0;0;0;2;3;2;0;0;0
"22/11/2024";"16:00:25";"204";"Com vítima";"155,484";"BR-163/MS";"Decrescente";"Tombamento";0;0;1;0;0;1;0;0;0;0;0;1;0;0;0
"22/11/2024";"18:36:48";"228";"Sem vítima";"696,172";"BR-163/MS";"Crescente";"Atropelamento de animal";1;0;0;0;0;0;0;0;0;0;2;0;0;0;0
"23/11/2024";"02:55:57";"34";"Com vítima";"493,718";"BR-163/MS";"Crescente";"Atropelamento de animal";0;0;0;1;0;0;0;0;0;0;0;0;1;0;0
"23/11/2024";"05:42:29";"45";"Sem vítima";"260,699";"BR-163/MS";"Crescente";"Queda de moto";0;0;0;1;0;0;0;0;0;0;1;0;0;0;0
"23/11/2024";"10:21:07";"115";"Com vítima";"356,285";"BR-163/MS";"Decrescente";"Queda de moto";0;0;0;1;0;0;0;0;0;0;1;0;0;0;0
"23/11/2024";"14:43:53";"161";"Sem vítima";"431,000";"BR-163/MS";"Crescente";"Acidentes de outra natureza";1;0;0;0;0;0;0;0;0;0;1;0;0;0;0
"24/11/2024";"00:58:55";"19";"Sem vítima";"344,190";"BR-163/MS";"Decrescente";"Atropelamento de animal";0;0;0;0;0;0;0;0;0;1;1;0;0;0;0
"24/11/2024";"06:28:56";"55";"Sem vítima";"493,547";"BR-163/MS";"Crescente";"Tombamento";1;0;0;0;0;2;0;0;0;1;4;0;0;0;0
"25/11/2024";"08:47:02";"147";"Sem vítima";"426,309";"BR-163/MS";"Crescente";"Acidentes de outra natureza";0;0;1;0;0;1;0;0;0;0;1;0;0;0;0
"25/11/2024";"13:45:35";"219";"Com vítima";"662,311";"BR-163/MS";"Decrescente";"Tombamento";0;0;1;0;0;1;0;0;0;0;0;1;0;0;0
"25/11/2024";"19:49:09";"308";"Com vítima";"277,427";"BR-163/MS";"Decrescente";"Choque";0;0;0;1;0;0;0;0;0;0;0;1;0;0;0
"26/11/2024";"03:52:49";"28";"Sem vítima";"387,406";"BR-163/MS";"Crescente";"Atropelamento de animal";1;0;0;0;0;0;0;0;0;0;1;0;0;0;0
"26/11/2024";"18:05:23";"210";"Sem vítima";"484,473";"BR-163/MS";"Decrescente";"Colisão traseira";1;0;0;1;0;0;0;0;0;0;3;0;0;0;0
"26/11/2024";"18:39:44";"219";"Sem vítima";"94,747";"BR-163/MS";"Crescente";"Queda de moto";0;0;0;1;0;0;0;0;0;0;1;0;0;0;0
"26/11/2024";"19:01:44";"226";"Sem vítima";"239,779";"BR-163/MS";"Crescente";"Atropelamento de animal";1;0;0;0;0;0;0;0;0;0;2;0;0;0;0
"26/11/2024";"22:36:15";"245";"Sem vítima";"776,380";"BR-163/MS";"Crescente";"Choque";0;0;0;0;0;0;0;0;0;1;1;0;0;0;0
"27/11/2024";"07:54:44";"94";"Com vítima";"256,501";"BR-163/MS";"Crescente";"Colisão lateral no mesmo sentido";1;0;0;1;0;0;0;0;0;0;1;1;0;0;0
"27/11/2024";"11:15:21";"165";"Sem vítima";"570,607";"BR-163/MS";"Crescente";"Colisão transversal";0;0;0;0;0;0;0;0;0;2;4;0;0;0;0
"27/11/2024";"14:56:53";"210";"Sem vítima";"468,577";"BR-163/MS";"Crescente";"Acidentes de outra natureza";0;0;1;0;0;0;0;0;0;0;1;0;0;0;0
"27/11/2024";"16:03:29";"225";"Sem vítima";"290,575";"BR-163/MS";"Decrescente";"Tombamento";0;0;1;0;0;1;0;0;0;0;1;0;0;0;0
"27/11/2024";"19:09:07";"258";"Sem vítima";"483,190";"BR-163/MS";"Crescente";"Colisão traseira";0;0;0;0;0;0;0;0;0;2;2;0;0;0;0
"27/11/2024";"19:15:15";"260";"Com vítima";"250,972";"BR-163/MS";"Decrescente";"Colisão frontal";2;0;0;0;0;0;0;0;0;1;11;1;2;0;0
"27/11/2024";"19:16:08";"261";"Sem vítima";"743,100";"BR-163/MS";"Decrescente";"Atropelamento de animal";1;0;0;0;0;1;0;0;0;0;2;0;0;0;0
"27/11/2024";"21:02:03";"274";"Com vítima";"514,795";"BR-163/MS";"Crescente";"Colisão traseira";0;0;1;0;0;3;0;0;0;0;0;0;0;0;1
"27/11/2024";"22:27:21";"280";"Sem vítima";"337,000";"BR-163/MS";"Crescente";"Atropelamento de animal";0;0;0;0;0;0;0;0;0;1;4;0;0;0;0
"28/11/2024";"15:02:31";"211";"Sem vítima";"484,445";"BR-163/MS";"Decrescente";"Colisão transversal";0;0;0;1;0;0;0;0;0;1;2;0;0;0;0
"28/11/2024";"18:15:42";"251";"Com vítima";"20,579";"BR-163/MS";"Crescente";"Queda de moto";0;0;0;1;0;0;0;0;0;0;0;1;0;0;0
"28/11/2024";"23:11:15";"296";"Sem vítima";"451,455";"BR-163/MS";"Decrescente";"Atropelamento de animal";1;0;0;0;0;0;0;0;0;0;2;0;0;0;0
"28/11/2024";"23:39:06";"300";"Com vítima";"259,370";"BR-163/MS";"Crescente";"Choque";1;0;0;0;0;0;0;0;0;0;0;1;0;0;0
"29/11/2024";"08:53:13";"117";"Sem vítima";"387,509";"BR-163/MS";"Crescente";"Acidentes de outra natureza";0;0;0;0;0;0;0;0;0;1;1;0;0;0;0
"29/11/2024";"16:09:21";"220";"Com vítima";"485,630";"BR-163/MS";"Crescente";"Colisão transversal";0;0;0;1;0;0;0;0;0;1;2;0;1;0;0
"29/11/2024";"20:27:00";"277";"Sem vítima";"656,898";"BR-163/MS";"Crescente";"Choque";0;0;0;0;0;0;0;0;0;1;2;0;0;0;0
"30/11/2024";"04:14:22";"39";"Sem vítima";"331,415";"BR-163/MS";"Crescente";"Choque";1;0;0;0;0;0;0;0;0;0;2;0;0;0;0
"30/11/2024";"09:45:59";"115";"Com vítima";"822,877";"BR-163/MS";"Decrescente";"Colisão lateral no mesmo sentido";1;0;0;0;0;2;0;0;0;0;2;1;2;0;0
"30/11/2024";"12:59:11";"158";"Com vítima";"208,384";"BR-163/MS";"Decrescente";"Colisão transversal";1;0;0;1;0;0;0;0;0;0;1;2;0;0;0
"30/11/2024";"13:24:13";"166";"Com vítima";"487,500";"BR-163/MS";"Crescente";"Queda de moto";0;0;0;1;0;0;0;0;0;0;0;2;0;0;0
"30/11/2024";"15:38:25";"190";"Sem vítima";"502,237";"BR-163/MS";"Crescente";"Colisão lateral no mesmo sentido";0;0;1;0;0;0;0;0;0;1;4;0;0;0;0
"30/11/2024";"20:23:18";"250";"Com vítima";"681,350";"BR-163/MS";"Decrescente";"Queda de moto";0;0;0;1;0;0;0;0;0;0;0;1;0;0;0
"30/11/2024";"22:14:46";"263";"Sem vítima";"330,498";"BR-163/MS";"Decrescente";"Atropelamento de animal";0;0;0;0;0;0;0;0;0;1;2;0;0;0;0
"30/11/2024";"23:49:38";"272";"Sem vítima";"342,000";"BR-163/MS";"Decrescente";"Colisão traseira";1;0;0;1;0;0;0;0;0;0;1;0;0;0;0
"01/12/2024";"10:42:45";"97";"Sem vítima";"34,603";"BR-163/MS";"Decrescente";"Acidentes de outra natureza";1;0;0;0;0;0;0;0;0;0;1;0;0;0;0
"01/12/2024";"15:00:15";"154";"Com vítima";"677,686";"BR-163/MS";"Decrescente";"Colisão lateral no mesmo sentido";1;0;0;0;0;0;0;0;0;0;1;1;0;0;0
"01/12/2024";"16:33:17";"168";"Com vítima";"470,790";"BR-163/MS";"Crescente";"Colisão lateral no mesmo sentido";0;0;0;0;0;0;0;0;0;2;2;1;0;0;0
"01/12/2024";"16:35:06";"169";"Com vítima";"490,738";"BR-163/MS";"Decrescente";"Colisão lateral no mesmo sentido";1;0;0;1;0;0;0;0;0;0;6;1;0;0;0
"01/12/2024";"17:01:05";"174";"Sem vítima";"471,627";"BR-163/MS";"Crescente";"Colisão transversal";2;0;0;0;0;0;0;0;0;0;3;0;0;0;0
"01/12/2024";"18:30:19";"189";"Sem vítima";"256,000";"BR-163/MS";"Crescente";"Colisão traseira";2;0;0;0;0;0;0;0;0;0;5;0;0;0;0
"01/12/2024";"18:59:37";"196";"Sem vítima";"735,935";"BR-163/MS";"Decrescente";"Atropelamento de animal";0;0;0;0;0;0;0;0;0;1;4;0;0;0;0
"02/12/2024";"03:11:15";"29";"Com vítima";"432,998";"BR-163/MS";"Crescente";"Choque";0;0;0;0;1;0;0;0;0;0;0;1;0;0;0
"02/12/2024";"07:20:58";"82";"Sem vítima";"729,000";"BR-163/MS";"Crescente";"Colisão transversal";0;0;0;2;0;0;0;0;0;0;2;0;0;0;0
"02/12/2024";"11:07:59";"165";"Com vítima";"577,318";"BR-163/MS";"Crescente";"Colisão frontal";0;0;1;0;0;0;0;0;0;1;0;1;0;0;3
"02/12/2024";"14:07:39";"200";"Com vítima";"730,385";"BR-163/MS";"Decrescente";"Colisão transversal";0;0;0;2;0;0;0;0;0;0;1;1;0;0;0
"02/12/2024";"15:49:13";"229";"Sem vítima";"737,538";"BR-163/MS";"Crescente";"Acidentes de outra natureza";1;0;0;0;0;0;0;0;0;0;3;0;0;0;0
"02/12/2024";"21:50:45";"302";"Sem vítima";"296,777";"BR-163/MS";"Decrescente";"Tombamento";0;0;0;0;0;2;0;0;0;0;0;0;0;0;0
"03/12/2024";"01:06:07";"19";"Sem vítima";"502,300";"BR-163/MS";"Crescente";"Atropelamento de animal";0;0;0;0;0;0;0;0;0;1;1;0;0;0;0
"03/12/2024";"02:29:29";"26";"Com vítima";"723,610";"BR-163/MS";"Crescente";"Acidentes de outra natureza";1;0;0;0;0;0;0;0;0;0;1;1;0;0;0
"03/12/2024";"05:36:21";"39";"Sem vítima";"620,421";"BR-163/MS";"Decrescente";"Acidentes de outra natureza";0;0;1;0;0;0;0;0;0;0;1;0;0;0;0
"03/12/2024";"08:57:38";"110";"Sem vítima";"106,340";"BR-163/MS";"Crescente";"Acidentes de outra natureza";1;0;0;0;0;0;0;0;0;0;1;0;0;0;0
"03/12/2024";"09:02:13";"115";"Sem vítima";"2,500";"BR-163/MS";"Crescente";"Colisão transversal";1;0;0;0;0;0;0;0;0;1;3;0;0;0;0
"03/12/2024";"13:46:01";"178";"Sem vítima";"493,760";"BR-163/MS";"Decrescente";"Tombamento";0;0;0;0;0;2;0;0;0;0;0;0;0;0;0
"03/12/2024";"18:58:45";"247";"Sem vítima";"453,463";"BR-163/MS";"Crescente";"Acidentes de outra natureza";1;0;0;0;0;0;0;0;0;0;2;0;0;0;0
"03/12/2024";"22:43:57";"268";"Com vítima";"626,601";"BR-163/MS";"Crescente";"Tombamento";0;0;1;0;0;1;0;0;0;0;0;2;0;0;0
"04/12/2024";"05:09:09";"36";"Sem vítima";"411,384";"BR-163/MS";"Crescente";"Colisão frontal";2;0;0;0;0;0;0;0;0;0;2;0;0;0;0
"04/12/2024";"12:44:45";"157";"Sem vítima";"51,621";"BR-163/MS";"Decrescente";"Acidentes de outra natureza";1;0;0;0;0;0;0;0;0;0;4;0;0;0;0
"04/12/2024";"13:35:41";"163";"Sem vítima";"60,610";"BR-163/MS";"Crescente";"Colisão transversal";1;0;1;0;0;1;0;0;0;0;3;0;0;0;0
"05/12/2024";"01:46:13";"15";"Sem vítima";"613,355";"BR-163/MS";"Decrescente";"Atropelamento de animal";1;0;0;0;0;0;0;0;0;0;3;0;0;0;0
"05/12/2024";"06:51:49";"69";"Sem vítima";"615,000";"BR-163/MS";"Crescente";"Colisão transversal";1;0;1;0;0;1;0;0;0;0;2;0;0;0;0
"05/12/2024";"11:01:59";"157";"Com vítima";"561,388";"BR-163/MS";"Decrescente";"Capotamento";0;0;1;0;0;1;0;0;0;0;0;1;0;0;0
"05/12/2024";"15:42:08";"215";"Sem vítima";"600,519";"BR-163/MS";"Decrescente";"Choque";1;0;0;0;0;0;0;0;0;0;1;0;0;0;0
"05/12/2024";"16:24:30";"229";"Sem vítima";"562,217";"BR-163/MS";"Decrescente";"Colisão traseira";0;0;2;0;0;1;0;0;0;0;2;0;0;0;0
"05/12/2024";"18:18:20";"254";"Com vítima";"263,500";"BR-163/MS";"Crescente";"Colisão traseira";1;0;0;1;0;0;0;0;0;0;1;1;1;0;0
"06/12/2024";"12:38:49";"201";"Com vítima";"507,235";"BR-163/MS";"Crescente";"Queda de moto";0;0;0;1;0;0;0;0;0;0;0;1;0;0;0
"06/12/2024";"17:19:30";"259";"Sem vítima";"776,520";"BR-163/MS";"Crescente";"Choque";0;0;0;0;0;2;0;0;0;0;0;0;0;0;0
"06/12/2024";"20:39:53";"306";"Com vítima";"444,416";"BR-163/MS";"Crescente";"Choque";1;0;0;0;0;0;0;0;0;0;0;1;0;0;0
"06/12/2024";"22:36:39";"322";"Com vítima";"225,343";"BR-163/MS";"Crescente";"Queda de moto";0;0;0;1;0;0;0;0;0;0;0;1;0;0;0
"06/12/2024";"22:58:33";"323";"Com vítima";"476,535";"BR-163/MS";"Crescente";"Choque";0;0;0;1;0;0;0;0;0;0;0;0;1;0;0
"06/12/2024";"23:27:45";"328";"Sem vítima";"363,813";"BR-163/MS";"Decrescente";"Atropelamento de animal";1;0;0;0;0;0;0;0;0;0;1;0;0;0;0
"07/12/2024";"00:45:27";"16";"Sem vítima";"445,642";"BR-163/MS";"Crescente";"Atropelamento de animal";0;0;0;0;0;0;0;0;0;1;1;0;0;0;0
"07/12/2024";"02:18:17";"35";"Sem vítima";"443,238";"BR-163/MS";"Decrescente";"Choque";1;0;0;0;0;0;0;0;0;0;2;0;0;0;0
"07/12/2024";"03:57:39";"64";"Sem vítima";"172,540";"BR-163/MS";"Decrescente";"Colisão traseira";0;0;1;0;0;0;0;0;0;0;1;0;0;0;0
"07/12/2024";"06:46:22";"95";"Sem vítima";"6,145";"BR-163/MS";"Crescente";"Engavetamento";3;0;0;0;0;0;0;0;0;1;16;0;0;0;0
"07/12/2024";"08:33:52";"128";"Sem vítima";"485,773";"BR-163/MS";"Decrescente";"Choque";1;0;0;0;0;0;0;0;1;0;1;0;0;0;0
"07/12/2024";"09:43:34";"149";"Sem vítima";"484,533";"BR-163/MS";"Decrescente";"Capotamento";1;0;0;0;0;0;0;0;0;0;1;0;0;0;0
"07/12/2024";"15:04:23";"216";"Sem vítima";"57,219";"BR-163/MS";"Crescente";"Colisão traseira";0;0;2;0;0;3;0;0;0;0;2;0;0;0;0
"07/12/2024";"18:54:47";"279";"Com vítima";"263,265";"BR-163/MS";"Crescente";"Queda de moto";0;0;0;1;0;0;0;0;0;0;0;0;0;1;0
"07/12/2024";"20:18:41";"314";"Sem vítima";"97,253";"BR-163/MS";"Crescente";"Acidentes de outra natureza";1;0;0;0;0;0;0;0;0;0;4;0;0;0;0
"07/12/2024";"21:18:38";"328";"Sem vítima";"19,288";"BR-163/MS";"Crescente";"Choque";0;0;0;1;0;0;0;0;0;0;1;0;0;0;0
"08/12/2024";"12:56:34";"138";"Sem vítima";"280,391";"BR-163/MS";"Crescente";"Colisão traseira";1;0;0;0;0;0;0;0;0;1;4;0;0;0;0
"08/12/2024";"18:10:06";"212";"Com vítima";"575,320";"BR-163/MS";"Crescente";"Colisão transversal";0;0;1;0;1;1;0;0;0;0;1;1;4;1;0
"08/12/2024";"18:14:40";"240";"Com vítima";"469,126";"BR-163/MS";"Crescente";"Choque";0;0;0;1;0;0;0;0;0;0;0;1;0;0;0