data;horario;n_da_ocorrencia;tipo_de_ocorrencia;km;trecho;sentido;tipo_de_acidente;automovel;bicicleta;caminhao;moto;onibus;outros;tracao_animal;transporte_de_cargas_especiais;trator_maquinas;utilitarios;ilesos;levemente_feridos;moderadamente_feridos;gravemente_feridos;mortos
"08/12/2024";"21:55:43";"277";"Sem vítima";"545,320";"BR-163/MS";"Crescente";"Acidentes de outra natureza";0;0;0;0;0;0;0;0;0;1;1;0;0;0;0
"09/12/2024";"08:12:39";"152";"Sem vítima";"487,668";"BR-163/MS";"Decrescente";"Colisão transversal";1;0;1;0;0;0;0;0;0;0;1;0;0;0;0
"09/12/2024";"08:41:54";"161";"Com vítima";"484,154";"BR-163/MS";"Crescente";"Queda de moto";0;0;0;1;0;0;0;0;0;0;0;1;0;0;0
"10/12/2024";"01:39:10";"13";"Sem vítima";"601,708";"BR-163/MS";"Crescente";"Atropelamento de animal";0;0;0;0;0;0;0;0;0;1;1;0;0;0;0
"10/12/2024";"01:54:38";"14";"Sem vítima";"298,719";"BR-163/MS";"Crescente";"Atropelamento de animal";0;0;0;0;0;0;0;0;0;1;1;0;0;0;0
"10/12/2024";"02:20:59";"16";"Sem vítima";"472,854";"BR-163/MS";"Decrescente";"Atropelamento de animal";1;0;0;0;0;0;0;0;0;0;1;0;0;0;0
"10/12/2024";"08:57:11";"127";"Com vítima";"401,333";"BR-163/MS";"Crescente";"Engavetamento";1;0;2;0;0;0;0;0;0;0;4;1;0;0;0
"10/12/2024";"09:24:49";"133";"Sem vítima";"401,333";"BR-163/MS";"Crescente";"Choque";1;0;0;0;0;0;0;0;0;1;2;0;0;0;0
"10/12/2024";"12:11:45";"166";"Sem vítima";"466,613";"BR-163/MS";"Crescente";"Capotamento";0;0;1;0;0;1;0;0;0;1;3;0;0;0;0
"10/12/2024";"12:25:40";"169";"Com vítima";"663,421";"BR-163/MS";"Decrescente";"Tombamento";0;0;1;0;0;0;0;0;0;0;0;1;0;0;0
"10/12/2024";"17:04:14";"215";"Sem vítima";"25,803";"BR-163/MS";"Decrescente";"Colisão transversal";1;0;1;0;0;0;0;0;0;0;6;0;0;0;0
"10/12/2024";"18:56:50";"234";"Sem vítima";"533,824";"BR-163/MS";"Decrescente";"Colisão traseira";0;0;0;0;0;4;0;0;0;0;1;0;0;0;0
"10/12/2024";"19:11:47";"236";"Sem vítima";"756,952";"BR-163/MS";"Decrescente";"Atropelamento de animal";1;0;0;0;0;0;0;0;0;0;2;0;0;0;0
"10/12/2024";"21:42:10";"259";"Com vítima";"715,163";"BR-163/MS";"Crescente";"Colisão lateral no mesmo sentido";0;0;2;0;0;0;0;0;0;0;2;1;0;0;0
"11/12/2024";"08:18:32";"109";"Com vítima";"25,785";"BR-163/MS";"Decrescente";"Colisão transversal";1;0;0;0;0;0;0;0;0;1;0;2;0;0;0
"11/12/2024";"19:05:08";"255";"Com vítima";"626,724";"BR-163/MS";"Crescente";"Colisão transversal";0;0;0;0;1;0;0;0;0;0;1;1;0;0;0
"11/12/2024";"20:56:08";"270";"Sem vítima";"434,500";"BR-163/MS";"Decrescente";"Atropelamento de animal";0;0;1;0;1;1;0;0;0;0;35;0;0;0;0
"11/12/2024";"21:08:03";"273";"Sem vítima";"111,455";"BR-163/MS";"Crescente";"Colisão traseira";0;0;2;0;0;0;0;0;0;0;1;0;0;0;0
"12/12/2024";"07:12:20";"98";"Sem vítima";"530,705";"BR-163/MS";"Decrescente";"Choque";0;0;1;0;0;0;0;0;0;1;2;0;0;0;0
"12/12/2024";"08:05:27";"114";"Com vítima";"329,704";"BR-163/MS";"Decrescente";"Queda de moto";0;0;0;1;0;0;0;0;0;0;0;0;1;0;0
"12/12/2024";"08:53:23";"136";"Sem vítima";"470,700";"BR-163/MS";"Decrescente";"Tombamento";0;0;0;0;0;2;0;0;0;0;0;0;0;0;0
"12/12/2024";"10:21:27";"160";"Com vítima";"730,375";"BR-163/MS";"Crescente";"Colisão transversal";0;0;0;1;0;2;0;0;0;0;0;0;0;0;1
"12/12/2024";"11:08:01";"174";"Com vítima";"728,493";"BR-163/MS";"Crescente";"Colisão traseira";0;0;1;0;0;0;0;0;0;1;1;1;0;0;0
"12/12/2024";"21:46:14";"361";"Sem vítima";"337,572";"BR-163/MS";"Crescente";"Choque";1;0;0;0;0;0;0;0;0;0;1;0;0;0;0
"12/12/2024";"23:57:55";"388";"Sem vítima";"385,119";"BR-163/MS";"Decrescente";"Atropelamento de animal";0;0;0;0;0;0;0;0;0;1;2;0;0;0;0
"13/12/2024";"12:08:31";"224";"Com vítima";"572,782";"BR-163/MS";"Decrescente";"Tombamento";0;0;0;0;0;2;0;0;0;0;0;0;0;0;0
"13/12/2024";"15:29:34";"255";"Sem vítima";"513,534";"BR-163/MS";"Decrescente";"Acidentes de outra natureza";1;0;0;0;0;0;0;0;0;0;5;0;0;0;0
"13/12/2024";"15:44:17";"257";"Sem vítima";"680,351";"BR-163/MS";"Decrescente";"Colisão transversal";0;0;0;1;0;0;0;0;0;1;3;0;0;0;0
"13/12/2024";"18:55:05";"313";"Sem vítima";"487,727";"BR-163/MS";"Decrescente";"Colisão traseira";1;0;0;0;0;0;0;0;0;0;1;0;0;0;0
"13/12/2024";"21:30:09";"348";"Sem vítima";"687,215";"BR-163/MS";"Crescente";"Atropelamento de animal";1;0;0;0;0;0;0;0;0;0;2;0;0;0;0
"13/12/2024";"21:37:23";"350";"Sem vítima";"359,301";"BR-163/MS";"Crescente";"Atropelamento de animal";1;0;0;0;0;0;0;0;0;0;2;0;0;0;0
"14/12/2024";"02:14:44";"37";"Sem vítima";"336,623";"BR-163/MS";"Decrescente";"Atropelamento de animal";1;0;0;0;0;0;0;0;0;0;1;0;0;0;0
"14/12/2024";"04:04:53";"44";"Com vítima";"327,850";"BR-163/MS";"Decrescente";"Colisão lateral no mesmo sentido";0;0;2;0;0;1;0;0;0;0;1;1;0;0;0
"14/12/2024";"05:42:00";"48";"Sem vítima";"316,480";"BR-163/MS";"Decrescente";"Tombamento";0;0;1;0;0;1;0;0;0;0;1;0;0;0;0
"14/12/2024";"11:09:07";"125";"Com vítima";"253,267";"BR-163/MS";"Crescente";"Queda de moto";0;0;0;1;0;0;0;0;0;0;0;1;0;0;0
"14/12/2024";"16:02:15";"177";"Sem vítima";"727,337";"BR-163/MS";"Decrescente";"Colisão transversal";1;0;0;0;0;1;0;0;0;0;4;0;0;0;0
"15/12/2024";"00:15:53";"13";"Sem vítima";"640,800";"BR-163/MS";"Crescente";"Choque";1;0;0;0;0;0;0;0;0;0;1;0;0;0;0
"15/12/2024";"14:53:51";"133";"Sem vítima";"394,327";"BR-163/MS";"Crescente";"Acidentes de outra natureza";0;0;1;0;0;1;0;0;0;0;2;0;0;0;0
"15/12/2024";"18:53:30";"188";"Sem vítima";"433,351";"BR-163/MS";"Crescente";"Atropelamento de animal";1;0;0;0;0;0;0;0;0;0;1;0;0;0;0
"15/12/2024";"21:45:03";"224";"Sem vítima";"499,401";"BR-163/MS";"Decrescente";"Acidentes de outra natureza";1;0;0;0;0;0;0;0;0;0;1;0;0;0;0
"16/12/2024";"05:28:08";"60";"Com vítima";"548,409";"BR-163/MS";"Crescente";"Colisão transversal";1;0;0;0;0;0;0;0;0;1;2;1;0;0;0
"16/12/2024";"06:41:38";"87";"Com vítima";"299,168";"BR-163/MS";"Crescente";"Queda de moto";0;0;0;1;0;0;0;0;0;0;0;1;0;0;0
"16/12/2024";"11:24:55";"166";"Sem vítima";"508,769";"BR-163/MS";"Crescente";"Acidentes de outra natureza";0;0;0;0;0;0;0;0;0;1;1;0;0;0;0
"16/12/2024";"14:23:45";"191";"Sem vítima";"327,831";"BR-163/MS";"Crescente";"Colisão transversal";0;0;0;0;0;0;0;0;0;1;1;0;0;0;0
"16/12/2024";"19:41:44";"264";"Sem vítima";"423,913";"BR-163/MS";"Crescente";"Atropelamento de animal";1;0;0;0;0;0;0;0;0;0;1;0;0;0;0
"17/12/2024";"06:13:00";"66";"Com vítima";"815,205";"BR-163/MS";"Decrescente";"Tombamento";0;0;1;0;0;1;0;0;0;0;0;1;1;0;0
"17/12/2024";"09:25:09";"134";"Sem vítima";"46,781";"BR-163/MS";"Decrescente";"Colisão traseira";0;0;2;0;0;0;0;0;0;0;2;0;0;0;0
"17/12/2024";"16:07:31";"236";"Com vítima";"257,508";"BR-163/MS";"Decrescente";"Queda de moto";0;0;0;1;0;0;0;0;0;0;0;0;1;0;0
"17/12/2024";"22:15:41";"320";"Sem vítima";"658,500";"BR-163/MS";"Crescente";"Atropelamento de animal";0;0;0;0;0;0;0;0;0;1;1;0;0;0;0
"18/12/2024";"12:38:11";"161";"Sem vítima";"113,320";"BR-163/MS";"Decrescente";"Colisão traseira";1;0;0;0;0;0;0;0;0;0;1;0;0;0;0
"18/12/2024";"15:22:01";"196";"Sem vítima";"461,214";"BR-163/MS";"Crescente";"Colisão transversal";1;0;1;0;0;0;0;0;0;0;6;0;0;0;0
"18/12/2024";"15:35:05";"198";"Com vítima";"548,413";"BR-163/MS";"Crescente";"Colisão transversal";1;0;0;0;0;0;0;0;0;0;0;1;0;0;0
"18/12/2024";"16:47:30";"214";"Sem vítima";"185,380";"BR-163/MS";"Crescente";"Acidentes de outra natureza";0;0;0;0;0;0;0;0;0;0;0;0;0;0;0
"18/12/2024";"17:12:07";"222";"Com vítima";"378,712";"BR-163/MS";"Crescente";"Queda de moto";0;0;0;1;0;0;0;0;0;0;0;0;1;0;0
"19/12/2024";"09:34:16";"137";"Com vítima";"550,772";"BR-163/MS";"Decrescente";"Colisão transversal";0;0;0;0;0;0;0;0;0;1;0;1;0;0;0
"19/12/2024";"14:21:07";"193";"Com vítima";"251,540";"BR-163/MS";"Decrescente";"Colisão transversal";0;0;0;1;0;0;0;0;0;0;0;0;0;0;1
"19/12/2024";"16:31:15";"226";"Com vítima";"256,152";"BR-163/MS";"Crescente";"Colisão traseira";0;0;1;1;0;0;0;0;0;0;1;1;0;0;0
"19/12/2024";"18:41:47";"253";"Com vítima";"614,900";"BR-163/MS";"Crescente";"Colisão transversal";1;0;0;1;0;0;0;0;0;0;2;1;0;0;0
"19/12/2024";"19:39:22";"265";"Sem vítima";"742,000";"BR-163/MS";"Crescente";"Colisão frontal";1;0;0;0;0;0;0;0;0;0;1;0;0;0;0
"19/12/2024";"20:22:50";"278";"Sem vítima";"306,430";"BR-163/MS";"Decrescente";"Atropelamento de animal";1;0;0;0;0;0;0;0;0;0;1;0;0;0;0
"19/12/2024";"21:04:06";"288";"Sem vítima";"482,195";"BR-163/MS";"Crescente";"Capotamento";0;0;0;0;0;0;0;0;0;1;1;0;0;0;0
"20/12/2024";"06:24:32";"54";"Sem vítima";"575,299";"BR-163/MS";"Decrescente";"Colisão transversal";1;0;0;0;0;0;0;0;0;0;1;0;0;0;0
"20/12/2024";"07:19:40";"71";"Sem vítima";"479,175";"BR-163/MS";"Crescente";"Colisão transversal";1;0;0;0;0;0;0;0;0;0;1;0;0;0;0
"20/12/2024";"08:00:05";"84";"Sem vítima";"6,147";"BR-163/MS";"Crescente";"Colisão traseira";0;0;0;0;0;0;0;0;0;1;1;0;0;0;0
"20/12/2024";"11:23:19";"129";"Com vítima";"415,660";"BR-163/MS";"Decrescente";"Colisão traseira";2;0;0;0;0;0;0;0;0;0;1;1;0;0;0
"20/12/2024";"14:52:40";"182";"Sem vítima";"185,954";"BR-163/MS";"Decrescente";"Acidentes de outra natureza";0;0;1;0;0;0;0;0;0;0;1;0;0;0;0
"20/12/2024";"16:00:13";"201";"Com vítima";"575,336";"BR-163/MS";"Crescente";"Colisão transversal";1;0;1;0;0;0;0;0;0;0;3;1;0;0;0
"20/12/2024";"18:13:48";"234";"Sem vítima";"522,263";"BR-163/MS";"Crescente";"Choque";0;0;0;0;0;0;0;0;0;1;1;0;0;0;0
"20/12/2024";"19:00:34";"244";"Com vítima";"517,000";"BR-163/MS";"Crescente";"Choque";0;0;0;0;0;0;0;0;0;1;2;1;0;0;0
"20/12/2024";"20:08:24";"261";"Sem vítima";"490,130";"BR-163/MS";"Crescente";"Colisão lateral no mesmo sentido";0;0;0;0;0;0;0;0;0;1;1;0;0;0;0
"20/12/2024";"21:24:35";"276";"Sem vítima";"502,259";"BR-163/MS";"Crescente";"Colisão lateral no mesmo sentido";0;0;0;0;0;0;0;0;0;1;1;0;0;0;0
"21/12/2024";"01:54:51";"33";"Sem vítima";"174,284";"BR-163/MS";"Crescente";"Acidentes de outra natureza";0;0;1;0;0;0;0;0;0;0;2;0;0;0;0
"21/12/2024";"04:02:52";"39";"Com vítima";"780,500";"BR-163/MS";"Decrescente";"Queda de moto";0;0;0;1;0;0;0;0;0;0;0;0;0;1;0
"21/12/2024";"04:06:39";"40";"Sem vítima";"502,154";"BR-163/MS";"Crescente";"Atropelamento de animal";1;0;0;0;0;0;0;0;0;0;1;0;0;0;0
"21/12/2024";"06:03:53";"56";"Sem vítima";"376,152";"BR-163/MS";"Decrescente";"Acidentes de outra natureza";1;0;0;0;0;0;0;0;0;0;1;0;0;0;0
"21/12/2024";"06:32:48";"89";"Sem vítima";"555,825";"BR-163/MS";"Decrescente";"Acidentes de outra natureza";0;0;0;0;0;0;0;0;0;1;1;0;0;0;0
"21/12/2024";"07:47:53";"127";"Sem vítima";"816,561";"BR-163/MS";"Decrescente";"Choque";0;0;0;0;0;0;0;0;0;1;2;0;0;0;0
"21/12/2024";"08:59:18";"161";"Sem vítima";"28,600";"BR-163/MS";"Decrescente";"Colisão traseira";0;0;0;0;0;0;0;0;0;1;1;0;0;0;0
"21/12/2024";"11:06:44";"202";"Com vítima";"712,461";"BR-163/MS";"Decrescente";"Colisão traseira";0;0;0;0;0;0;0;0;0;2;1;1;0;0;0
"21/12/2024";"11:34:59";"223";"Sem vítima";"526,500";"BR-163/MS";"Crescente";"Colisão frontal";1;0;0;0;0;0;0;0;0;1;2;0;0;0;0
"21/12/2024";"12:46:38";"243";"Com vítima";"784,669";"BR-163/MS";"Crescente";"Colisão traseira";1;0;0;0;0;0;0;0;0;2;8;1;0;0;0
"21/12/2024";"16:51:14";"324";"Com vítima";"528,197";"BR-163/MS";"Crescente";"Engavetamento";0;0;0;0;0;0;0;0;0;1;1;1;0;0;0
"21/12/2024";"18:12:37";"354";"Com vítima";"681,300";"BR-163/MS";"Crescente";"Colisão transversal";0;0;0;1;0;1;0;0;0;0;0;1;0;0;0
"22/12/2024";"08:07:11";"113";"Com vítima";"485,805";"BR-163/MS";"Crescente";"Engavetamento";2;0;0;0;0;0;0;0;0;0;0;2;0;0;0
"22/12/2024";"08:17:49";"119";"Sem vítima";"554,952";"BR-163/MS";"Decrescente";"Engavetamento";0;0;0;0;0;0;0;0;0;1;1;0;0;0;0
"22/12/2024";"08:40:03";"126";"Com vítima";"842,358";"BR-163/MS";"Decrescente";"Queda de moto";0;0;0;1;0;0;0;0;0;0;0;0;1;0;0
"22/12/2024";"12:24:14";"179";"Sem vítima";"547,458";"BR-163/MS";"Crescente";"Colisão traseira";1;0;0;0;0;0;0;0;0;0;1;0;0;0;0
"22/12/2024";"13:05:13";"188";"Com vítima";"324,487";"BR-163/MS";"Decrescente";"Colisão frontal";1;0;0;0;0;0;0;0;0;0;0;0;0;1;0
"22/12/2024";"19:42:52";"305";"Com vítima";"354,000";"BR-163/MS";"Crescente";"Queda de moto";0;0;0;1;0;0;0;0;0;0;0;1;1;0;0
"22/12/2024";"22:20:28";"325";"Sem vítima";"664,704";"BR-163/MS";"Decrescente";"Atropelamento de animal";0;0;0;0;0;0;0;0;0;2;2;0;0;0;0
"23/12/2024";"01:45:52";"20";"Com vítima";"446,722";"BR-163/MS";"Crescente";"Tombamento";0;0;1;0;0;0;0;0;0;0;0;1;0;0;0
"23/12/2024";"11:45:37";"145";"Sem vítima";"821,895";"BR-163/MS";"Crescente";"Acidentes de outra natureza";1;0;0;0;0;0;0;0;0;0;2;0;0;0;0
"23/12/2024";"12:02:23";"151";"Com vítima";"457,260";"BR-163/MS";"Crescente";"Choque";0;0;0;0;0;0;0;0;0;1;0;1;0;0;0
"23/12/2024";"13:50:18";"174";"Com vítima";"609,404";"BR-163/MS";"Decrescente";"Acidentes de outra natureza";1;0;0;0;0;0;0;0;0;0;1;1;0;0;0
"23/12/2024";"15:48:19";"203";"Sem vítima";"260,699";"BR-163/MS";"Decrescente";"Acidentes de outra natureza";1;0;0;0;0;0;0;0;0;0;1;0;0;0;0
"23/12/2024";"18:43:14";"269";"Sem vítima";"495,000";"BR-163/MS";"Crescente";"Capotamento";0;0;0;0;0;0;0;0;0;1;1;0;0;0;0
"23/12/2024";"20:05:26";"311";"Com vítima";"42,500";"BR-163/MS";"Decrescente";"Acidentes de outra natureza";0;0;0;0;0;0;0;0;0;1;0;1;0;0;0
"23/12/2024";"22:09:08";"328";"Sem vítima";"139,440";"BR-163/MS";"Crescente";"Atropelamento de animal";1;0;0;0;0;0;0;0;0;0;1;0;0;0;0
"23/12/2024";"23:19:44";"342";"Sem vítima";"277,254";"BR-163/MS";"Crescente";"Atropelamento de animal";1;0;0;0;0;0;0;0;0;0;1;0;0;0;0
"24/12/2024";"07:56:05";"84";"Sem vítima";"561,508";"BR-163/MS";"Crescente";"Colisão lateral no mesmo sentido";0;0;0;0;0;0;0;0;0;1;1;0;0;0;0
"24/12/2024";"19:48:49";"267";"Com vítima";"179,840";"BR-163/MS";"Decrescente";"Colisão lateral no mesmo sentido";1;0;1;0;0;0;0;0;0;0;7;1;0;0;0
"24/12/2024";"21:50:08";"287";"Sem vítima";"295,585";"BR-163/MS";"Decrescente";"Colisão transversal";1;0;0;0;0;0;0;0;0;0;1;0;0;0;0
"25/12/2024";"03:43:24";"33";"Com vítima";"840,492";"BR-163/MS";"Decrescente";"Queda de moto";0;0;0;1;0;0;0;0;0;0;0;0;0;1;0
"25/12/2024";"07:30:52";"54";"Com vítima";"281,326";"BR-163/MS";"Crescente";"Choque";0;0;0;1;0;0;0;0;0;0;1;1;0;0;0
"25/12/2024";"10:34:15";"75";"Sem vítima";"670,649";"BR-163/MS";"Crescente";"Acidentes de outra natureza";0;0;0;0;0;0;0;0;0;1;1;0;0;0;0
"25/12/2024";"11:10:20";"79";"Sem vítima";"787,998";"BR-163/MS";"Decrescente";"Choque";1;0;0;0;0;0;0;0;0;0;1;0;0;0;0
"25/12/2024";"16:17:47";"128";"Sem vítima";"677,688";"BR-163/MS";"Crescente";"Tombamento";0;0;1;0;0;1;0;0;0;0;1;0;0;0;0
"25/12/2024";"17:07:42";"139";"Com vítima";"470,752";"BR-163/MS";"Decrescente";"Colisão transversal";2;0;0;0;0;0;0;0;0;0;3;1;0;0;0
"25/12/2024";"18:49:53";"157";"Com vítima";"680,533";"BR-163/MS";"Decrescente";"Colisão transversal";0;0;0;1;0;0;0;0;0;0;0;1;0;0;0
"26/12/2024";"07:02:50";"64";"Sem vítima";"295,158";"BR-163/MS";"Decrescente";"Acidentes de outra natureza";1;0;0;0;0;0;0;0;0;0;1;0;0;0;0
"26/12/2024";"12:26:35";"189";"Sem vítima";"508,316";"BR-163/MS";"Decrescente";"Acidentes de outra natureza";1;0;0;0;0;0;0;0;0;0;1;0;0;0;0
"26/12/2024";"12:45:42";"193";"Com vítima";"601,596";"BR-163/MS";"Crescente";"Acidentes de outra natureza";1;0;0;0;0;0;0;0;0;0;4;1;0;0;0
"26/12/2024";"18:07:47";"267";"Com vítima";"481,241";"BR-163/MS";"Crescente";"Queda de moto";0;0;0;1;0;0;0;0;0;0;0;1;0;0;0
"27/12/2024";"05:42:32";"33";"Com vítima";"379,477";"BR-163/MS";"Decrescente";"Capotamento";1;0;0;0;0;0;0;0;0;0;0;1;0;0;0
"27/12/2024";"13:41:04";"184";"Sem vítima";"470,801";"BR-163/MS";"Crescente";"Colisão transversal";1;0;0;0;0;0;0;0;0;0;1;0;0;0;0
"27/12/2024";"17:43:51";"262";"Com vítima";"503,514";"BR-163/MS";"Crescente";"Colisão lateral no mesmo sentido";0;0;0;1;0;0;0;0;0;1;5;1;0;0;0
"27/12/2024";"19:27:35";"280";"Sem vítima";"317,449";"BR-163/MS";"Crescente";"Atropelamento de animal";1;0;0;0;0;0;0;0;0;0;1;0;0;0;0
"27/12/2024";"22:47:26";"300";"Com vítima";"196,500";"BR-163/MS";"Crescente";"Atropelamento de animal";0;0;0;1;0;0;0;0;0;0;0;0;1;0;0
"27/12/2024";"22:57:22";"301";"Sem vítima";"450,571";"BR-163/MS";"Decrescente";"Atropelamento de animal";1;0;0;0;0;0;0;0;0;0;1;0;0;0;0
"28/12/2024";"09:45:36";"132";"Com vítima";"333,934";"BR-163/MS";"Decrescente";"Capotamento";0;0;0;0;0;0;0;0;0;1;3;1;0;0;0
"29/12/2024";"18:31:21";"221";"Com vítima";"346,205";"BR-163/MS";"Crescente";"Tombamento";0;0;0;0;0;2;0;0;0;0;0;0;0;0;0
"30/12/2024";"01:20:10";"18";"Sem vítima";"404,377";"BR-163/MS";"Decrescente";"Capotamento";1;0;0;0;0;0;0;0;0;0;1;0;0;0;0
"30/12/2024";"03:38:38";"27";"Com vítima";"717,758";"BR-163/MS";"Decrescente";"Atropelamento de animal";0;0;0;0;0;0;0;0;0;1;0;1;0;0;0
"30/12/2024";"12:22:40";"143";"Sem vítima";"615,755";"BR-163/MS";"Decrescente";"Colisão transversal";1;0;0;0;0;0;0;0;0;0;1;0;0;0;0
"30/12/2024";"17:54:36";"214";"Sem vítima";"264,893";"BR-163/MS";"Decrescente";"Tombamento";0;0;1;0;0;1;0;0;0;0;1;0;0;0;0
"30/12/2024";"19:56:27";"235";"Com vítima";"512,938";"BR-163/MS";"Crescente";"Choque";0;0;0;1;0;0;0;0;0;0;0;0;1;0;0
"31/12/2024";"02:23:36";"22";"Sem vítima";"405,936";"BR-163/MS";"Crescente";"Atropelamento de animal";1;0;0;0;0;0;0;0;0;0;1;0;0;0;0
"31/12/2024";"10:01:08";"78";"Com vítima";"295,268";"BR-163/MS";"Decrescente";"Engavetamento";0;0;0;0;0;0;0;0;0;1;0;1;0;0;0
"31/12/2024";"22:02:12";"215";"Sem vítima";"471,000";"BR-163/MS";"Crescente";"Colisão lateral no mesmo sentido";0;0;0;0;0;0;0;0;0;1;1;0;0;0;0
"01/01/2025";"14:58:09";"100";"Com vítima";"755,230";"BR-163/MS";"Decrescente";"Queda de moto";0;0;0;1;0;0;0;0;0;0;1;0;1;0;0
"01/01/2025";"16:34:58";"133";"Sem vítima";"590,925";"BR-163/MS";"Decrescente";"Acidentes de outra natureza";1;0;0;0;0;0;0;0;0;0;1;0;0;0;0
"02/01/2025";"01:32:00";"16";"Sem vítima";"397,127";"BR-163/MS";"Decrescente";"Atropelamento de animal";1;0;0;0;0;0;0;0;0;0;1;0;0;0;0
"02/01/2025";"12:54:08";"144";"Sem vítima";"51,243";"BR-163/MS";"Decrescente";"Acidentes de outra natureza";1;0;0;0;0;0;0;0;0;0;1;0;0;0;0
"02/01/2025";"14:31:59";"163";"Com vítima";"548,000";"BR-163/MS";"Crescente";"Colisão lateral no mesmo sentido";2;0;0;0;0;0;0;0;0;0;2;1;0;0;0
"02/01/2025";"15:24:31";"170";"Com vítima";"398,885";"BR-163/MS";"Crescente";"Colisão traseira";1;0;0;0;0;0;0;0;0;1;1;1;0;0;0
"03/01/2025";"00:35:47";"15";"Sem vítima";"427,526";"BR-163/MS";"Crescente";"Atropelamento de animal";1;0;0;0;0;0;0;0;0;0;2;0;0;0;0
"03/01/2025";"07:06:05";"67";"Sem vítima";"612,209";"BR-163/MS";"Crescente";"Colisão traseira";1;0;0;0;0;0;0;0;0;0;1;0;0;0;0
"03/01/2025";"11:39:09";"133";"Com vítima";"729,644";"BR-163/MS";"Crescente";"Colisão traseira";0;0;0;0;0;0;0;0;0;1;0;1;0;0;0
"03/01/2025";"13:31:13";"154";"Sem vítima";"194,646";"BR-163/MS";"Decrescente";"Capotamento";0;0;0;0;0;0;0;0;0;1;1;0;0;0;0
"03/01/2025";"18:22:25";"224";"Sem vítima";"793,613";"BR-163/MS";"Decrescente";"Colisão lateral no mesmo sentido";1;0;0;0;0;0;0;0;0;0;1;0;0;0;0
"03/01/2025";"22:52:37";"257";"Sem vítima";"559,000";"BR-163/MS";"Decrescente";"Atropelamento de animal";1;0;0;0;0;0;0;0;0;0;1;0;0;0;0
"04/01/2025";"11:19:50";"125";"Sem vítima";"756,205";"BR-163/MS";"Decrescente";"Colisão lateral no mesmo sentido";1;0;0;0;0;0;0;0;0;0;1;0;0;0;0
"04/01/2025";"14:05:57";"159";"Sem vítima";"533,214";"BR-163/MS";"Decrescente";"Colisão traseira";1;0;0;0;0;0;0;0;0;0;1;0;0;0;0
"04/01/2025";"20:34:15";"278";"Sem vítima";"84,500";"BR-163/MS";"Crescente";"Colisão traseira";1;0;0;0;0;0;0;0;0;0;1;0;0;0;0
"04/01/2025";"21:09:36";"281";"Com vítima";"80,000";"BR-163/MS";"Decrescente";"Queda de moto";1;0;0;0;0;0;0;0;0;0;0;1;0;0;0
"05/01/2025";"18:17:27";"193";"Sem vítima";"126,802";"BR-163/MS";"Crescente";"Acidentes de outra natureza";1;0;0;0;0;0;0;0;0;0;1;0;0;0;0
"05/01/2025";"21:52:48";"231";"Sem vítima";"414,190";"BR-163/MS";"Crescente";"Atropelamento de animal";1;0;0;0;0;0;0;0;0;0;2;0;0;0;0
"06/01/2025";"06:51:47";"58";"Com vítima";"617,335";"BR-163/MS";"Crescente";"Colisão traseira";1;0;0;0;0;0;0;0;0;0;0;1;0;0;0
"06/01/2025";"09:46:09";"119";"Sem vítima";"1,800";"BR-163/MS";"Crescente";"Colisão traseira";0;0;0;0;0;0;0;0;0;1;1;0;0;0;0
"06/01/2025";"12:38:56";"164";"Sem vítima";"670,650";"BR-163/MS";"Decrescente";"Acidentes de outra natureza";1;0;0;0;0;0;0;0;0;0;1;0;0;0;0
"06/01/2025";"16:20:24";"227";"Com vítima";"485,957";"BR-163/MS";"Decrescente";"Queda de moto";0;0;0;1;0;0;0;0;0;0;0;1;0;0;0
"07/01/2025";"09:13:07";"155";"Sem vítima";"550,499";"BR-163/MS";"Crescente";"Capotamento";0;0;0;0;0;0;0;0;0;1;1;0;0;0;0
"07/01/2025";"09:45:03";"169";"Com vítima";"518,905";"BR-163/MS";"Crescente";"Choque";1;0;0;0;0;0;0;0;0;0;0;0;1;0;0
"07/01/2025";"11:09:22";"183";"Sem vítima";"556,716";"BR-163/MS";"Decrescente";"Colisão traseira";0;0;0;0;0;0;0;0;0;2;2;0;0;0;0
"08/01/2025";"08:55:40";"85";"Sem vítima";"99,436";"BR-163/MS";"Crescente";"Colisão traseira";0;0;0;0;0;0;0;0;0;1;1;0;0;0;0
"08/01/2025";"13:11:07";"145";"Sem vítima";"238,310";"BR-163/MS";"Decrescente";"Colisão traseira";0;0;2;0;0;0;0;0;0;0;1;0;0;0;0