data;horario;n_da_ocorrencia;tipo_de_ocorrencia;km;trecho;sentido;tipo_de_acidente;automovel;bicicleta;caminhao;moto;onibus;outros;tracao_animal;transporte_de_cargas_especiais;trator_maquinas;utilitarios;ilesos;levemente_feridos;moderadamente_feridos;gravemente_feridos;mortos
"09/01/2025";"10:49:26";"203";"Com vítima";"183,493";"BR-163/MS";"Decrescente";"Capotamento";0;0;0;0;0;0;0;0;0;1;3;1;0;0;0
"09/01/2025";"14:11:31";"252";"Sem vítima";"188,730";"BR-163/MS";"Crescente";"Tombamento";0;0;1;0;0;0;0;0;0;0;1;0;0;0;0
"09/01/2025";"16:13:06";"280";"Com vítima";"527,439";"BR-163/MS";"Crescente";"Choque";1;0;1;0;0;0;0;0;0;0;3;2;0;0;0
"09/01/2025";"22:08:58";"390";"Com vítima";"267,843";"BR-163/MS";"Crescente";"Colisão lateral no mesmo sentido";0;0;0;1;0;0;0;0;0;0;0;0;1;0;0
"10/01/2025";"04:12:47";"33";"Com vítima";"60,000";"BR-163/MS";"Decrescente";"Queda de moto";0;0;0;1;0;0;0;0;0;0;0;0;0;1;0
"10/01/2025";"05:27:52";"47";"Sem vítima";"723,103";"BR-163/MS";"Decrescente";"Choque";1;0;0;0;0;0;0;0;0;0;1;0;0;0;0
"10/01/2025";"06:37:42";"97";"Com vítima";"254,957";"BR-163/MS";"Decrescente";"Queda de moto";0;0;0;1;0;0;0;0;0;0;0;0;0;0;1
"10/01/2025";"09:26:26";"156";"Com vítima";"680,317";"BR-163/MS";"Crescente";"Colisão lateral no mesmo sentido";0;0;0;1;0;0;0;0;0;0;0;1;0;0;0
"10/01/2025";"09:32:26";"159";"Sem vítima";"618,214";"BR-163/MS";"Crescente";"Queda de moto";0;0;0;1;0;0;0;0;0;0;1;0;0;0;0
"10/01/2025";"14:28:12";"240";"Sem vítima";"206,575";"BR-163/MS";"Decrescente";"Tombamento";0;0;0;0;0;2;0;0;0;0;0;0;0;0;0
"10/01/2025";"20:34:36";"348";"Com vítima";"680,360";"BR-163/MS";"Crescente";"Colisão transversal";0;0;0;1;0;3;0;0;0;0;0;1;0;0;0
"11/01/2025";"00:33:09";"12";"Com vítima";"837,308";"BR-163/MS";"Decrescente";"Queda de moto";0;0;0;1;0;0;0;0;0;0;0;0;1;0;0
"11/01/2025";"02:27:54";"16";"Sem vítima";"730,305";"BR-163/MS";"Decrescente";"Choque";0;0;0;0;0;0;0;0;0;1;1;0;0;0;0
"11/01/2025";"09:32:39";"73";"Com vítima";"795,459";"BR-163/MS";"Crescente";"Acidentes de outra natureza";1;0;0;0;0;0;0;0;0;0;0;1;0;0;0
"11/01/2025";"18:11:49";"168";"Sem vítima";"191,203";"BR-163/MS";"Decrescente";"Acidentes de outra natureza";0;0;1;0;0;0;0;0;0;0;1;0;0;0;0
"11/01/2025";"20:39:30";"198";"Sem vítima";"139,620";"BR-163/MS";"Crescente";"Atropelamento de animal";1;0;0;0;0;0;0;0;0;0;1;0;0;0;0
"11/01/2025";"20:49:08";"199";"Sem vítima";"226,919";"BR-163/MS";"Crescente";"Engavetamento";0;0;0;0;0;0;0;0;0;1;1;0;0;0;0
"12/01/2025";"05:28:26";"44";"Com vítima";"461,484";"BR-163/MS";"Decrescente";"Colisão transversal";0;0;0;1;0;0;0;0;0;0;0;0;0;1;0
"12/01/2025";"08:19:51";"76";"Com vítima";"483,157";"BR-163/MS";"Crescente";"Colisão transversal";1;0;0;0;0;0;0;0;0;0;0;1;0;0;0
"12/01/2025";"12:19:39";"114";"Sem vítima";"484,392";"BR-163/MS";"Decrescente";"Colisão lateral no mesmo sentido";1;0;0;0;0;0;0;0;0;0;1;0;0;0;0
"12/01/2025";"18:35:00";"179";"Com vítima";"370,431";"BR-163/MS";"Crescente";"Acidentes de outra natureza";1;0;0;0;0;0;0;0;0;0;0;0;1;0;0
"13/01/2025";"13:34:12";"179";"Com vítima";"582,376";"BR-163/MS";"Crescente";"Acidentes de outra natureza";1;0;0;0;0;0;0;0;0;0;0;1;0;0;0
"13/01/2025";"18:23:55";"236";"Sem vítima";"64,617";"BR-163/MS";"Decrescente";"Acidentes de outra natureza";0;0;1;0;0;0;0;0;0;0;1;0;0;0;0
"13/01/2025";"18:33:56";"239";"Sem vítima";"13,823";"BR-163/MS";"Crescente";"Acidentes de outra natureza";1;0;0;0;0;0;0;0;0;0;1;0;0;0;0
"13/01/2025";"19:06:41";"243";"Sem vítima";"266,861";"BR-163/MS";"Crescente";"Acidentes de outra natureza";0;0;0;0;0;0;0;0;0;1;1;0;0;0;0
"13/01/2025";"22:09:40";"263";"Com vítima";"257,508";"BR-163/MS";"Decrescente";"Colisão lateral no mesmo sentido";0;0;0;1;0;0;0;0;0;1;1;1;0;0;0
"14/01/2025";"08:13:24";"102";"Sem vítima";"595,000";"BR-163/MS";"Crescente";"Acidentes de outra natureza";1;0;0;0;0;0;0;0;0;0;1;0;0;0;0
"14/01/2025";"13:50:21";"206";"Sem vítima";"278,754";"BR-163/MS";"Decrescente";"Acidentes de outra natureza";0;0;0;0;0;0;0;0;0;1;1;0;0;0;0
"14/01/2025";"16:49:09";"254";"Sem vítima";"745,000";"BR-163/MS";"Crescente";"Colisão traseira";0;0;0;0;0;0;0;0;0;1;1;0;0;0;0
"14/01/2025";"16:54:14";"256";"Sem vítima";"264,000";"BR-163/MS";"Crescente";"Acidentes de outra natureza";0;0;0;0;0;0;0;0;0;1;1;0;0;0;0
"14/01/2025";"18:55:37";"308";"Com vítima";"681,311";"BR-163/MS";"Crescente";"Colisão transversal";1;0;0;0;0;0;0;0;0;0;0;1;0;0;0
"15/01/2025";"07:57:55";"82";"Com vítima";"316,649";"BR-163/MS";"Crescente";"Tombamento";0;0;0;0;0;2;0;0;0;0;0;0;0;0;0
"15/01/2025";"10:00:04";"132";"Sem vítima";"656,500";"BR-163/MS";"Decrescente";"Engavetamento";1;0;0;0;0;0;0;0;0;0;1;0;0;0;0
"15/01/2025";"13:24:11";"176";"Com vítima";"529,950";"BR-163/MS";"Crescente";"Tombamento";0;0;1;0;0;1;0;0;0;0;0;1;0;0;0
"15/01/2025";"16:39:09";"226";"Sem vítima";"90,600";"BR-163/MS";"Decrescente";"Acidentes de outra natureza";1;0;0;0;0;0;0;0;0;0;1;0;0;0;0
"15/01/2025";"19:29:25";"264";"Com vítima";"456,000";"BR-163/MS";"Decrescente";"Colisão lateral no mesmo sentido";0;0;0;0;0;0;0;0;0;1;0;1;0;0;0
"15/01/2025";"20:17:11";"268";"Sem vítima";"517,000";"BR-163/MS";"Decrescente";"Atropelamento de animal";1;0;0;0;0;0;0;0;0;0;1;0;0;0;0
"16/01/2025";"10:12:48";"152";"Sem vítima";"206,000";"BR-163/MS";"Crescente";"Tombamento";0;0;1;0;0;1;0;0;0;0;1;0;0;0;0
"16/01/2025";"15:39:35";"213";"Com vítima";"610,412";"BR-163/MS";"Decrescente";"Queda de moto";0;0;0;1;0;0;0;0;0;0;0;0;1;0;0
"16/01/2025";"15:43:53";"216";"Sem vítima";"581,000";"BR-163/MS";"Crescente";"Acidentes de outra natureza";1;0;0;0;0;0;0;0;0;0;1;0;0;0;0
"16/01/2025";"17:29:53";"233";"Com vítima";"473,000";"BR-163/MS";"Crescente";"Queda de moto";0;0;0;1;0;0;0;0;0;0;0;1;0;0;0
"16/01/2025";"17:55:26";"238";"Com vítima";"31,431";"BR-163/MS";"Crescente";"Colisão transversal";0;0;0;0;0;5;0;0;0;0;0;0;0;0;0
"16/01/2025";"21:56:01";"278";"Sem vítima";"404,103";"BR-163/MS";"Crescente";"Atropelamento de animal";0;0;1;0;0;0;0;0;0;0;1;0;0;0;0
"17/01/2025";"01:55:54";"24";"Com vítima";"21,556";"BR-163/MS";"Decrescente";"Queda de moto";0;0;0;1;0;0;0;0;0;0;0;1;0;0;0
"17/01/2025";"07:20:55";"88";"Com vítima";"179,995";"BR-163/MS";"Crescente";"Capotamento";0;0;0;0;0;0;0;0;0;1;0;1;0;0;0
"17/01/2025";"13:43:47";"190";"Com vítima";"186,861";"BR-163/MS";"Decrescente";"Tombamento";0;0;0;0;0;2;0;0;0;0;0;0;0;0;0
"17/01/2025";"16:14:37";"217";"Com vítima";"470,788";"BR-163/MS";"Crescente";"Colisão transversal";1;0;0;0;0;0;0;0;0;0;0;1;0;0;0
"17/01/2025";"20:18:55";"261";"Sem vítima";"665,859";"BR-163/MS";"Crescente";"Atropelamento de animal";1;0;0;0;0;0;0;0;0;0;1;0;0;0;0
"18/01/2025";"04:52:48";"34";"Com vítima";"348,295";"BR-163/MS";"Decrescente";"Choque";1;0;0;0;0;0;0;0;0;0;3;1;0;0;0
"18/01/2025";"08:48:42";"96";"Com vítima";"289,500";"BR-163/MS";"Decrescente";"Colisão frontal";0;0;0;1;0;0;0;0;0;0;0;1;0;0;0
"18/01/2025";"19:12:46";"274";"Sem vítima";"779,177";"BR-163/MS";"Crescente";"Atropelamento de animal";0;0;1;0;0;0;0;0;0;0;2;0;0;0;0
"18/01/2025";"22:55:27";"297";"Sem vítima";"407,577";"BR-163/MS";"Crescente";"Atropelamento de animal";1;0;0;0;0;0;0;0;0;0;1;0;0;0;0
"19/01/2025";"01:40:10";"16";"Sem vítima";"41,706";"BR-163/MS";"Crescente";"Acidentes de outra natureza";1;0;0;0;0;0;0;0;0;0;1;0;0;0;0
"19/01/2025";"16:26:30";"168";"Sem vítima";"812,600";"BR-163/MS";"Decrescente";"Colisão traseira";1;0;0;0;0;0;0;0;0;0;1;0;0;0;0
"19/01/2025";"18:31:49";"191";"Sem vítima";"372,375";"BR-163/MS";"Decrescente";"Capotamento";1;0;0;0;0;0;0;0;0;0;1;0;0;0;0
"19/01/2025";"23:59:41";"212";"Sem vítima";"424,000";"BR-163/MS";"Decrescente";"Atropelamento de animal";1;0;0;0;0;0;0;0;0;0;1;0;0;0;0
"20/01/2025";"04:58:57";"23";"Com vítima";"567,577";"BR-163/MS";"Decrescente";"Tombamento";0;0;1;0;0;1;0;0;0;0;0;1;0;0;0
"20/01/2025";"11:18:00";"150";"Sem vítima";"206,000";"BR-163/MS";"Crescente";"Colisão transversal";0;0;1;0;0;2;0;0;0;0;1;0;0;0;0
"20/01/2025";"13:59:46";"192";"Sem vítima";"117,746";"BR-163/MS";"Decrescente";"Acidentes de outra natureza";0;0;0;0;0;0;0;0;0;1;1;0;0;0;0
"20/01/2025";"14:07:13";"199";"Sem vítima";"117,000";"BR-163/MS";"Decrescente";"Acidentes de outra natureza";0;0;0;0;0;0;0;0;0;1;1;0;0;0;0
"20/01/2025";"19:26:01";"258";"Sem vítima";"436,202";"BR-163/MS";"Crescente";"Atropelamento de animal";0;0;0;0;0;0;0;0;0;1;1;0;0;0;0
"21/01/2025";"19:45:00";"270";"Com vítima";"591,203";"BR-163/MS";"Decrescente";"Atropelamento de pedestre";1;0;0;0;0;0;0;0;0;0;0;1;0;0;0
"21/01/2025";"23:00:42";"287";"Com vítima";"21,262";"BR-163/MS";"Decrescente";"Colisão transversal";0;0;0;1;0;0;0;0;0;0;0;1;0;0;0
"22/01/2025";"05:32:28";"35";"Sem vítima";"799,967";"BR-163/MS";"Decrescente";"Tombamento";0;0;0;0;0;3;0;0;0;0;0;0;0;0;0
"22/01/2025";"13:59:18";"186";"Com vítima";"752,000";"BR-163/MS";"Crescente";"Colisão lateral no mesmo sentido";0;0;1;0;0;0;0;0;0;1;1;1;0;0;0
"22/01/2025";"20:12:47";"253";"Sem vítima";"486,730";"BR-163/MS";"Crescente";"Colisão traseira";1;0;0;0;0;0;0;0;0;0;1;0;0;0;0
"23/01/2025";"02:55:47";"29";"Sem vítima";"626,145";"BR-163/MS";"Decrescente";"Acidentes de outra natureza";1;0;0;0;0;0;0;0;0;0;1;0;0;0;0
"23/01/2025";"12:43:01";"188";"Com vítima";"615,353";"BR-163/MS";"Crescente";"Colisão transversal";0;0;0;1;0;1;0;0;0;1;0;1;0;0;0
"23/01/2025";"12:48:55";"190";"Com vítima";"10,950";"BR-163/MS";"Decrescente";"Acidentes de outra natureza";0;0;0;0;0;0;0;0;0;1;0;1;0;0;0
"23/01/2025";"17:41:08";"246";"Com vítima";"364,367";"BR-163/MS";"Decrescente";"Colisão traseira";0;0;1;0;0;3;0;0;0;0;1;0;0;0;0
"23/01/2025";"20:11:18";"275";"Sem vítima";"600,456";"BR-163/MS";"Crescente";"Atropelamento de animal";1;0;0;0;0;0;0;0;0;0;1;0;0;0;0
"24/01/2025";"01:11:28";"21";"Sem vítima";"8,902";"BR-163/MS";"Decrescente";"Choque";0;0;0;0;0;0;0;0;0;1;1;0;0;0;0
"24/01/2025";"05:55:23";"46";"Sem vítima";"423,907";"BR-163/MS";"Crescente";"Atropelamento de animal";1;0;0;0;0;0;0;0;0;0;1;0;0;0;0
"24/01/2025";"09:44:31";"140";"Com vítima";"455,726";"BR-163/MS";"Decrescente";"Queda de moto";0;0;0;1;0;0;0;0;0;0;0;1;0;0;0
"24/01/2025";"10:01:41";"148";"Sem vítima";"342,000";"BR-163/MS";"Decrescente";"Colisão traseira";1;0;0;0;0;0;0;0;0;0;1;0;0;0;0
"24/01/2025";"11:40:12";"181";"Sem vítima";"533,813";"BR-163/MS";"Decrescente";"Colisão traseira";1;0;0;0;0;0;0;0;0;0;1;0;0;0;0
"24/01/2025";"23:21:42";"319";"Sem vítima";"227,000";"BR-163/MS";"Decrescente";"Atropelamento de animal";1;0;0;0;0;0;0;0;0;0;1;0;0;0;0
"25/01/2025";"05:38:14";"40";"Com vítima";"793,472";"BR-163/MS";"Decrescente";"Queda de moto";0;0;0;1;0;0;0;0;0;0;0;0;1;0;0
"25/01/2025";"11:14:24";"124";"Sem vítima";"75,598";"BR-163/MS";"Crescente";"Choque";0;0;0;0;0;0;0;0;0;1;1;0;0;0;0
"25/01/2025";"14:44:48";"167";"Com vítima";"673,660";"BR-163/MS";"Crescente";"Tombamento";0;0;1;0;0;0;0;0;0;0;1;0;0;0;0
"25/01/2025";"14:49:51";"168";"Sem vítima";"675,500";"BR-163/MS";"Crescente";"Colisão lateral no mesmo sentido";0;0;1;0;0;0;0;0;0;0;1;0;0;0;0
"25/01/2025";"15:54:10";"181";"Sem vítima";"696,179";"BR-163/MS";"Decrescente";"Tombamento";0;0;0;0;0;2;0;0;0;0;0;0;0;0;0
"25/01/2025";"16:27:12";"184";"Sem vítima";"28,200";"BR-163/MS";"Decrescente";"Choque";1;0;0;0;0;0;0;0;0;0;1;0;0;0;0
"26/01/2025";"06:18:01";"54";"Com vítima";"843,285";"BR-163/MS";"Decrescente";"Tombamento";0;0;1;0;0;1;0;0;0;0;0;1;0;0;0
"26/01/2025";"13:45:48";"138";"Sem vítima";"662,141";"BR-163/MS";"Decrescente";"Tombamento";0;0;0;0;0;2;0;0;0;0;0;0;0;0;0
"26/01/2025";"17:16:49";"170";"Sem vítima";"485,858";"BR-163/MS";"Decrescente";"Tombamento";0;0;0;0;0;0;0;0;0;0;0;0;0;0;0
"26/01/2025";"20:30:48";"209";"Com vítima";"500,516";"BR-163/MS";"Decrescente";"Colisão traseira";0;0;0;1;0;0;0;0;0;0;0;0;1;0;0
"26/01/2025";"20:45:16";"210";"Sem vítima";"493,522";"BR-163/MS";"Decrescente";"Atropelamento de animal";0;0;0;0;0;0;0;0;0;1;1;0;0;0;0
"27/01/2025";"03:04:05";"26";"Sem vítima";"349,302";"BR-163/MS";"Crescente";"Acidentes de outra natureza";0;0;0;0;0;0;0;0;0;1;1;0;0;0;0
"27/01/2025";"05:02:24";"36";"Sem vítima";"567,000";"BR-163/MS";"Crescente";"Acidentes de outra natureza";0;0;0;0;0;0;0;0;0;1;1;0;0;0;0
"27/01/2025";"17:17:16";"221";"Com vítima";"730,000";"BR-163/MS";"Crescente";"Colisão lateral no mesmo sentido";0;0;0;1;0;0;0;0;0;0;0;1;0;0;0
"27/01/2025";"18:34:15";"230";"Com vítima";"484,373";"BR-163/MS";"Crescente";"Colisão transversal";1;0;1;1;0;0;0;0;0;0;2;0;0;0;1
"28/01/2025";"07:10:07";"56";"Sem vítima";"39,843";"BR-163/MS";"Decrescente";"Colisão traseira";0;0;0;0;0;0;0;0;0;1;1;0;0;0;0
"28/01/2025";"07:11:10";"57";"Com vítima";"469,288";"BR-163/MS";"Crescente";"Queda de moto";0;0;0;1;0;0;0;0;0;0;0;1;0;0;0
"28/01/2025";"08:16:11";"96";"Com vítima";"487,436";"BR-163/MS";"Crescente";"Colisão transversal";0;0;0;0;0;0;0;0;0;1;0;1;0;0;0
"28/01/2025";"11:39:58";"166";"Sem vítima";"490,727";"BR-163/MS";"Decrescente";"Colisão traseira";1;0;0;0;0;0;0;0;0;0;1;0;0;0;0
"28/01/2025";"16:48:44";"223";"Sem vítima";"466,454";"BR-163/MS";"Decrescente";"Colisão traseira";0;0;0;0;0;0;0;0;0;1;1;0;0;0;0
"29/01/2025";"10:52:06";"148";"Sem vítima";"192,000";"BR-163/MS";"Crescente";"Engavetamento";1;0;0;0;0;0;0;0;0;0;1;0;0;0;0
"29/01/2025";"18:09:13";"256";"Sem vítima";"260,776";"BR-163/MS";"Crescente";"Colisão lateral no mesmo sentido";1;0;0;0;0;0;0;0;0;0;1;0;0;0;0
"30/01/2025";"05:43:04";"65";"Sem vítima";"755,737";"BR-163/MS";"Crescente";"Acidentes de outra natureza";1;0;0;0;0;0;0;0;0;0;1;0;0;0;0
"30/01/2025";"12:41:53";"178";"Com vítima";"839,829";"BR-163/MS";"Crescente";"Tombamento";0;0;1;0;0;2;0;0;0;0;0;0;1;0;0
"30/01/2025";"14:14:29";"198";"Sem vítima";"189,914";"BR-163/MS";"Crescente";"Colisão traseira";0;0;0;0;0;0;0;0;0;1;1;0;0;0;0
"30/01/2025";"16:52:54";"230";"Sem vítima";"380,340";"BR-163/MS";"Crescente";"Capotamento";1;0;0;0;0;0;0;0;0;0;1;0;0;0;0
"30/01/2025";"17:27:48";"234";"Sem vítima";"253,200";"BR-163/MS";"Decrescente";"Tombamento";0;0;1;0;0;0;0;0;0;0;1;0;0;0;0
"30/01/2025";"18:03:50";"242";"Sem vítima";"588,556";"BR-163/MS";"Crescente";"Colisão transversal";0;0;0;0;0;0;0;0;0;1;1;0;0;0;0
"30/01/2025";"19:32:20";"257";"Sem vítima";"6,500";"BR-163/MS";"Decrescente";"Colisão lateral no mesmo sentido";1;0;0;0;0;0;0;0;0;0;2;0;0;0;0
"31/01/2025";"06:27:37";"45";"Com vítima";"223,970";"BR-163/MS";"Decrescente";"Queda de moto";0;0;0;1;0;0;0;0;0;0;0;0;0;1;0
"31/01/2025";"09:08:59";"108";"Com vítima";"206,212";"BR-163/MS";"Decrescente";"Colisão traseira";1;0;0;0;0;0;0;0;0;0;0;1;0;0;0
"31/01/2025";"22:05:53";"277";"Com vítima";"486,764";"BR-163/MS";"Decrescente";"Atropelamento de animal";0;0;0;1;0;0;0;0;0;0;0;1;0;0;0
"01/02/2025";"03:12:11";"33";"Sem vítima";"270,295";"BR-163/MS";"Decrescente";"Acidentes de outra natureza";0;0;1;0;0;0;0;0;0;0;1;0;0;0;0
"01/02/2025";"03:21:31";"36";"Sem vítima";"715,581";"BR-163/MS";"Crescente";"Acidentes de outra natureza";1;0;0;0;0;0;0;0;0;0;1;0;0;0;0
"01/02/2025";"19:31:32";"265";"Com vítima";"495,165";"BR-163/MS";"Decrescente";"Queda de moto";0;0;0;1;0;0;0;0;0;0;0;0;1;0;0
"01/02/2025";"19:32:18";"266";"Com vítima";"611,226";"BR-163/MS";"Decrescente";"Colisão traseira";1;0;0;0;0;0;0;0;0;0;1;1;0;0;0
"02/02/2025";"01:56:08";"23";"Com vítima";"519,480";"BR-163/MS";"Crescente";"Acidentes de outra natureza";1;0;0;0;0;0;0;0;0;0;0;2;0;0;0
"02/02/2025";"15:29:18";"154";"Sem vítima";"395,500";"BR-163/MS";"Crescente";"Acidentes de outra natureza";0;0;1;0;0;0;0;0;0;0;1;0;0;0;0
"02/02/2025";"18:54:08";"197";"Sem vítima";"270,522";"BR-163/MS";"Decrescente";"Colisão traseira";1;0;0;0;0;0;0;0;0;0;1;0;0;0;0
"03/02/2025";"09:33:49";"136";"Sem vítima";"270,000";"BR-163/MS";"Decrescente";"Colisão traseira";1;1;0;0;0;0;0;0;0;0;0;0;0;0;0
"03/02/2025";"10:59:24";"156";"Com vítima";"682,183";"BR-163/MS";"Decrescente";"Atropelamento de pedestre";0;0;0;1;0;0;0;0;0;0;0;1;0;0;0
"03/02/2025";"19:58:43";"298";"Sem vítima";"495,401";"BR-163/MS";"Decrescente";"Choque";1;0;0;0;0;0;0;0;0;0;1;0;0;0;0
"03/02/2025";"21:29:02";"315";"Sem vítima";"301,405";"BR-163/MS";"Decrescente";"Acidentes de outra natureza";0;0;0;0;0;0;0;0;0;1;1;0;0;0;0
"04/02/2025";"04:45:20";"38";"Com vítima";"736,280";"BR-163/MS";"Decrescente";"Tombamento";0;0;1;0;0;1;0;0;0;0;0;1;0;0;0
"04/02/2025";"06:27:45";"73";"Sem vítima";"603,343";"BR-163/MS";"Crescente";"Colisão traseira";0;0;0;0;0;0;0;0;0;1;1;0;0;0;0
"04/02/2025";"12:59:05";"191";"Sem vítima";"639,195";"BR-163/MS";"Crescente";"Acidentes de outra natureza";1;0;0;0;0;0;0;0;0;0;1;0;0;0;0
"04/02/2025";"19:45:44";"295";"Com vítima";"341,107";"BR-163/MS";"Crescente";"Colisão transversal";0;0;0;1;0;0;0;0;0;0;0;1;0;0;0
"04/02/2025";"20:47:49";"303";"Sem vítima";"381,587";"BR-163/MS";"Decrescente";"Atropelamento de animal";0;0;0;0;0;0;0;0;0;1;1;0;0;0;0
"05/02/2025";"11:48:43";"167";"Com vítima";"550,212";"BR-163/MS";"Crescente";"Capotamento";0;0;0;0;0;0;0;0;0;1;0;1;0;1;0
"06/02/2025";"07:46:58";"105";"Sem vítima";"270,875";"BR-163/MS";"Decrescente";"Colisão traseira";1;0;0;0;0;0;0;0;0;0;1;0;0;0;0
"06/02/2025";"09:24:41";"145";"Sem vítima";"564,607";"BR-163/MS";"Crescente";"Colisão traseira";0;0;1;0;0;2;0;0;0;0;1;0;0;0;0
"06/02/2025";"10:11:32";"161";"Sem vítima";"615,475";"BR-163/MS";"Crescente";"Colisão transversal";0;0;0;0;0;0;0;0;0;1;1;0;0;0;0
"06/02/2025";"14:58:18";"227";"Sem vítima";"250,882";"BR-163/MS";"Decrescente";"Acidentes de outra natureza";0;0;1;0;0;1;0;0;0;0;1;0;0;0;0
"06/02/2025";"15:05:05";"228";"Com vítima";"74,225";"BR-163/MS";"Decrescente";"Colisão lateral no mesmo sentido";1;0;1;0;0;1;0;0;0;0;1;1;0;0;0
"06/02/2025";"18:01:40";"264";"Com vítima";"281,315";"BR-163/MS";"Decrescente";"Queda de moto";0;0;0;1;0;0;0;0;0;0;0;1;0;0;0
"06/02/2025";"19:33:40";"290";"Sem vítima";"775,363";"BR-163/MS";"Decrescente";"Choque";1;0;0;0;0;0;0;0;0;0;1;0;0;0;0
"07/02/2025";"01:11:03";"17";"Sem vítima";"719,818";"BR-163/MS";"Crescente";"Atropelamento de animal";0;0;1;0;0;0;0;0;0;0;0;0;0;0;0
"07/02/2025";"07:19:13";"92";"Com vítima";"482,586";"BR-163/MS";"Decrescente";"Colisão traseira";0;0;0;1;0;0;0;0;0;0;0;1;0;0;0
"07/02/2025";"18:42:45";"276";"Com vítima";"307,500";"BR-163/MS";"Decrescente";"Capotamento";1;0;0;0;0;0;0;0;0;0;0;1;0;0;0
"07/02/2025";"22:26:44";"303";"Sem vítima";"610,477";"BR-163/MS";"Crescente";"Atropelamento de animal";1;0;0;0;0;0;0;0;0;0;1;0;0;0;0
"08/02/2025";"15:31:58";"147";"Sem vítima";"609,611";"BR-163/MS";"Crescente";"Acidentes de outra natureza";0;0;1;0;0;1;0;0;0;0;1;0;0;0;0
"08/02/2025";"18:28:57";"182";"Com vítima";"13,831";"BR-163/MS";"Decrescente";"Acidentes de outra natureza";1;0;0;0;0;0;0;0;0;0;0;0;1;0;0
"08/02/2025";"18:50:06";"190";"Sem vítima";"260,000";"BR-163/MS";"Decrescente";"Atropelamento de animal";0;0;1;0;0;0;0;0;0;0;1;0;0;0;0
"09/02/2025";"06:23:28";"37";"Sem vítima";"257,508";"BR-163/MS";"Decrescente";"Choque";1;0;0;0;0;0;0;0;0;0;1;0;0;0;0
"09/02/2025";"15:42:32";"147";"Com vítima";"40,485";"BR-163/MS";"Decrescente";"Choque";0;0;0;1;0;0;0;0;0;0;0;0;0;1;0
"09/02/2025";"18:46:21";"189";"Com vítima";"483,187";"BR-163/MS";"Decrescente";"Tombamento";0;0;0;0;0;0;0;0;0;0;0;0;0;0;0
"10/02/2025";"15:40:01";"206";"Sem vítima";"253,851";"BR-163/MS";"Crescente";"Tombamento";0;0;1;0;0;2;0;0;0;0;1;0;0;0;0
"10/02/2025";"16:39:04";"221";"Sem vítima";"776,789";"BR-163/MS";"Crescente";"Choque";1;0;0;0;0;0;0;0;0;0;1;0;0;0;0
"11/02/2025";"11:47:39";"196";"Sem vítima";"18,000";"BR-163/MS";"Crescente";"Colisão lateral no mesmo sentido";0;0;0;0;0;0;0;0;0;1;1;0;0;0;0
"11/02/2025";"12:44:08";"204";"Com vítima";"575,000";"BR-163/MS";"Decrescente";"Colisão lateral no mesmo sentido";0;0;0;0;0;0;0;0;0;2;1;1;0;0;0
"11/02/2025";"17:27:23";"270";"Com vítima";"275,683";"BR-163/MS";"Decrescente";"Queda de moto";0;0;0;1;0;0;0;0;0;0;0;1;0;0;0
"11/02/2025";"19:49:34";"294";"Com vítima";"256,859";"BR-163/MS";"Decrescente";"Queda de moto";0;0;0;1;0;0;0;0;0;0;0;1;0;0;0
"11/02/2025";"21:55:29";"310";"Com vítima";"43,620";"BR-163/MS";"Crescente";"Choque";0;0;0;0;0;0;0;0;0;1;0;1;0;0;0
"12/02/2025";"05:25:19";"39";"Sem vítima";"667,000";"BR-163/MS";"Crescente";"Atropelamento de animal";1;0;0;0;0;0;0;0;0;0;1;0;0;0;0
"12/02/2025";"07:08:47";"69";"Com vítima";"476,000";"BR-163/MS";"Decrescente";"Queda de moto";0;0;0;1;0;0;0;0;0;0;0;1;0;0;0
"12/02/2025";"08:34:22";"125";"Sem vítima";"318,000";"BR-163/MS";"Decrescente";"Colisão transversal";1;0;1;0;0;0;0;0;0;0;2;0;0;0;0
"12/02/2025";"15:42:13";"245";"Com vítima";"546,851";"BR-163/MS";"Crescente";"Colisão frontal";0;0;0;0;0;0;0;0;0;1;0;1;0;0;0
"12/02/2025";"20:38:31";"300";"Sem vítima";"241,000";"BR-163/MS";"Decrescente";"Acidentes de outra natureza";0;0;1;0;0;0;0;0;0;0;1;0;0;0;0
"12/02/2025";"21:14:08";"307";"Sem vítima";"379,000";"BR-163/MS";"Crescente";"Atropelamento de animal";0;0;1;0;0;0;0;0;0;0;1;0;0;0;0