data;horario;n_da_ocorrencia;tipo_de_ocorrencia;km;trecho;sentido;tipo_de_acidente;automovel;bicicleta;caminhao;moto;onibus;outros;tracao_animal;transporte_de_cargas_especiais;trator_maquinas;utilitarios;ilesos;levemente_feridos;moderadamente_feridos;gravemente_feridos;mortos
"13/02/2025";"14:59:53";"213";"Com vítima";"53,677";"BR-163/MS";"Crescente";"Capotamento";1;0;0;0;0;0;0;0;0;0;0;1;0;0;0
"13/02/2025";"15:47:59";"224";"Com vítima";"728,260";"BR-163/MS";"Crescente";"Colisão traseira";0;0;0;0;0;0;0;0;0;1;0;1;0;0;0
"13/02/2025";"19:51:53";"278";"Sem vítima";"343,247";"BR-163/MS";"Crescente";"Atropelamento de animal";1;0;0;0;0;0;0;0;0;0;3;0;0;0;0
"13/02/2025";"20:01:19";"281";"Sem vítima";"486,705";"BR-163/MS";"Crescente";"Colisão traseira";2;0;0;0;0;0;0;0;0;1;5;0;0;0;0
"13/02/2025";"20:27:14";"285";"Sem vítima";"539,187";"BR-163/MS";"Decrescente";"Acidentes de outra natureza";0;0;0;0;0;0;0;0;0;1;2;0;0;0;0
"14/02/2025";"05:23:14";"33";"Com vítima";"691,164";"BR-163/MS";"Decrescente";"Tombamento";0;0;0;0;0;3;0;0;0;0;0;0;0;0;0
"14/02/2025";"09:20:17";"112";"Sem vítima";"491,452";"BR-163/MS";"Decrescente";"Colisão traseira";2;0;0;0;0;0;0;0;0;0;5;0;0;0;0
"14/02/2025";"09:57:06";"123";"Sem vítima";"743,162";"BR-163/MS";"Crescente";"Tombamento";0;0;0;0;0;1;0;0;0;1;3;0;0;0;0
"15/02/2025";"07:50:13";"68";"Sem vítima";"1,500";"BR-163/MS";"Crescente";"Colisão traseira";1;0;0;0;0;0;0;0;0;2;3;0;0;0;0
"15/02/2025";"13:04:41";"147";"Sem vítima";"13,900";"BR-163/MS";"Decrescente";"Acidentes de outra natureza";1;0;0;0;0;0;0;0;0;0;1;0;0;0;0
"15/02/2025";"13:47:15";"156";"Sem vítima";"658,000";"BR-163/MS";"Crescente";"Acidentes de outra natureza";0;0;0;0;0;0;0;0;0;1;3;0;0;0;0
"15/02/2025";"14:26:44";"169";"Com vítima";"267,314";"BR-163/MS";"Decrescente";"Queda de moto";0;0;0;1;0;0;0;0;0;0;0;1;0;0;0
"15/02/2025";"17:09:41";"202";"Com vítima";"75,848";"BR-163/MS";"Decrescente";"Acidentes de outra natureza";0;0;0;0;0;0;0;0;1;0;0;0;0;0;0
"15/02/2025";"18:02:10";"216";"Com vítima";"482,000";"BR-163/MS";"Crescente";"Colisão transversal";1;0;0;1;0;0;0;0;0;0;2;0;1;0;0
"15/02/2025";"19:30:18";"230";"Com vítima";"386,435";"BR-163/MS";"Crescente";"Choque";1;0;0;0;0;0;0;0;0;0;2;1;0;0;0
"16/02/2025";"04:30:22";"27";"Sem vítima";"659,000";"BR-163/MS";"Crescente";"Atropelamento de animal";0;0;0;0;0;0;0;0;0;1;1;0;0;0;0
"16/02/2025";"05:47:08";"36";"Sem vítima";"192,272";"BR-163/MS";"Crescente";"Tombamento";0;0;1;0;0;2;0;0;0;0;1;0;0;0;0
"16/02/2025";"08:47:27";"88";"Sem vítima";"132,381";"BR-163/MS";"Decrescente";"Queda de moto";0;0;0;1;0;0;0;0;0;0;1;0;0;0;0
"16/02/2025";"14:47:11";"161";"Com vítima";"283,581";"BR-163/MS";"Decrescente";"Choque";0;0;0;1;0;0;0;0;0;0;0;0;1;0;0
"16/02/2025";"16:56:05";"182";"Sem vítima";"674,000";"BR-163/MS";"Decrescente";"Acidentes de outra natureza";1;0;0;0;0;0;0;0;0;0;1;0;0;0;0
"16/02/2025";"17:41:57";"193";"Sem vítima";"188,707";"BR-163/MS";"Decrescente";"Colisão traseira";0;0;0;0;0;1;0;0;0;2;3;0;0;0;0
"17/02/2025";"09:02:26";"111";"Com vítima";"485,630";"BR-163/MS";"Crescente";"Colisão traseira";0;0;1;0;0;0;0;0;0;2;5;1;0;0;0
"17/02/2025";"13:14:17";"176";"Sem vítima";"221,650";"BR-163/MS";"Decrescente";"Colisão traseira";0;0;2;0;0;1;0;0;0;0;2;0;0;0;0
"17/02/2025";"18:26:49";"237";"Com vítima";"487,000";"BR-163/MS";"Decrescente";"Colisão transversal";1;0;0;0;0;0;0;0;0;0;0;1;0;0;0
"17/02/2025";"20:02:56";"259";"Sem vítima";"516,000";"BR-163/MS";"Crescente";"Atropelamento de animal";1;0;0;0;0;0;0;0;0;0;2;0;0;0;0
"18/02/2025";"13:18:59";"211";"Com vítima";"607,169";"BR-163/MS";"Crescente";"Capotamento";0;0;0;0;0;0;0;0;0;1;0;1;0;0;0
"19/02/2025";"04:59:23";"22";"Com vítima";"614,361";"BR-163/MS";"Decrescente";"Colisão transversal";2;0;0;0;0;0;0;0;0;0;2;1;0;0;0
"19/02/2025";"06:09:51";"30";"Com vítima";"354,460";"BR-163/MS";"Decrescente";"Capotamento";1;0;0;0;0;0;0;0;0;0;0;1;0;0;0
"19/02/2025";"19:38:18";"248";"Sem vítima";"709,500";"BR-163/MS";"Decrescente";"Choque";1;0;0;0;0;0;0;0;0;0;2;0;0;0;0
"19/02/2025";"20:18:46";"253";"Com vítima";"420,321";"BR-163/MS";"Decrescente";"Colisão transversal";0;0;0;1;0;0;0;0;0;0;0;1;0;0;0
"19/02/2025";"21:50:31";"262";"Sem vítima";"530,717";"BR-163/MS";"Crescente";"Tombamento";0;0;0;0;0;0;0;0;0;0;0;0;0;0;0
"20/02/2025";"05:49:02";"42";"Com vítima";"690,697";"BR-163/MS";"Decrescente";"Colisão lateral no mesmo sentido";0;0;0;0;0;0;0;0;0;1;0;1;0;0;0
"20/02/2025";"06:41:23";"53";"Sem vítima";"604,000";"BR-163/MS";"Crescente";"Colisão traseira";0;0;0;0;0;1;0;0;0;0;0;0;0;0;0
"20/02/2025";"07:23:40";"72";"Sem vítima";"486,738";"BR-163/MS";"Decrescente";"Colisão lateral no mesmo sentido";1;0;0;0;0;0;0;0;0;1;3;0;0;0;0
"20/02/2025";"07:56:57";"93";"Sem vítima";"475,500";"BR-163/MS";"Decrescente";"Colisão traseira";1;0;0;0;0;0;0;0;0;1;2;0;0;0;0
"20/02/2025";"17:51:30";"237";"Sem vítima";"699,520";"BR-163/MS";"Crescente";"Colisão traseira";0;0;0;0;0;1;0;0;0;1;1;0;0;0;0
"21/02/2025";"01:09:22";"19";"Sem vítima";"299,626";"BR-163/MS";"Crescente";"Atropelamento de animal";0;0;1;0;0;0;0;0;0;0;1;0;0;0;0
"21/02/2025";"06:47:41";"91";"Sem vítima";"164,129";"BR-163/MS";"Crescente";"Tombamento";0;0;0;0;0;1;0;0;0;0;0;0;0;0;0
"21/02/2025";"11:31:01";"188";"Sem vítima";"507,152";"BR-163/MS";"Decrescente";"Colisão lateral no mesmo sentido";1;0;1;0;0;0;0;0;0;0;4;0;0;0;0
"21/02/2025";"14:05:12";"219";"Sem vítima";"462,930";"BR-163/MS";"Crescente";"Engavetamento";2;0;1;0;0;0;0;0;0;0;4;0;0;0;0
"21/02/2025";"21:02:46";"308";"Com vítima";"533,000";"BR-163/MS";"Decrescente";"Colisão traseira";0;0;0;1;0;0;0;0;0;0;0;1;0;0;0
"21/02/2025";"22:43:21";"321";"Sem vítima";"382,358";"BR-163/MS";"Decrescente";"Atropelamento de animal";0;0;0;0;0;0;0;0;0;1;3;0;0;0;0
"22/02/2025";"11:31:34";"124";"Com vítima";"100,228";"BR-163/MS";"Decrescente";"Colisão traseira";0;0;0;1;0;0;0;0;0;0;0;0;0;1;0
"22/02/2025";"15:13:57";"165";"Sem vítima";"823,979";"BR-163/MS";"Decrescente";"Acidentes de outra natureza";0;0;1;0;0;0;0;0;0;0;1;0;0;0;0
"22/02/2025";"19:20:39";"214";"Com vítima";"690,500";"BR-163/MS";"Crescente";"Colisão traseira";0;0;0;1;0;0;0;0;0;1;1;1;0;1;0
"22/02/2025";"19:33:29";"216";"Sem vítima";"419,939";"BR-163/MS";"Crescente";"Atropelamento de animal";1;0;0;0;0;0;0;0;0;0;3;0;0;0;0
"22/02/2025";"23:42:40";"252";"Com vítima";"261,274";"BR-163/MS";"Crescente";"Colisão transversal";0;0;0;1;0;0;0;0;0;0;0;0;1;0;0
"23/02/2025";"04:21:49";"27";"Sem vítima";"696,272";"BR-163/MS";"Crescente";"Atropelamento de animal";0;0;1;0;0;0;0;0;0;0;0;0;0;0;0
"23/02/2025";"04:44:57";"31";"Sem vítima";"622,579";"BR-163/MS";"Crescente";"Acidentes de outra natureza";1;0;0;0;0;0;0;0;0;0;2;0;0;0;0
"23/02/2025";"05:55:41";"42";"Com vítima";"174,376";"BR-163/MS";"Decrescente";"Queda de moto";0;0;0;1;0;0;0;0;0;0;0;1;0;0;0
"24/02/2025";"00:38:54";"10";"Sem vítima";"146,205";"BR-163/MS";"Decrescente";"Atropelamento de animal";0;0;0;0;0;0;0;0;0;1;1;0;0;0;0
"24/02/2025";"04:37:04";"36";"Com vítima";"39,562";"BR-163/MS";"Decrescente";"Colisão traseira";1;0;0;0;0;0;0;0;0;0;0;1;0;0;0
"24/02/2025";"05:28:52";"40";"Com vítima";"678,552";"BR-163/MS";"Crescente";"Choque";0;0;0;0;0;0;0;0;0;1;0;1;0;0;0
"24/02/2025";"05:52:48";"44";"Com vítima";"257,000";"BR-163/MS";"Decrescente";"Queda de moto";0;0;0;1;0;0;0;0;0;0;1;0;1;0;0
"24/02/2025";"18:33:29";"257";"Com vítima";"492,677";"BR-163/MS";"Crescente";"Colisão traseira";2;0;0;0;0;0;0;0;0;0;3;0;1;0;0
"24/02/2025";"19:13:16";"265";"Sem vítima";"373,459";"BR-163/MS";"Crescente";"Atropelamento de animal";0;0;0;1;0;0;0;0;0;0;1;0;0;0;0
"25/02/2025";"07:47:44";"83";"Sem vítima";"432,000";"BR-163/MS";"Crescente";"Choque";0;0;1;0;0;0;0;0;0;0;0;0;0;0;0
"25/02/2025";"11:49:11";"158";"Sem vítima";"703,000";"BR-163/MS";"Crescente";"Acidentes de outra natureza";0;0;1;0;0;0;0;0;0;0;1;0;0;0;0
"25/02/2025";"22:18:18";"311";"Sem vítima";"206,000";"BR-163/MS";"Crescente";"Acidentes de outra natureza";0;0;0;1;0;0;0;0;0;0;1;0;0;0;0
"25/02/2025";"22:31:48";"313";"Sem vítima";"365,000";"BR-163/MS";"Decrescente";"Acidentes de outra natureza";1;0;0;0;0;0;0;0;0;0;1;0;0;0;0
"26/02/2025";"06:50:51";"96";"Com vítima";"482,401";"BR-163/MS";"Decrescente";"Acidentes de outra natureza";1;0;0;0;0;0;0;0;0;0;0;0;1;0;0
"26/02/2025";"07:06:14";"121";"Sem vítima";"260,430";"BR-163/MS";"Crescente";"Atropelamento de animal";1;0;0;0;0;0;0;0;0;0;1;0;0;0;0
"26/02/2025";"08:39:36";"171";"Sem vítima";"156,899";"BR-163/MS";"Decrescente";"Acidentes de outra natureza";0;0;1;0;0;0;0;0;0;0;1;0;0;0;0
"26/02/2025";"12:50:41";"224";"Sem vítima";"86,000";"BR-163/MS";"Crescente";"Colisão lateral no mesmo sentido";1;0;1;0;0;0;0;0;0;0;4;0;0;0;0
"26/02/2025";"19:02:25";"314";"Sem vítima";"730,000";"BR-163/MS";"Decrescente";"Colisão transversal";0;0;0;1;0;0;0;0;0;1;2;0;0;0;0
"27/02/2025";"10:53:41";"189";"Com vítima";"461,238";"BR-163/MS";"Crescente";"Colisão lateral no mesmo sentido";0;0;0;1;0;0;0;0;0;0;0;0;1;0;0
"27/02/2025";"18:08:25";"285";"Com vítima";"457,412";"BR-163/MS";"Decrescente";"Colisão transversal";1;0;0;1;0;0;0;0;0;0;0;1;0;0;0
"27/02/2025";"18:39:46";"300";"Com vítima";"80,450";"BR-163/MS";"Crescente";"Queda de moto";0;0;0;1;0;0;0;0;0;0;0;1;0;0;0
"27/02/2025";"21:45:02";"326";"Com vítima";"455,918";"BR-163/MS";"Decrescente";"Colisão transversal";0;0;1;0;0;0;0;0;0;1;1;0;1;1;0
"27/02/2025";"22:01:16";"331";"Sem vítima";"248,502";"BR-163/MS";"Decrescente";"Acidentes de outra natureza";0;0;0;0;0;0;0;0;0;1;1;0;0;0;0
"27/02/2025";"23:58:10";"343";"Sem vítima";"793,862";"BR-163/MS";"Decrescente";"Tombamento";0;0;1;0;0;0;0;0;0;0;1;0;0;0;0
"28/02/2025";"21:44:57";"367";"Sem vítima";"403,723";"BR-163/MS";"Crescente";"Atropelamento de animal";1;0;0;0;0;0;0;0;0;0;2;0;0;0;0
"28/02/2025";"22:32:32";"372";"Sem vítima";"187,783";"BR-163/MS";"Crescente";"Atropelamento de animal";0;0;0;0;0;0;0;0;0;1;2;0;0;0;0
"01/03/2025";"02:05:26";"27";"Sem vítima";"266,951";"BR-163/MS";"Decrescente";"Acidentes de outra natureza";1;0;0;0;0;0;0;0;0;0;1;0;0;0;0
"01/03/2025";"02:44:30";"30";"Sem vítima";"777,809";"BR-163/MS";"Decrescente";"Acidentes de outra natureza";1;0;0;0;0;0;0;0;0;0;1;0;0;0;0
"01/03/2025";"03:14:54";"33";"Sem vítima";"756,864";"BR-163/MS";"Decrescente";"Acidentes de outra natureza";1;0;0;0;0;0;0;0;0;0;3;0;0;0;0
"01/03/2025";"06:20:48";"59";"Sem vítima";"304,900";"BR-163/MS";"Crescente";"Acidentes de outra natureza";1;0;0;0;0;0;0;0;0;0;1;0;0;0;0
"01/03/2025";"12:18:55";"185";"Sem vítima";"30,918";"BR-163/MS";"Decrescente";"Tombamento";0;0;0;0;0;2;0;0;0;0;0;0;0;0;0
"01/03/2025";"17:08:14";"258";"Com vítima";"592,192";"BR-163/MS";"Crescente";"Acidentes de outra natureza";0;0;0;1;0;0;0;0;0;0;0;1;0;0;0
"02/03/2025";"05:42:12";"57";"Com vítima";"46,000";"BR-163/MS";"Crescente";"Acidentes de outra natureza";1;0;0;0;0;0;0;0;0;0;0;1;0;0;0
"02/03/2025";"08:06:57";"82";"Com vítima";"268,000";"BR-163/MS";"Crescente";"Queda de moto";0;0;0;1;0;0;0;0;0;0;0;1;0;0;0
"02/03/2025";"16:12:37";"176";"Sem vítima";"189,290";"BR-163/MS";"Crescente";"Acidentes de outra natureza";0;0;1;0;0;2;0;0;0;0;1;0;0;0;0
"02/03/2025";"17:07:18";"193";"Com vítima";"109,529";"BR-163/MS";"Crescente";"Capotamento";1;0;0;0;0;0;0;0;0;0;1;0;0;1;0
"02/03/2025";"20:02:14";"237";"Com vítima";"249,970";"BR-163/MS";"Crescente";"Colisão traseira";0;0;0;0;0;0;0;0;0;1;0;1;0;0;0
"03/03/2025";"08:03:10";"74";"Sem vítima";"253,000";"BR-163/MS";"Crescente";"Colisão lateral no mesmo sentido";1;0;1;0;0;0;0;0;0;0;2;0;0;0;0
"03/03/2025";"10:23:01";"140";"Sem vítima";"206,783";"BR-163/MS";"Crescente";"Tombamento";0;0;1;0;0;0;0;0;0;0;1;0;0;0;0
"03/03/2025";"11:19:45";"156";"Sem vítima";"205,668";"BR-163/MS";"Crescente";"Colisão transversal";0;0;0;0;0;0;0;0;0;2;3;0;0;0;0
"03/03/2025";"16:53:55";"219";"Sem vítima";"481,836";"BR-163/MS";"Crescente";"Tombamento";0;0;1;0;0;0;0;0;0;0;1;0;0;0;0
"03/03/2025";"18:57:24";"249";"Sem vítima";"389,000";"BR-163/MS";"Crescente";"Atropelamento de animal";0;0;0;0;0;0;0;0;0;0;0;0;0;0;0
"03/03/2025";"23:33:26";"292";"Com vítima";"734,882";"BR-163/MS";"Crescente";"Choque";1;0;0;0;0;0;0;0;0;0;0;1;0;0;0
"04/03/2025";"06:15:40";"38";"Sem vítima";"403,800";"BR-163/MS";"Crescente";"Colisão traseira";0;0;1;0;0;0;0;0;0;1;2;0;0;0;0
"04/03/2025";"12:35:20";"135";"Com vítima";"564,286";"BR-163/MS";"Decrescente";"Capotamento";0;0;0;0;0;0;0;0;0;1;1;1;0;0;0
"04/03/2025";"15:39:24";"169";"Com vítima";"673,195";"BR-163/MS";"Decrescente";"Engavetamento";2;0;0;0;0;0;0;0;0;1;4;1;0;0;0
"04/03/2025";"17:21:40";"200";"Com vítima";"280,262";"BR-163/MS";"Crescente";"Queda de moto";0;0;0;1;0;0;0;0;0;0;0;0;1;0;0
"04/03/2025";"19:52:39";"255";"Sem vítima";"225,445";"BR-163/MS";"Decrescente";"Atropelamento de animal";1;0;0;0;0;0;0;0;0;0;2;0;0;0;0
"05/03/2025";"10:42:05";"163";"Com vítima";"590,263";"BR-163/MS";"Crescente";"Capotamento";0;0;0;0;0;0;0;0;0;1;0;1;0;0;0
"05/03/2025";"17:00:49";"247";"Sem vítima";"512,340";"BR-163/MS";"Crescente";"Tombamento";0;0;0;0;0;2;0;0;0;0;0;0;0;0;0
"05/03/2025";"19:54:19";"292";"Sem vítima";"266,000";"BR-163/MS";"Decrescente";"Colisão traseira";2;0;0;0;0;0;0;0;0;0;2;0;0;0;0
"06/03/2025";"04:11:11";"20";"Sem vítima";"358,240";"BR-163/MS";"Crescente";"Tombamento";0;0;1;0;0;0;0;0;0;0;1;0;0;0;0
"06/03/2025";"05:50:39";"30";"Sem vítima";"267,000";"BR-163/MS";"Decrescente";"Acidentes de outra natureza";1;0;0;0;0;0;0;0;0;0;2;0;0;0;0
"06/03/2025";"07:20:05";"45";"Com vítima";"575,301";"BR-163/MS";"Decrescente";"Atropelamento de pedestre";0;0;0;0;0;0;0;0;0;0;0;1;0;0;0
"06/03/2025";"07:59:10";"68";"Sem vítima";"486,000";"BR-163/MS";"Crescente";"Colisão transversal";2;0;0;0;0;0;0;0;0;0;5;0;0;0;0
"06/03/2025";"14:59:17";"189";"Sem vítima";"778,000";"BR-163/MS";"Crescente";"Choque";0;0;0;0;0;0;0;0;0;0;0;0;0;0;0
"06/03/2025";"15:18:59";"194";"Sem vítima";"462,354";"BR-163/MS";"Crescente";"Colisão transversal";1;0;0;0;0;0;0;0;0;0;1;0;0;0;0
"06/03/2025";"16:49:10";"224";"Com vítima";"563,852";"BR-163/MS";"Crescente";"Choque";1;0;0;0;0;0;0;0;0;0;0;1;0;0;0
"07/03/2025";"01:11:32";"24";"Sem vítima";"151,356";"BR-163/MS";"Decrescente";"Atropelamento de animal";1;0;0;0;0;0;0;0;0;0;0;0;0;0;0
"07/03/2025";"05:47:27";"62";"Sem vítima";"574,601";"BR-163/MS";"Crescente";"Acidentes de outra natureza";0;0;1;0;0;0;0;0;0;0;1;0;0;0;0
"07/03/2025";"08:12:22";"110";"Sem vítima";"213,000";"BR-163/MS";"Crescente";"Colisão traseira";0;0;0;0;0;0;0;0;0;2;2;0;0;0;0
"07/03/2025";"17:14:15";"228";"Sem vítima";"350,500";"BR-163/MS";"Decrescente";"Choque";1;0;0;0;0;0;0;0;0;0;3;0;0;0;0
"07/03/2025";"17:23:09";"229";"Sem vítima";"350,820";"BR-163/MS";"Decrescente";"Choque";1;0;0;0;0;0;0;0;0;0;4;0;0;0;0
"07/03/2025";"18:54:38";"257";"Sem vítima";"255,135";"BR-163/MS";"Decrescente";"Acidentes de outra natureza";1;0;0;0;0;0;0;0;0;0;1;0;0;0;0
"07/03/2025";"21:54:00";"294";"Sem vítima";"503,959";"BR-163/MS";"Crescente";"Atropelamento de animal";0;0;0;0;0;0;0;0;0;1;2;0;0;0;0
"08/03/2025";"04:31:50";"42";"Com vítima";"680,925";"BR-163/MS";"Crescente";"Queda de moto";0;0;0;1;0;0;0;0;0;0;0;1;0;0;0
"08/03/2025";"06:24:35";"62";"Com vítima";"151,361";"BR-163/MS";"Decrescente";"Capotamento";0;0;1;0;0;0;0;0;0;0;0;1;1;0;0
"08/03/2025";"07:46:41";"76";"Sem vítima";"504,156";"BR-163/MS";"Decrescente";"Atropelamento de animal";0;0;0;0;0;0;0;0;0;1;1;0;0;0;0
"08/03/2025";"12:25:16";"146";"Com vítima";"663,501";"BR-163/MS";"Crescente";"Choque";0;0;0;1;0;0;0;0;0;0;0;1;0;0;0
"08/03/2025";"18:09:15";"219";"Sem vítima";"501,279";"BR-163/MS";"Crescente";"Tombamento";0;0;0;0;0;0;0;0;0;1;1;0;0;0;0
"08/03/2025";"18:55:58";"233";"Sem vítima";"341,500";"BR-163/MS";"Crescente";"Colisão traseira";2;0;0;0;0;0;0;0;0;0;3;0;0;0;0
"09/03/2025";"03:58:33";"46";"Com vítima";"490,246";"BR-163/MS";"Crescente";"Queda de moto";0;0;0;1;0;0;0;0;0;0;0;0;1;0;0
"09/03/2025";"10:17:45";"123";"Com vítima";"485,560";"BR-163/MS";"Crescente";"Colisão lateral no mesmo sentido";0;0;0;1;0;0;0;0;0;0;0;1;0;0;0
"09/03/2025";"11:02:56";"130";"Sem vítima";"519,450";"BR-163/MS";"Decrescente";"Acidentes de outra natureza";1;0;0;0;0;0;0;0;0;0;2;0;0;0;0
"09/03/2025";"14:16:47";"163";"Sem vítima";"299,656";"BR-163/MS";"Crescente";"Capotamento";1;0;0;0;0;0;0;0;0;0;2;0;0;0;0
"09/03/2025";"14:18:59";"164";"Com vítima";"575,377";"BR-163/MS";"Decrescente";"Colisão transversal";1;0;0;0;0;0;0;0;0;1;3;2;0;0;0
"09/03/2025";"15:45:07";"178";"Com vítima";"468,577";"BR-163/MS";"Decrescente";"Queda de moto";0;0;0;1;0;0;0;0;0;0;0;0;1;0;0
"10/03/2025";"06:59:36";"71";"Com vítima";"158,554";"BR-163/MS";"Crescente";"Choque";0;0;0;0;0;0;0;0;0;1;0;1;0;0;0
"10/03/2025";"11:14:57";"172";"Sem vítima";"529,235";"BR-163/MS";"Crescente";"Acidentes de outra natureza";0;0;1;0;0;0;0;0;0;0;1;0;0;0;0
"10/03/2025";"13:40:34";"200";"Com vítima";"518,355";"BR-163/MS";"Crescente";"Capotamento";0;0;0;0;0;0;0;0;0;1;0;1;0;0;0
"10/03/2025";"16:17:07";"225";"Com vítima";"603,929";"BR-163/MS";"Crescente";"Queda de moto";0;0;0;0;0;1;0;0;0;0;0;1;0;0;0
"10/03/2025";"23:33:09";"330";"Sem vítima";"457,102";"BR-163/MS";"Decrescente";"Atropelamento de animal";0;0;1;0;0;0;0;0;0;0;1;0;0;0;0
"11/03/2025";"06:36:50";"69";"Com vítima";"462,000";"BR-163/MS";"Decrescente";"Colisão lateral no mesmo sentido";1;0;0;0;0;0;0;0;0;1;1;1;4;0;0
"11/03/2025";"08:51:37";"133";"Com vítima";"14,761";"BR-163/MS";"Crescente";"Colisão transversal";0;0;0;0;0;4;0;0;0;0;0;0;0;0;0
"11/03/2025";"10:02:34";"158";"Sem vítima";"458,779";"BR-163/MS";"Crescente";"Colisão transversal";1;0;0;1;0;0;0;0;0;0;2;0;0;0;0
"11/03/2025";"11:52:54";"183";"Com vítima";"615,777";"BR-163/MS";"Crescente";"Queda de moto";0;0;0;1;0;0;0;0;0;0;0;1;0;0;0
"12/03/2025";"01:40:36";"23";"Com vítima";"477,952";"BR-163/MS";"Crescente";"Colisão transversal";0;0;0;1;0;0;0;0;0;0;0;1;0;0;0
"12/03/2025";"09:03:12";"123";"Com vítima";"681,219";"BR-163/MS";"Crescente";"Colisão transversal";1;0;0;1;0;0;0;0;0;0;2;1;0;0;0
"12/03/2025";"12:22:00";"165";"Sem vítima";"527,000";"BR-163/MS";"Decrescente";"Tombamento";0;0;1;0;0;1;0;0;0;0;1;0;0;0;0
"13/03/2025";"07:25:02";"95";"Sem vítima";"253,919";"BR-163/MS";"Crescente";"Capotamento";1;0;0;0;0;0;0;0;0;0;1;0;0;0;0
"13/03/2025";"08:26:14";"131";"Sem vítima";"485,547";"BR-163/MS";"Crescente";"Colisão traseira";1;0;0;0;0;2;0;0;0;0;1;0;0;0;0
"13/03/2025";"12:16:14";"184";"Com vítima";"20,552";"BR-163/MS";"Crescente";"Colisão transversal";1;0;0;0;0;0;0;0;0;0;0;1;0;0;0
"13/03/2025";"15:29:51";"220";"Com vítima";"79,622";"BR-163/MS";"Decrescente";"Atropelamento de animal";0;0;0;1;0;0;0;0;0;0;0;0;1;0;0
"13/03/2025";"18:57:48";"264";"Com vítima";"75,899";"BR-163/MS";"Decrescente";"Colisão transversal";1;0;0;0;0;0;0;0;0;0;0;1;0;0;0
"14/03/2025";"06:17:23";"56";"Sem vítima";"373,404";"BR-163/MS";"Crescente";"Acidentes de outra natureza";0;0;0;0;0;0;0;0;0;1;1;0;0;0;0
"14/03/2025";"11:24:42";"145";"Sem vítima";"218,370";"BR-163/MS";"Decrescente";"Colisão traseira";2;0;0;0;0;0;0;0;0;0;6;0;0;0;0
"14/03/2025";"12:46:59";"158";"Com vítima";"391,547";"BR-163/MS";"Decrescente";"Engavetamento";1;0;0;0;0;2;0;0;0;1;6;0;0;0;0
"14/03/2025";"12:50:06";"160";"Sem vítima";"269,500";"BR-163/MS";"Decrescente";"Colisão lateral no mesmo sentido";1;0;1;0;0;0;0;0;0;0;6;0;0;0;0
"14/03/2025";"16:19:28";"193";"Com vítima";"490,763";"BR-163/MS";"Decrescente";"Colisão traseira";0;0;0;1;0;0;0;0;0;1;1;1;0;0;0
"14/03/2025";"16:42:58";"197";"Sem vítima";"487,680";"BR-163/MS";"Crescente";"Colisão transversal";1;0;1;0;0;0;0;0;0;0;3;0;0;0;0
"15/03/2025";"08:59:26";"80";"Sem vítima";"64,000";"BR-163/MS";"Decrescente";"Choque";0;0;0;0;0;0;0;0;0;1;1;0;0;0;0
"15/03/2025";"12:11:02";"125";"Com vítima";"832,677";"BR-163/MS";"Crescente";"Colisão frontal";0;0;0;0;0;0;0;0;0;1;0;0;1;0;0
"15/03/2025";"16:41:40";"176";"Sem vítima";"265,000";"BR-163/MS";"Crescente";"Colisão traseira";1;0;0;0;0;0;0;0;0;1;2;0;0;0;0
"15/03/2025";"18:21:47";"200";"Com vítima";"531,706";"BR-163/MS";"Decrescente";"Tombamento";1;0;0;0;0;0;0;0;0;1;0;1;1;0;0
"16/03/2025";"18:04:03";"178";"Com vítima";"483,000";"BR-163/MS";"Crescente";"Queda de moto";0;0;0;1;0;0;0;0;0;0;0;0;2;0;0
"16/03/2025";"21:06:56";"208";"Com vítima";"496,000";"BR-163/MS";"Decrescente";"Atropelamento de pedestre";0;0;0;1;0;0;0;0;0;0;0;0;1;0;0
"17/03/2025";"07:28:53";"91";"Com vítima";"490,851";"BR-163/MS";"Decrescente";"Queda de moto";0;0;0;1;0;0;0;0;0;0;0;1;1;0;0
"17/03/2025";"15:41:37";"221";"Sem vítima";"486,000";"BR-163/MS";"Crescente";"Colisão traseira";0;0;1;0;0;1;0;0;0;0;1;0;0;0;0
"18/03/2025";"04:06:54";"19";"Sem vítima";"666,620";"BR-163/MS";"Crescente";"Atropelamento de animal";1;0;0;0;0;0;0;0;0;0;3;0;0;0;0
"18/03/2025";"10:27:53";"129";"Sem vítima";"610,394";"BR-163/MS";"Crescente";"Acidentes de outra natureza";1;0;0;0;0;0;0;0;0;0;1;0;0;0;0