data;horario;n_da_ocorrencia;tipo_de_ocorrencia;km;trecho;sentido;tipo_de_acidente;automovel;bicicleta;caminhao;moto;onibus;outros;tracao_animal;transporte_de_cargas_especiais;trator_maquinas;utilitarios;ilesos;levemente_feridos;moderadamente_feridos;gravemente_feridos;mortos
"18/03/2025";"15:07:46";"173";"Com vítima";"841,202";"BR-163/MS";"Decrescente";"Tombamento";0;0;0;0;0;2;0;0;0;0;0;0;0;0;0
"18/03/2025";"16:08:57";"188";"Sem vítima";"485,352";"BR-163/MS";"Decrescente";"Choque";0;0;0;0;0;2;0;0;0;1;3;0;0;0;0
"18/03/2025";"17:55:22";"206";"Sem vítima";"484,341";"BR-163/MS";"Decrescente";"Colisão transversal";1;0;1;0;0;0;0;0;0;0;2;0;0;0;0
"18/03/2025";"18:49:47";"219";"Sem vítima";"578,268";"BR-163/MS";"Crescente";"Acidentes de outra natureza";0;0;1;0;0;1;0;0;0;0;1;0;0;0;0
"18/03/2025";"20:17:05";"233";"Sem vítima";"140,662";"BR-163/MS";"Crescente";"Tombamento";0;0;0;0;0;2;0;0;0;0;0;0;0;0;0
"19/03/2025";"07:01:27";"59";"Com vítima";"76,117";"BR-163/MS";"Decrescente";"Colisão lateral no mesmo sentido";1;0;0;0;0;0;0;0;0;0;0;1;0;0;0
"19/03/2025";"07:04:17";"63";"Com vítima";"475,772";"BR-163/MS";"Crescente";"Colisão transversal";0;0;0;1;0;0;0;0;0;0;0;1;0;0;0
"19/03/2025";"07:59:23";"86";"Com vítima";"483,159";"BR-163/MS";"Crescente";"Colisão transversal";1;0;0;1;0;0;0;0;0;0;2;1;0;0;0
"19/03/2025";"09:49:52";"115";"Com vítima";"478,584";"BR-163/MS";"Crescente";"Choque";1;0;0;0;0;0;0;0;0;0;0;1;0;0;0
"19/03/2025";"15:23:33";"205";"Sem vítima";"126,797";"BR-163/MS";"Crescente";"Acidentes de outra natureza";1;0;0;0;0;0;0;0;0;0;3;0;0;0;0
"19/03/2025";"17:34:44";"228";"Sem vítima";"75,694";"BR-163/MS";"Decrescente";"Acidentes de outra natureza";1;0;0;0;0;0;0;0;0;0;3;0;0;0;0
"19/03/2025";"19:22:09";"258";"Com vítima";"484,387";"BR-163/MS";"Crescente";"Colisão traseira";0;0;0;1;0;0;0;0;0;0;0;1;0;0;0
"19/03/2025";"19:36:41";"260";"Com vítima";"522,679";"BR-163/MS";"Decrescente";"Colisão traseira";0;0;1;0;0;0;0;0;0;0;0;0;0;0;0
"20/03/2025";"08:08:49";"96";"Sem vítima";"191,938";"BR-163/MS";"Crescente";"Capotamento";1;0;0;0;0;0;0;0;0;0;1;0;0;0;0
"20/03/2025";"13:00:08";"154";"Com vítima";"618,627";"BR-163/MS";"Crescente";"Colisão transversal";0;0;0;1;0;0;0;0;0;0;0;0;1;0;0
"20/03/2025";"13:56:02";"161";"Sem vítima";"687,900";"BR-163/MS";"Decrescente";"Colisão traseira";0;0;0;0;0;0;0;0;0;2;4;0;0;0;0
"20/03/2025";"17:15:52";"207";"Sem vítima";"478,568";"BR-163/MS";"Crescente";"Colisão traseira";0;0;0;0;0;0;0;0;0;2;2;0;0;0;0
"20/03/2025";"19:56:57";"241";"Sem vítima";"306,313";"BR-163/MS";"Decrescente";"Atropelamento de animal";0;0;0;0;0;0;0;0;0;1;3;0;0;0;0
"20/03/2025";"20:30:17";"250";"Sem vítima";"560,000";"BR-163/MS";"Crescente";"Atropelamento de animal";1;0;0;0;0;0;0;0;0;0;1;0;0;0;0
"21/03/2025";"14:45:12";"216";"Sem vítima";"741,893";"BR-163/MS";"Crescente";"Colisão lateral no mesmo sentido";1;0;1;0;0;0;0;0;0;0;3;0;0;0;0
"21/03/2025";"14:45:25";"217";"Com vítima";"575,317";"BR-163/MS";"Decrescente";"Colisão frontal";0;0;0;0;0;0;0;0;0;1;0;1;0;0;0
"21/03/2025";"15:22:17";"226";"Sem vítima";"530,620";"BR-163/MS";"Decrescente";"Tombamento";0;0;1;0;0;1;0;0;0;0;1;0;0;0;0
"21/03/2025";"17:34:12";"256";"Com vítima";"428,175";"BR-163/MS";"Decrescente";"Queda de moto";0;0;0;1;0;0;0;0;0;0;0;1;1;0;0
"22/03/2025";"10:57:00";"105";"Sem vítima";"480,179";"BR-163/MS";"Crescente";"Colisão transversal";1;0;0;0;0;0;0;0;0;1;2;0;0;0;0
"22/03/2025";"14:24:55";"141";"Sem vítima";"553,334";"BR-163/MS";"Decrescente";"Tombamento";0;0;1;0;0;1;0;0;0;0;1;0;0;0;0
"22/03/2025";"21:08:15";"210";"Sem vítima";"357,826";"BR-163/MS";"Decrescente";"Atropelamento de animal";1;0;0;0;0;0;0;0;0;0;2;0;0;0;0
"23/03/2025";"04:56:41";"26";"Sem vítima";"513,866";"BR-163/MS";"Crescente";"Atropelamento de animal";0;0;0;0;0;0;0;0;0;1;1;0;0;0;0
"23/03/2025";"06:13:22";"38";"Sem vítima";"277,215";"BR-163/MS";"Crescente";"Capotamento";1;0;0;0;0;0;0;0;0;0;1;0;0;0;0
"24/03/2025";"09:13:25";"80";"Sem vítima";"544,572";"BR-163/MS";"Decrescente";"Colisão traseira";2;0;0;0;0;0;0;0;0;0;2;0;0;0;0
"24/03/2025";"13:47:03";"179";"Sem vítima";"582,364";"BR-163/MS";"Decrescente";"Choque";0;0;0;0;0;0;0;0;0;1;1;0;0;0;0
"24/03/2025";"17:36:14";"245";"Com vítima";"24,208";"BR-163/MS";"Crescente";"Tombamento";1;0;0;0;0;0;0;0;0;0;0;1;0;0;0
"24/03/2025";"20:22:50";"283";"Sem vítima";"34,443";"BR-163/MS";"Crescente";"Acidentes de outra natureza";1;0;0;0;0;0;0;0;0;0;1;0;0;0;0
"25/03/2025";"06:02:30";"35";"Com vítima";"481,868";"BR-163/MS";"Decrescente";"Colisão traseira";0;0;0;0;0;0;0;0;0;1;0;1;0;0;0
"25/03/2025";"07:07:36";"54";"Com vítima";"264,907";"BR-163/MS";"Decrescente";"Colisão lateral no mesmo sentido";0;0;0;1;0;0;0;0;0;0;0;0;1;0;0
"25/03/2025";"17:21:10";"207";"Sem vítima";"548,000";"BR-163/MS";"Crescente";"Colisão lateral no mesmo sentido";1;0;1;0;0;0;0;0;0;0;1;0;0;0;0
"26/03/2025";"01:53:35";"20";"Sem vítima";"519,368";"BR-163/MS";"Crescente";"Tombamento";0;0;0;0;0;1;0;0;0;0;0;0;0;0;0
"26/03/2025";"04:40:32";"34";"Sem vítima";"700,500";"BR-163/MS";"Crescente";"Atropelamento de animal";0;0;0;0;0;0;0;0;0;1;4;0;0;0;0
"26/03/2025";"11:06:42";"146";"Com vítima";"475,790";"BR-163/MS";"Decrescente";"Colisão transversal";1;0;0;1;0;0;0;0;0;0;0;0;1;0;0
"26/03/2025";"11:22:30";"148";"Com vítima";"486,502";"BR-163/MS";"Decrescente";"Colisão transversal";2;0;0;0;0;0;0;0;0;0;1;1;0;0;0
"26/03/2025";"13:57:09";"177";"Sem vítima";"604,000";"BR-163/MS";"Decrescente";"Colisão traseira";0;0;1;0;0;0;0;0;0;1;4;0;0;0;0
"26/03/2025";"15:28:03";"192";"Com vítima";"2,789";"BR-163/MS";"Crescente";"Colisão traseira";1;0;0;0;0;0;0;0;0;2;2;1;0;0;0
"26/03/2025";"17:53:52";"211";"Com vítima";"483,260";"BR-163/MS";"Crescente";"Atropelamento de animal";0;0;0;1;0;0;0;0;0;0;0;1;0;0;0
"27/03/2025";"01:05:10";"18";"Sem vítima";"254,348";"BR-163/MS";"Crescente";"Atropelamento de animal";0;0;1;0;0;0;0;0;0;0;1;0;0;0;0
"27/03/2025";"05:37:04";"48";"Sem vítima";"342,501";"BR-163/MS";"Decrescente";"Atropelamento de animal";1;0;0;0;0;0;0;0;0;0;2;0;0;0;0
"27/03/2025";"10:49:46";"167";"Sem vítima";"487,805";"BR-163/MS";"Decrescente";"Colisão transversal";1;0;2;0;0;1;0;0;0;0;3;0;0;0;0
"27/03/2025";"11:35:03";"175";"Sem vítima";"844,169";"BR-163/MS";"Crescente";"Acidentes de outra natureza";0;0;1;0;0;1;0;0;0;0;1;0;0;0;0
"27/03/2025";"12:45:17";"189";"Sem vítima";"486,363";"BR-163/MS";"Crescente";"Colisão transversal";0;0;0;0;0;0;0;0;0;1;2;0;0;0;0
"27/03/2025";"15:21:06";"224";"Sem vítima";"230,617";"BR-163/MS";"Crescente";"Choque";0;0;0;0;0;0;0;0;0;1;2;0;0;0;0
"28/03/2025";"18:02:48";"233";"Sem vítima";"614,909";"BR-163/MS";"Crescente";"Acidentes de outra natureza";0;0;1;0;0;0;0;0;0;0;1;0;0;0;0
"28/03/2025";"19:23:54";"267";"Com vítima";"119,834";"BR-163/MS";"Crescente";"Acidentes de outra natureza";1;0;0;0;0;0;0;0;0;0;1;1;0;0;0
"28/03/2025";"19:39:32";"271";"Sem vítima";"802,492";"BR-163/MS";"Crescente";"Capotamento";0;0;0;0;0;0;0;0;0;1;1;0;0;0;0
"29/03/2025";"01:06:38";"16";"Sem vítima";"126,747";"BR-163/MS";"Decrescente";"Atropelamento de animal";0;0;0;0;1;0;0;0;0;0;21;0;0;0;0
"29/03/2025";"07:54:02";"91";"Com vítima";"682,183";"BR-163/MS";"Crescente";"Colisão frontal";1;0;0;0;0;0;0;0;0;0;0;1;0;0;0
"29/03/2025";"10:48:57";"152";"Com vítima";"479,528";"BR-163/MS";"Decrescente";"Queda de moto";0;0;0;1;0;0;0;0;0;0;1;1;0;0;0
"29/03/2025";"11:17:57";"160";"Sem vítima";"263,000";"BR-163/MS";"Decrescente";"Colisão traseira";1;0;0;0;0;0;0;0;0;1;4;0;0;0;0
"30/03/2025";"10:37:55";"90";"Com vítima";"486,527";"BR-163/MS";"Decrescente";"Colisão transversal";1;0;0;0;0;0;0;0;0;1;2;2;0;0;0
"30/03/2025";"18:10:54";"159";"Sem vítima";"465,265";"BR-163/MS";"Decrescente";"Choque";1;0;0;0;0;1;0;0;0;0;1;0;0;0;0
"30/03/2025";"18:43:32";"169";"Sem vítima";"258,566";"BR-163/MS";"Crescente";"Colisão transversal";0;0;0;1;0;0;0;0;0;0;1;0;0;0;0
"31/03/2025";"05:50:16";"32";"Sem vítima";"175,000";"BR-163/MS";"Crescente";"Atropelamento de animal";1;0;0;0;0;0;0;0;0;0;1;0;0;0;0
"31/03/2025";"16:15:44";"169";"Com vítima";"477,725";"BR-163/MS";"Decrescente";"Colisão transversal";1;0;0;1;0;0;0;0;0;0;1;2;0;0;0
"31/03/2025";"17:17:12";"179";"Sem vítima";"535,000";"BR-163/MS";"Crescente";"Atropelamento de animal";1;0;0;0;0;0;0;0;0;0;3;0;0;0;0
"01/04/2025";"14:58:55";"169";"Sem vítima";"662,412";"BR-163/MS";"Decrescente";"Colisão traseira";0;0;2;0;0;0;0;0;0;0;2;0;0;0;0
"01/04/2025";"15:51:39";"183";"Sem vítima";"366,488";"BR-163/MS";"Decrescente";"Engavetamento";1;0;0;0;0;0;0;0;0;2;7;0;0;0;0
"01/04/2025";"17:28:19";"205";"Com vítima";"265,937";"BR-163/MS";"Decrescente";"Colisão traseira";1;0;0;1;0;0;0;0;0;0;2;0;1;0;0
"01/04/2025";"17:36:01";"206";"Com vítima";"486,708";"BR-163/MS";"Decrescente";"Colisão transversal";1;0;0;1;0;0;0;0;0;0;1;0;1;0;0
"02/04/2025";"11:16:30";"120";"Com vítima";"569,967";"BR-163/MS";"Decrescente";"Colisão lateral no mesmo sentido";1;0;1;0;0;1;0;0;0;0;2;0;1;0;0
"02/04/2025";"20:01:07";"225";"Sem vítima";"144,671";"BR-163/MS";"Decrescente";"Colisão traseira";0;0;0;0;0;0;0;0;0;2;4;0;0;0;0
"02/04/2025";"23:06:38";"238";"Com vítima";"265,865";"BR-163/MS";"Decrescente";"Colisão traseira";1;0;0;1;0;0;0;0;0;0;1;1;0;0;0
"03/04/2025";"00:35:01";"12";"Sem vítima";"301,507";"BR-163/MS";"Decrescente";"Acidentes de outra natureza";0;0;1;0;0;0;0;0;0;0;1;0;0;0;0
"03/04/2025";"06:56:05";"66";"Sem vítima";"650,442";"BR-163/MS";"Crescente";"Atropelamento de animal";1;0;0;0;0;0;0;0;0;0;1;0;0;0;0
"03/04/2025";"13:36:48";"183";"Sem vítima";"603,409";"BR-163/MS";"Decrescente";"Colisão traseira";2;0;0;0;0;0;0;0;0;0;5;0;0;0;0
"03/04/2025";"18:04:03";"231";"Com vítima";"491,267";"BR-163/MS";"Crescente";"Colisão transversal";1;0;0;1;0;0;0;0;0;0;2;1;0;0;0
"03/04/2025";"19:10:44";"249";"Sem vítima";"151,000";"BR-163/MS";"Crescente";"Acidentes de outra natureza";0;0;0;0;0;0;0;0;0;1;1;0;0;0;0
"03/04/2025";"20:18:12";"263";"Com vítima";"309,000";"BR-163/MS";"Decrescente";"Queda de moto";0;0;0;1;0;0;0;0;0;0;0;2;0;0;0
"04/04/2025";"00:37:42";"13";"Sem vítima";"53,699";"BR-163/MS";"Decrescente";"Atropelamento de animal";0;0;0;0;0;0;0;0;0;1;0;0;0;0;0
"04/04/2025";"02:17:09";"17";"Sem vítima";"139,800";"BR-163/MS";"Decrescente";"Colisão traseira";0;0;1;0;0;0;0;0;0;0;1;0;0;0;0
"04/04/2025";"07:28:01";"56";"Com vítima";"532,395";"BR-163/MS";"Crescente";"Colisão transversal";0;0;0;1;0;0;0;0;0;1;1;0;1;0;0
"04/04/2025";"09:22:12";"92";"Com vítima";"165,500";"BR-163/MS";"Crescente";"Capotamento";1;0;0;0;0;0;0;0;0;0;0;1;0;0;0
"04/04/2025";"20:43:56";"213";"Sem vítima";"452,000";"BR-163/MS";"Decrescente";"Atropelamento de animal";0;0;0;0;0;0;0;0;0;1;2;0;0;0;0
"05/04/2025";"01:36:29";"19";"Sem vítima";"359,712";"BR-163/MS";"Decrescente";"Atropelamento de animal";1;0;0;0;0;0;0;0;0;0;3;0;0;0;0
"05/04/2025";"09:43:42";"107";"Sem vítima";"485,230";"BR-163/MS";"Decrescente";"Colisão traseira";2;0;0;0;0;0;0;0;0;0;2;0;0;0;0
"05/04/2025";"15:46:41";"176";"Com vítima";"558,116";"BR-163/MS";"Decrescente";"Colisão transversal";0;0;0;1;0;0;0;0;0;1;3;1;0;0;0
"05/04/2025";"19:26:14";"226";"Sem vítima";"490,760";"BR-163/MS";"Crescente";"Acidentes de outra natureza";1;0;0;0;0;0;0;0;0;1;2;0;0;0;0
"05/04/2025";"20:37:00";"234";"Sem vítima";"301,500";"BR-163/MS";"Crescente";"Atropelamento de animal";1;0;0;0;0;0;0;0;0;0;0;0;0;0;0
"05/04/2025";"22:12:41";"246";"Sem vítima";"813,255";"BR-163/MS";"Crescente";"Acidentes de outra natureza";1;0;0;0;0;0;0;0;0;0;2;0;0;0;0
"06/04/2025";"00:05:38";"10";"Sem vítima";"308,725";"BR-163/MS";"Crescente";"Atropelamento de animal";1;0;0;0;0;0;0;0;0;0;2;0;0;0;0
"06/04/2025";"03:05:01";"28";"Sem vítima";"477,000";"BR-163/MS";"Crescente";"Colisão frontal";1;0;0;0;0;0;0;0;0;0;1;0;0;0;0
"06/04/2025";"14:41:16";"148";"Sem vítima";"184,427";"BR-163/MS";"Decrescente";"Colisão traseira";0;0;0;0;0;0;0;0;0;2;8;0;0;0;0
"06/04/2025";"18:03:34";"182";"Com vítima";"769,667";"BR-163/MS";"Decrescente";"Acidentes de outra natureza";1;0;0;0;0;1;0;0;0;0;1;3;0;0;0
"06/04/2025";"18:45:24";"196";"Sem vítima";"423,959";"BR-163/MS";"Crescente";"Atropelamento de animal";1;0;0;0;0;0;0;0;0;0;5;0;0;0;0
"06/04/2025";"18:49:30";"197";"Com vítima";"706,924";"BR-163/MS";"Crescente";"Atropelamento de animal";1;0;1;0;0;1;0;0;0;0;2;1;0;0;0
"07/04/2025";"01:24:09";"18";"Com vítima";"680,711";"BR-163/MS";"Crescente";"Queda de moto";0;0;0;1;0;0;0;0;0;0;0;0;0;1;0
"07/04/2025";"08:34:02";"101";"Sem vítima";"478,208";"BR-163/MS";"Crescente";"Colisão lateral no mesmo sentido";1;0;0;0;0;0;0;0;0;1;2;0;0;0;0
"07/04/2025";"18:35:09";"220";"Com vítima";"253,862";"BR-163/MS";"Decrescente";"Colisão traseira";0;0;1;0;0;0;0;0;0;1;1;1;0;0;0
"07/04/2025";"18:36:13";"222";"Sem vítima";"540,659";"BR-163/MS";"Crescente";"Choque";1;0;0;0;0;0;0;0;0;0;3;0;0;0;0
"07/04/2025";"18:42:31";"223";"Sem vítima";"540,659";"BR-163/MS";"Crescente";"Choque";1;0;0;0;0;0;0;0;0;0;1;0;0;0;0
"07/04/2025";"19:06:34";"229";"Sem vítima";"717,325";"BR-163/MS";"Crescente";"Atropelamento de animal";0;0;1;0;0;0;0;0;0;0;1;0;0;0;0
"08/04/2025";"01:21:05";"14";"Sem vítima";"463,159";"BR-163/MS";"Crescente";"Acidentes de outra natureza";1;0;0;0;0;0;0;0;0;0;1;0;0;0;0
"08/04/2025";"05:22:55";"28";"Com vítima";"564,775";"BR-163/MS";"Crescente";"Colisão traseira";0;0;1;0;0;1;0;0;0;1;0;1;1;0;1
"08/04/2025";"07:44:09";"67";"Com vítima";"555,517";"BR-163/MS";"Crescente";"Tombamento";0;0;1;0;0;1;0;0;0;0;0;0;0;1;0
"08/04/2025";"16:18:02";"176";"Sem vítima";"696,530";"BR-163/MS";"Decrescente";"Acidentes de outra natureza";1;0;0;0;0;0;0;0;0;0;1;0;0;0;0
"09/04/2025";"17:58:04";"190";"Sem vítima";"189,283";"BR-163/MS";"Crescente";"Colisão traseira";0;0;1;0;0;0;0;0;0;1;3;0;0;0;0
"10/04/2025";"00:54:18";"12";"Com vítima";"589,890";"BR-163/MS";"Crescente";"Capotamento";0;0;0;0;0;0;0;0;0;1;0;2;0;0;0
"10/04/2025";"05:23:21";"23";"Com vítima";"575,345";"BR-163/MS";"Crescente";"Colisão traseira";1;0;1;0;0;0;0;0;0;0;2;1;0;0;0
"10/04/2025";"14:20:41";"177";"Sem vítima";"466,483";"BR-163/MS";"Crescente";"Colisão traseira";0;0;1;0;0;0;0;0;0;0;1;0;0;0;0
"10/04/2025";"16:23:03";"197";"Com vítima";"475,788";"BR-163/MS";"Decrescente";"Colisão transversal";1;0;1;0;0;0;0;0;0;0;2;2;0;0;0
"11/04/2025";"05:46:33";"35";"Com vítima";"270,336";"BR-163/MS";"Crescente";"Colisão traseira";1;0;1;0;0;1;0;0;0;0;2;2;0;0;0
"11/04/2025";"15:49:40";"199";"Com vítima";"39,608";"BR-163/MS";"Decrescente";"Colisão transversal";1;0;0;1;0;0;0;0;0;0;3;2;0;0;0
"12/04/2025";"02:30:16";"25";"Sem vítima";"164,221";"BR-163/MS";"Crescente";"Acidentes de outra natureza";0;0;1;0;0;2;0;0;0;0;1;0;0;0;0
"12/04/2025";"04:27:46";"30";"Sem vítima";"440,786";"BR-163/MS";"Decrescente";"Choque";1;0;0;0;0;0;0;0;0;0;1;0;0;0;0
"12/04/2025";"09:18:21";"95";"Sem vítima";"278,000";"BR-163/MS";"Decrescente";"Acidentes de outra natureza";0;0;0;1;0;0;0;0;0;0;0;0;0;0;0
"12/04/2025";"16:40:07";"185";"Com vítima";"211,552";"BR-163/MS";"Crescente";"Colisão frontal";1;0;0;0;0;3;0;0;0;0;0;0;0;0;1
"12/04/2025";"19:16:38";"219";"Com vítima";"444,404";"BR-163/MS";"Decrescente";"Capotamento";0;0;0;0;0;0;0;0;0;1;0;1;0;0;0
"13/04/2025";"00:08:25";"1";"Com vítima";"231,452";"BR-163/MS";"Decrescente";"Choque";1;0;0;0;0;0;0;0;0;0;0;0;1;0;0
"13/04/2025";"11:25:07";"103";"Com vítima";"730,362";"BR-163/MS";"Crescente";"Queda de moto";1;0;0;1;0;0;0;0;0;0;0;2;0;0;0
"13/04/2025";"16:04:15";"143";"Com vítima";"481,263";"BR-163/MS";"Crescente";"Queda de moto";0;0;0;1;0;0;0;0;0;0;0;2;0;0;0
"14/04/2025";"02:19:46";"10";"Sem vítima";"375,913";"BR-163/MS";"Decrescente";"Tombamento";0;0;1;0;0;1;0;0;0;0;1;0;0;0;0
"14/04/2025";"06:33:12";"41";"Sem vítima";"364,214";"BR-163/MS";"Crescente";"Acidentes de outra natureza";0;0;1;0;0;3;0;0;0;0;1;0;0;0;0
"14/04/2025";"14:56:08";"160";"Sem vítima";"843,309";"BR-163/MS";"Decrescente";"Tombamento";1;0;0;0;0;0;0;0;0;0;4;0;0;0;0
"14/04/2025";"18:10:06";"188";"Com vítima";"834,730";"BR-163/MS";"Crescente";"Atropelamento de animal";0;0;0;1;0;0;0;0;0;0;0;0;0;1;0
"14/04/2025";"18:59:00";"203";"Com vítima";"834,730";"BR-163/MS";"Crescente";"Acidentes de outra natureza";0;0;0;0;0;0;0;0;0;1;0;1;0;0;0
"15/04/2025";"04:17:01";"16";"Com vítima";"120,623";"BR-163/MS";"Decrescente";"Colisão transversal";1;0;0;0;0;2;0;0;0;0;0;0;0;2;0
"15/04/2025";"08:07:27";"87";"Sem vítima";"599,552";"BR-163/MS";"Crescente";"Colisão lateral no mesmo sentido";1;0;0;0;0;2;0;0;0;0;1;0;0;0;0
"15/04/2025";"08:28:26";"103";"Sem vítima";"484,134";"BR-163/MS";"Crescente";"Colisão transversal";0;0;2;0;0;1;0;0;0;0;2;0;0;0;0
"15/04/2025";"13:20:23";"151";"Sem vítima";"615,742";"BR-163/MS";"Decrescente";"Colisão transversal";1;0;0;1;0;0;0;0;0;0;2;0;0;0;0
"15/04/2025";"18:06:58";"201";"Sem vítima";"220,117";"BR-163/MS";"Crescente";"Acidentes de outra natureza";0;0;1;0;0;1;0;0;0;0;1;0;0;0;0
"15/04/2025";"18:46:15";"208";"Sem vítima";"766,610";"BR-163/MS";"Decrescente";"Atropelamento de animal";1;0;0;0;0;0;0;0;0;0;1;0;0;0;0
"15/04/2025";"19:07:25";"213";"Com vítima";"486,748";"BR-163/MS";"Crescente";"Colisão transversal";1;0;0;1;0;0;0;0;0;0;1;0;0;0;1
"15/04/2025";"21:03:35";"223";"Sem vítima";"796,400";"BR-163/MS";"Decrescente";"Choque";1;0;0;0;0;0;0;0;0;0;3;0;0;0;0
"15/04/2025";"23:59:37";"237";"Com vítima";"165,501";"BR-163/MS";"Crescente";"Capotamento";0;0;1;0;0;0;0;0;0;0;0;0;0;0;1
"16/04/2025";"07:34:34";"75";"Sem vítima";"348,177";"BR-163/MS";"Decrescente";"Tombamento";0;0;0;1;0;0;0;0;0;0;1;0;0;0;0
"16/04/2025";"10:59:26";"142";"Com vítima";"124,390";"BR-163/MS";"Decrescente";"Queda de moto";0;0;0;1;0;0;0;0;0;0;0;1;0;0;0
"16/04/2025";"12:02:00";"150";"Com vítima";"495,791";"BR-163/MS";"Decrescente";"Acidentes de outra natureza";0;0;0;1;0;0;0;0;0;0;0;0;2;0;0
"16/04/2025";"18:12:27";"237";"Sem vítima";"542,725";"BR-163/MS";"Crescente";"Acidentes de outra natureza";1;0;0;0;0;0;0;0;0;0;1;0;0;0;0
"16/04/2025";"19:00:45";"248";"Sem vítima";"398,900";"BR-163/MS";"Crescente";"Choque";1;0;0;0;0;0;0;0;0;0;3;0;0;0;0
"16/04/2025";"19:54:29";"261";"Com vítima";"246,300";"BR-163/MS";"Crescente";"Choque";0;0;0;0;1;0;0;0;0;0;0;25;0;0;0
"17/04/2025";"00:41:42";"10";"Sem vítima";"834,326";"BR-163/MS";"Crescente";"Atropelamento de animal";0;0;0;0;0;0;0;0;0;1;4;0;0;0;0
"17/04/2025";"04:00:24";"30";"Sem vítima";"381,779";"BR-163/MS";"Decrescente";"Acidentes de outra natureza";0;0;1;0;0;0;0;0;0;0;1;0;0;0;0
"17/04/2025";"07:40:51";"76";"Sem vítima";"316,647";"BR-163/MS";"Decrescente";"Acidentes de outra natureza";1;0;0;0;0;0;0;0;0;0;4;0;0;0;0
"17/04/2025";"12:54:12";"163";"Sem vítima";"408,367";"BR-163/MS";"Decrescente";"Choque";0;0;1;0;0;0;0;0;0;1;4;0;0;0;0
"17/04/2025";"15:10:27";"203";"Sem vítima";"365,500";"BR-163/MS";"Crescente";"Choque";2;0;0;0;0;0;0;0;0;0;3;0;0;0;0
"17/04/2025";"15:48:55";"237";"Com vítima";"226,215";"BR-163/MS";"Decrescente";"Tombamento";1;0;0;0;0;0;0;0;0;0;0;1;0;0;0
"17/04/2025";"18:23:09";"277";"Sem vítima";"486,452";"BR-163/MS";"Decrescente";"Colisão transversal";1;0;0;0;0;0;0;0;0;1;2;0;0;0;0
"17/04/2025";"18:54:56";"284";"Sem vítima";"835,455";"BR-163/MS";"Crescente";"Atropelamento de animal";1;0;0;0;0;0;0;0;0;0;3;0;0;0;0
"17/04/2025";"19:04:49";"287";"Com vítima";"81,578";"BR-163/MS";"Decrescente";"Queda de moto";0;0;0;1;0;0;0;0;0;0;0;1;0;0;0
"17/04/2025";"21:46:32";"311";"Com vítima";"486,152";"BR-163/MS";"Crescente";"Colisão transversal";1;0;0;1;0;0;0;0;0;0;1;0;1;0;0
"18/04/2025";"01:13:28";"13";"Com vítima";"667,000";"BR-163/MS";"Crescente";"Queda de moto";0;0;0;1;0;0;0;0;0;0;0;0;1;0;0
"18/04/2025";"01:26:04";"14";"Com vítima";"202,782";"BR-163/MS";"Decrescente";"Colisão traseira";2;0;0;0;0;0;0;0;0;0;2;4;0;0;0
"18/04/2025";"09:12:19";"101";"Sem vítima";"261,762";"BR-163/MS";"Crescente";"Colisão transversal";1;0;0;1;0;0;0;0;0;0;2;0;0;0;0
"18/04/2025";"10:35:13";"121";"Com vítima";"309,800";"BR-163/MS";"Decrescente";"Acidentes de outra natureza";1;0;0;0;0;0;0;0;0;0;0;3;1;0;0
"18/04/2025";"15:47:17";"187";"Sem vítima";"437,452";"BR-163/MS";"Crescente";"Acidentes de outra natureza";1;0;0;0;0;0;0;0;0;0;1;0;0;0;0
"18/04/2025";"18:49:13";"233";"Sem vítima";"383,966";"BR-163/MS";"Decrescente";"Acidentes de outra natureza";0;0;1;0;0;0;0;0;0;0;1;0;0;0;0
"19/04/2025";"01:38:52";"16";"Sem vítima";"373,541";"BR-163/MS";"Decrescente";"Atropelamento de animal";1;0;0;0;0;0;0;0;0;0;2;0;0;0;0
"19/04/2025";"11:34:51";"95";"Sem vítima";"394,315";"BR-163/MS";"Crescente";"Acidentes de outra natureza";1;0;0;0;0;0;0;0;0;0;1;0;0;0;0
"19/04/2025";"14:07:54";"120";"Sem vítima";"670,685";"BR-163/MS";"Crescente";"Capotamento";0;0;0;0;0;0;0;0;0;1;1;0;0;0;0
"19/04/2025";"19:43:19";"201";"Com vítima";"258,523";"BR-163/MS";"Crescente";"Queda de moto";0;0;0;1;0;0;0;0;0;0;0;1;0;0;0
"20/04/2025";"07:13:47";"50";"Com vítima";"117,376";"BR-163/MS";"Crescente";"Queda de moto";0;0;0;1;0;0;0;0;0;0;0;1;0;0;0