data;horario;n_da_ocorrencia;tipo_de_ocorrencia;km;trecho;sentido;tipo_de_acidente;automovel;bicicleta;caminhao;moto;onibus;outros;tracao_animal;transporte_de_cargas_especiais;trator_maquinas;utilitarios;ilesos;levemente_feridos;moderadamente_feridos;gravemente_feridos;mortos
"20/04/2025";"07:41:17";"57";"Com vítima";"334,994";"BR-163/MS";"Decrescente";"Acidentes de outra natureza";0;0;1;0;0;0;0;0;0;0;1;1;0;0;0
"20/04/2025";"09:47:01";"85";"Com vítima";"523,480";"BR-163/MS";"Crescente";"Queda de moto";0;0;0;1;0;0;0;0;0;0;0;0;1;0;0
"20/04/2025";"17:28:07";"168";"Sem vítima";"823,875";"BR-163/MS";"Decrescente";"Tombamento";0;0;1;0;0;1;0;0;0;0;1;0;0;0;0
"20/04/2025";"18:21:41";"178";"Com vítima";"479,636";"BR-163/MS";"Decrescente";"Queda de moto";0;0;0;1;0;0;0;0;0;0;1;1;0;0;0
"20/04/2025";"19:10:34";"186";"Sem vítima";"768,701";"BR-163/MS";"Crescente";"Atropelamento de animal";1;0;0;0;0;0;0;0;0;0;4;0;0;0;0
"20/04/2025";"21:17:02";"203";"Sem vítima";"268,787";"BR-163/MS";"Crescente";"Atropelamento de animal";1;0;0;0;0;0;0;0;0;0;4;0;0;0;0
"21/04/2025";"05:44:03";"32";"Sem vítima";"692,967";"BR-163/MS";"Crescente";"Atropelamento de animal";0;0;0;0;0;0;0;0;0;1;3;0;0;0;0
"21/04/2025";"12:06:54";"143";"Sem vítima";"103,630";"BR-163/MS";"Crescente";"Tombamento";0;0;0;0;0;2;0;0;0;0;0;0;0;0;0
"21/04/2025";"15:58:17";"206";"Com vítima";"276,793";"BR-163/MS";"Crescente";"Capotamento";1;0;0;0;0;0;0;0;0;0;0;1;1;0;0
"22/04/2025";"14:08:08";"176";"Sem vítima";"752,438";"BR-163/MS";"Crescente";"Colisão lateral no mesmo sentido";1;0;0;0;0;0;0;0;0;0;1;0;0;0;0
"22/04/2025";"16:49:35";"214";"Com vítima";"556,127";"BR-163/MS";"Decrescente";"Capotamento";0;0;1;0;0;2;0;0;0;0;0;0;2;0;0
"22/04/2025";"19:50:22";"242";"Sem vítima";"258,831";"BR-163/MS";"Crescente";"Choque";1;0;0;0;0;0;0;0;0;1;2;0;0;0;0
"22/04/2025";"19:59:45";"243";"Sem vítima";"148,500";"BR-163/MS";"Crescente";"Colisão transversal";1;0;0;0;0;2;0;0;0;0;4;0;0;0;0
"23/04/2025";"12:04:03";"167";"Sem vítima";"265,905";"BR-163/MS";"Crescente";"Colisão traseira";2;0;0;0;0;0;0;0;0;0;2;0;0;0;0
"23/04/2025";"16:12:27";"218";"Sem vítima";"27,000";"BR-163/MS";"Crescente";"Choque";1;0;0;0;0;0;0;0;0;0;3;0;0;0;0
"23/04/2025";"19:10:58";"262";"Sem vítima";"352,510";"BR-163/MS";"Decrescente";"Atropelamento de animal";1;0;0;0;0;0;0;0;0;0;1;0;0;0;0
"24/04/2025";"01:52:56";"30";"Com vítima";"484,470";"BR-163/MS";"Decrescente";"Queda de moto";0;0;0;1;0;0;0;0;0;0;0;1;0;0;0
"24/04/2025";"13:48:55";"171";"Com vítima";"330,500";"BR-163/MS";"Decrescente";"Capotamento";1;0;0;0;0;0;0;0;0;0;1;1;0;0;0
"24/04/2025";"20:36:38";"245";"Sem vítima";"418,653";"BR-163/MS";"Crescente";"Acidentes de outra natureza";1;0;0;0;0;0;0;0;0;0;1;0;0;0;0
"24/04/2025";"21:24:48";"253";"Sem vítima";"458,834";"BR-163/MS";"Crescente";"Acidentes de outra natureza";1;0;0;0;0;0;0;0;0;0;2;0;0;0;0
"24/04/2025";"22:59:51";"264";"Sem vítima";"343,661";"BR-163/MS";"Decrescente";"Atropelamento de animal";1;0;0;0;0;0;0;0;0;0;3;0;0;0;0
"25/04/2025";"16:00:09";"211";"Sem vítima";"305,394";"BR-163/MS";"Crescente";"Tombamento";0;0;1;0;0;0;0;0;0;0;1;0;0;0;0
"26/04/2025";"12:23:56";"136";"Sem vítima";"648,499";"BR-163/MS";"Crescente";"Acidentes de outra natureza";0;0;0;0;0;0;0;0;0;1;3;0;0;0;0
"26/04/2025";"15:56:30";"168";"Com vítima";"279,499";"BR-163/MS";"Crescente";"Acidentes de outra natureza";1;0;0;0;0;0;0;0;0;0;0;1;0;0;0
"27/04/2025";"01:52:53";"13";"Sem vítima";"529,363";"BR-163/MS";"Crescente";"Acidentes de outra natureza";1;0;0;0;0;0;0;0;0;0;3;0;0;0;0
"27/04/2025";"07:46:48";"55";"Sem vítima";"53,674";"BR-163/MS";"Crescente";"Acidentes de outra natureza";0;0;0;0;0;0;0;0;0;1;2;0;0;0;0
"27/04/2025";"13:18:21";"104";"Com vítima";"375,000";"BR-163/MS";"Crescente";"Acidentes de outra natureza";1;0;0;0;0;0;0;0;0;0;0;1;2;0;0
"27/04/2025";"16:34:02";"145";"Sem vítima";"466,318";"BR-163/MS";"Crescente";"Colisão traseira";1;0;0;0;0;0;0;0;0;1;3;0;0;0;0
"27/04/2025";"22:09:14";"193";"Sem vítima";"450,302";"BR-163/MS";"Crescente";"Atropelamento de animal";1;0;0;0;0;0;0;0;0;0;1;0;0;0;0
"27/04/2025";"23:14:36";"203";"Sem vítima";"248,000";"BR-163/MS";"Decrescente";"Acidentes de outra natureza";0;0;0;0;0;0;0;0;0;1;1;0;0;0;0
"28/04/2025";"01:07:34";"14";"Sem vítima";"188,321";"BR-163/MS";"Decrescente";"Atropelamento de animal";0;0;0;0;0;0;0;0;0;1;1;0;0;0;0
"28/04/2025";"06:35:20";"50";"Sem vítima";"128,000";"BR-163/MS";"Crescente";"Choque";0;0;1;0;0;0;0;0;0;1;2;0;0;0;0
"28/04/2025";"10:43:59";"143";"Sem vítima";"266,691";"BR-163/MS";"Crescente";"Colisão lateral no mesmo sentido";0;0;2;0;0;2;0;0;0;0;2;0;0;0;0
"28/04/2025";"18:27:58";"269";"Sem vítima";"496,000";"BR-163/MS";"Decrescente";"Acidentes de outra natureza";1;0;0;0;0;0;0;0;0;0;1;0;0;0;0
"28/04/2025";"21:32:45";"311";"Sem vítima";"609,789";"BR-163/MS";"Decrescente";"Acidentes de outra natureza";0;0;0;0;0;0;0;0;0;1;1;0;0;0;0
"29/04/2025";"03:47:33";"16";"Sem vítima";"832,000";"BR-163/MS";"Crescente";"Acidentes de outra natureza";0;0;0;0;0;0;0;0;0;1;2;0;0;0;0
"29/04/2025";"11:43:11";"169";"Com vítima";"40,614";"BR-163/MS";"Decrescente";"Colisão transversal";0;0;0;1;0;0;0;0;0;1;0;1;0;0;0
"29/04/2025";"17:38:16";"254";"Sem vítima";"255,510";"BR-163/MS";"Decrescente";"Colisão traseira";0;0;1;0;0;1;0;0;0;0;1;0;0;0;0
"30/04/2025";"03:16:05";"23";"Sem vítima";"538,824";"BR-163/MS";"Decrescente";"Atropelamento de animal";1;0;0;0;0;0;0;0;0;0;1;0;0;0;0
"30/04/2025";"05:48:56";"43";"Com vítima";"258,784";"BR-163/MS";"Crescente";"Acidentes de outra natureza";1;0;0;0;0;0;0;0;0;0;0;1;0;0;0
"30/04/2025";"09:50:07";"132";"Sem vítima";"66,176";"BR-163/MS";"Crescente";"Choque";1;0;0;0;0;0;0;0;0;0;2;0;0;0;0
"30/04/2025";"13:37:27";"187";"Com vítima";"683,255";"BR-163/MS";"Decrescente";"Colisão transversal";2;0;0;0;0;0;0;0;0;0;1;2;0;0;0
"30/04/2025";"15:19:51";"212";"Sem vítima";"175,608";"BR-163/MS";"Crescente";"Tombamento";0;0;0;0;0;0;0;0;0;0;0;0;0;0;0
"30/04/2025";"16:05:13";"225";"Sem vítima";"177,400";"BR-163/MS";"Crescente";"Colisão traseira";0;0;2;0;0;0;0;0;0;0;2;0;0;0;0
"30/04/2025";"17:28:44";"248";"Com vítima";"1,302";"BR-163/MS";"Crescente";"Queda de moto";0;0;0;1;0;0;0;0;0;0;1;1;0;0;0
"30/04/2025";"18:11:41";"254";"Com vítima";"486,587";"BR-163/MS";"Crescente";"Colisão transversal";0;0;0;1;0;1;0;0;0;0;0;0;1;1;0
"30/04/2025";"19:12:47";"272";"Com vítima";"208,276";"BR-163/MS";"Crescente";"Colisão frontal";1;0;0;0;0;1;0;0;0;2;3;1;0;0;0
"30/04/2025";"19:22:57";"274";"Com vítima";"84,373";"BR-163/MS";"Crescente";"Capotamento";1;0;0;0;0;0;0;0;0;0;1;0;0;1;0
"30/04/2025";"21:34:46";"293";"Sem vítima";"381,500";"BR-163/MS";"Decrescente";"Atropelamento de animal";1;0;0;0;0;0;0;0;0;0;2;0;0;0;0
"02/05/2025";"09:07:42";"72";"Sem vítima";"167,452";"BR-163/MS";"Crescente";"Colisão traseira";1;0;0;0;0;1;0;0;0;0;2;0;0;0;0
"02/05/2025";"14:24:19";"126";"Sem vítima";"23,452";"BR-163/MS";"Decrescente";"Colisão lateral no mesmo sentido";0;0;1;0;0;0;0;0;0;1;2;0;0;0;0
"02/05/2025";"14:35:31";"132";"Sem vítima";"523,402";"BR-163/MS";"Decrescente";"Colisão traseira";1;0;1;0;0;0;0;0;0;0;7;0;0;0;0
"02/05/2025";"18:07:23";"175";"Sem vítima";"478,456";"BR-163/MS";"Decrescente";"Engavetamento";1;0;0;0;0;0;0;0;0;0;1;0;0;0;0
"03/05/2025";"09:06:00";"129";"Sem vítima";"310,374";"BR-163/MS";"Decrescente";"Colisão lateral no mesmo sentido";0;0;2;0;0;0;0;0;0;0;4;0;0;0;0
"03/05/2025";"11:54:57";"163";"Com vítima";"88,793";"BR-163/MS";"Crescente";"Acidentes de outra natureza";1;0;0;0;0;0;0;0;0;0;0;1;0;0;0
"03/05/2025";"13:49:04";"183";"Com vítima";"555,700";"BR-163/MS";"Crescente";"Tombamento";0;0;1;0;0;0;0;0;0;0;0;1;0;0;0
"03/05/2025";"16:20:37";"211";"Sem vítima";"828,799";"BR-163/MS";"Decrescente";"Acidentes de outra natureza";1;0;0;0;0;0;0;0;0;0;4;0;0;0;0
"03/05/2025";"17:15:09";"216";"Sem vítima";"315,725";"BR-163/MS";"Crescente";"Colisão lateral no mesmo sentido";1;0;1;0;0;0;0;0;0;0;2;0;0;0;0
"04/05/2025";"01:58:05";"24";"Com vítima";"548,436";"BR-163/MS";"Crescente";"Queda de moto";0;0;0;1;0;0;0;0;0;0;0;2;0;0;0
"04/05/2025";"10:20:37";"95";"Com vítima";"625,500";"BR-163/MS";"Decrescente";"Queda de moto";0;0;0;1;0;0;0;0;0;0;0;0;1;0;0
"04/05/2025";"17:02:06";"202";"Com vítima";"12,363";"BR-163/MS";"Crescente";"Acidentes de outra natureza";1;0;0;0;0;0;0;0;0;0;1;1;0;0;0
"05/05/2025";"01:00:46";"16";"Sem vítima";"184,683";"BR-163/MS";"Crescente";"Atropelamento de animal";1;0;0;0;0;0;0;0;0;0;4;0;0;0;0
"05/05/2025";"07:04:27";"59";"Sem vítima";"34,432";"BR-163/MS";"Crescente";"Acidentes de outra natureza";1;0;0;0;0;0;0;0;0;0;1;0;0;0;0
"05/05/2025";"14:16:56";"180";"Sem vítima";"564,695";"BR-163/MS";"Crescente";"Colisão traseira";0;0;1;0;0;1;0;0;0;0;1;0;0;0;0
"05/05/2025";"19:33:01";"242";"Sem vítima";"761,230";"BR-163/MS";"Crescente";"Atropelamento de animal";0;0;0;0;0;0;0;0;0;1;1;0;0;0;0
"05/05/2025";"20:14:45";"250";"Sem vítima";"302,747";"BR-163/MS";"Crescente";"Atropelamento de animal";0;0;0;0;0;0;0;0;0;1;1;0;0;0;0
"05/05/2025";"22:48:44";"272";"Sem vítima";"744,208";"BR-163/MS";"Crescente";"Tombamento";0;0;1;0;0;0;0;0;0;0;3;0;0;0;0
"05/05/2025";"23:49:08";"276";"Sem vítima";"832,687";"BR-163/MS";"Crescente";"Atropelamento de animal";0;0;0;0;0;0;0;0;0;1;1;0;0;0;0
"07/05/2025";"13:58:32";"152";"Sem vítima";"6,166";"BR-163/MS";"Crescente";"Colisão lateral no mesmo sentido";1;0;0;0;0;0;0;0;0;1;2;0;0;0;0
"07/05/2025";"17:14:35";"195";"Sem vítima";"55,000";"BR-163/MS";"Decrescente";"Colisão traseira";0;0;0;0;1;1;0;0;0;0;1;0;0;0;0
"07/05/2025";"17:30:11";"199";"Sem vítima";"265,101";"BR-163/MS";"Decrescente";"Colisão lateral no mesmo sentido";1;0;1;0;0;0;0;0;0;0;2;0;0;0;0
"07/05/2025";"18:38:31";"212";"Com vítima";"97,000";"BR-163/MS";"Crescente";"Queda de moto";0;0;0;1;0;0;0;0;0;0;1;1;0;0;0
"07/05/2025";"19:48:08";"222";"Sem vítima";"6,900";"BR-163/MS";"Crescente";"Capotamento";1;0;0;0;0;0;0;0;0;0;1;0;0;0;0
"08/05/2025";"00:32:42";"2";"Sem vítima";"758,669";"BR-163/MS";"Crescente";"Atropelamento de animal";1;0;0;0;0;0;0;0;0;0;1;0;0;0;0
"08/05/2025";"04:22:01";"15";"Sem vítima";"661,178";"BR-163/MS";"Crescente";"Acidentes de outra natureza";0;0;0;0;0;0;0;0;0;0;0;0;0;0;0
"08/05/2025";"09:14:29";"119";"Com vítima";"529,235";"BR-163/MS";"Crescente";"Queda de moto";0;0;0;1;0;0;0;0;0;0;0;0;1;0;0
"08/05/2025";"10:37:40";"147";"Com vítima";"475,797";"BR-163/MS";"Crescente";"Queda de moto";0;0;0;1;0;0;0;0;0;0;1;0;1;0;0
"08/05/2025";"12:50:35";"182";"Com vítima";"77,562";"BR-163/MS";"Crescente";"Colisão lateral no mesmo sentido";0;0;0;1;0;0;0;0;0;1;1;0;1;0;0
"08/05/2025";"19:47:36";"270";"Com vítima";"13,889";"BR-163/MS";"Decrescente";"Colisão frontal";1;0;1;0;0;1;0;0;0;0;1;2;0;2;0
"08/05/2025";"20:49:48";"279";"Sem vítima";"338,410";"BR-163/MS";"Decrescente";"Atropelamento de animal";1;0;0;0;0;0;0;0;0;0;2;0;0;0;0
"08/05/2025";"21:13:05";"282";"Sem vítima";"306,427";"BR-163/MS";"Crescente";"Atropelamento de animal";0;0;0;0;0;1;0;0;0;2;3;0;0;0;0
"09/05/2025";"02:58:11";"14";"Sem vítima";"568,760";"BR-163/MS";"Decrescente";"Atropelamento de animal";0;0;0;0;0;1;0;0;0;0;0;0;0;0;0
"09/05/2025";"08:37:40";"97";"Sem vítima";"1,992";"BR-163/MS";"Crescente";"Colisão lateral no mesmo sentido";1;0;1;0;0;1;0;0;0;0;2;0;0;0;0
"09/05/2025";"10:36:34";"125";"Com vítima";"270,608";"BR-163/MS";"Crescente";"Queda de moto";0;0;0;1;0;0;0;0;0;1;1;0;1;0;0
"09/05/2025";"15:15:18";"189";"Sem vítima";"11,560";"BR-163/MS";"Crescente";"Choque";1;0;0;0;0;0;0;0;0;0;2;0;0;0;0
"09/05/2025";"18:38:27";"243";"Sem vítima";"266,882";"BR-163/MS";"Decrescente";"Acidentes de outra natureza";1;0;0;0;0;0;0;0;0;0;1;0;0;0;0
"09/05/2025";"18:59:47";"246";"Sem vítima";"621,000";"BR-163/MS";"Decrescente";"Colisão traseira";2;0;0;0;0;0;0;0;0;0;4;0;0;0;0
"09/05/2025";"19:04:29";"247";"Sem vítima";"740,145";"BR-163/MS";"Decrescente";"Atropelamento de animal";0;0;0;0;0;1;0;0;0;1;1;0;0;0;0
"09/05/2025";"19:06:37";"249";"Sem vítima";"740,918";"BR-163/MS";"Crescente";"Atropelamento de animal";1;0;0;0;0;0;0;0;0;0;1;0;0;0;0
"10/05/2025";"06:19:01";"28";"Sem vítima";"12,000";"BR-163/MS";"Decrescente";"Choque";1;0;0;0;0;0;0;0;0;0;1;0;0;0;0
"10/05/2025";"09:09:59";"83";"Com vítima";"547,429";"BR-163/MS";"Decrescente";"Colisão lateral no mesmo sentido";1;0;0;0;0;0;0;0;0;1;2;2;0;0;0
"10/05/2025";"23:35:06";"217";"Com vítima";"518,720";"BR-163/MS";"Decrescente";"Queda de moto";0;0;0;1;0;0;0;0;0;0;0;2;0;0;0
"11/05/2025";"04:18:19";"18";"Com vítima";"291,725";"BR-163/MS";"Decrescente";"Atropelamento de animal";1;0;0;0;0;0;0;0;0;0;1;0;0;0;1
"11/05/2025";"15:18:47";"96";"Sem vítima";"124,000";"BR-163/MS";"Crescente";"Colisão lateral no mesmo sentido";0;0;1;0;0;0;0;0;0;1;2;0;0;0;0
"11/05/2025";"18:34:46";"123";"Sem vítima";"485,694";"BR-163/MS";"Crescente";"Engavetamento";3;0;0;0;0;0;0;0;0;0;5;0;0;0;0
"11/05/2025";"23:27:47";"160";"Com vítima";"493,927";"BR-163/MS";"Crescente";"Queda de moto";0;0;0;1;0;0;0;0;0;0;0;1;0;0;0
"12/05/2025";"21:27:28";"292";"Com vítima";"613,473";"BR-163/MS";"Crescente";"Atropelamento de animal";1;0;0;1;0;0;0;0;0;0;1;1;0;0;0
"12/05/2025";"21:35:34";"293";"Com vítima";"209,000";"BR-163/MS";"Crescente";"Colisão transversal";2;0;0;0;0;0;0;0;0;0;1;1;0;0;0
"13/05/2025";"04:28:15";"32";"Sem vítima";"692,625";"BR-163/MS";"Decrescente";"Atropelamento de animal";0;0;0;0;0;1;0;0;0;0;0;0;0;0;0
"13/05/2025";"06:36:09";"64";"Sem vítima";"18,268";"BR-163/MS";"Decrescente";"Choque";0;0;0;0;0;2;0;0;0;1;0;0;0;0;0
"13/05/2025";"09:01:23";"122";"Sem vítima";"327,433";"BR-163/MS";"Crescente";"Choque";1;0;0;0;0;0;0;0;0;0;3;0;0;0;0
"13/05/2025";"09:38:03";"127";"Sem vítima";"485,598";"BR-163/MS";"Crescente";"Choque";1;0;0;0;0;0;0;0;0;1;2;0;0;0;0
"13/05/2025";"13:02:17";"178";"Sem vítima";"462,505";"BR-163/MS";"Decrescente";"Tombamento";0;0;0;0;0;2;0;0;0;0;0;0;0;0;0
"13/05/2025";"18:10:12";"230";"Sem vítima";"478,860";"BR-163/MS";"Crescente";"Colisão traseira";0;0;1;0;1;0;0;0;0;0;2;0;0;0;0
"13/05/2025";"18:19:26";"234";"Sem vítima";"758,615";"BR-163/MS";"Crescente";"Atropelamento de animal";0;0;0;0;0;0;0;0;0;0;0;0;0;0;0
"14/05/2025";"01:02:08";"5";"Sem vítima";"330,960";"BR-163/MS";"Crescente";"Atropelamento de animal";1;0;0;0;0;0;0;0;0;0;1;0;0;0;0
"14/05/2025";"06:45:17";"43";"Com vítima";"256,421";"BR-163/MS";"Crescente";"Queda de moto";0;0;0;1;0;0;0;0;0;0;0;0;1;0;0
"14/05/2025";"07:30:38";"66";"Sem vítima";"0,150";"BR-163/MS";"Crescente";"Choque";0;0;0;0;0;0;0;0;0;1;3;0;0;0;0
"14/05/2025";"17:11:55";"296";"Sem vítima";"57,456";"BR-163/MS";"Crescente";"Colisão traseira";1;0;0;0;0;1;0;0;0;0;2;0;0;0;0
"14/05/2025";"22:15:14";"323";"Com vítima";"421,477";"BR-163/MS";"Decrescente";"Colisão traseira";0;0;0;2;0;0;0;0;0;0;1;1;0;0;0
"15/05/2025";"07:35:18";"54";"Com vítima";"490,665";"BR-163/MS";"Crescente";"Colisão lateral no mesmo sentido";1;0;0;1;0;0;0;0;0;0;1;1;0;0;0
"15/05/2025";"08:44:57";"73";"Com vítima";"150,850";"BR-163/MS";"Crescente";"Tombamento";0;0;1;0;0;0;0;0;0;0;1;1;0;0;0
"15/05/2025";"12:50:37";"135";"Sem vítima";"146,800";"BR-163/MS";"Crescente";"Colisão traseira";0;0;0;0;0;1;0;0;0;1;1;0;0;0;0
"15/05/2025";"15:24:31";"169";"Sem vítima";"470,790";"BR-163/MS";"Crescente";"Colisão traseira";0;0;2;0;0;0;0;0;0;0;2;0;0;0;0
"15/05/2025";"15:36:57";"170";"Com vítima";"485,278";"BR-163/MS";"Crescente";"Colisão traseira";1;0;1;1;0;0;0;0;0;0;3;0;0;0;1
"15/05/2025";"22:09:22";"220";"Sem vítima";"660,000";"BR-163/MS";"Decrescente";"Atropelamento de animal";1;0;0;0;0;0;0;0;0;0;1;0;0;0;0
"16/05/2025";"08:41:56";"95";"Sem vítima";"392,831";"BR-163/MS";"Decrescente";"Colisão lateral no mesmo sentido";1;0;2;0;0;0;0;0;0;0;6;0;0;0;0
"16/05/2025";"12:11:21";"140";"Sem vítima";"391,000";"BR-163/MS";"Decrescente";"Colisão traseira";0;0;2;0;0;0;0;0;0;0;2;0;0;0;0
"16/05/2025";"15:27:07";"179";"Sem vítima";"615,325";"BR-163/MS";"Crescente";"Colisão transversal";0;0;0;0;0;1;0;0;0;1;1;0;0;0;0
"16/05/2025";"22:11:52";"238";"Sem vítima";"264,000";"BR-163/MS";"Crescente";"Queda de moto";0;0;0;1;0;0;0;0;0;0;1;0;0;0;0
"17/05/2025";"19:49:50";"290";"Sem vítima";"614,784";"BR-163/MS";"Crescente";"Colisão transversal";1;0;1;0;0;0;0;0;0;0;4;0;0;0;0
"18/05/2025";"06:53:13";"43";"Sem vítima";"253,837";"BR-163/MS";"Crescente";"Queda de moto";0;0;0;1;0;0;0;0;0;0;0;0;0;0;0
"18/05/2025";"21:37:32";"266";"Com vítima";"484,343";"BR-163/MS";"Crescente";"Tombamento";0;0;0;1;0;0;0;0;0;0;0;1;0;0;0
"19/05/2025";"02:40:18";"16";"Sem vítima";"614,761";"BR-163/MS";"Crescente";"Acidentes de outra natureza";1;0;0;0;0;0;0;0;0;0;2;0;0;0;0
"19/05/2025";"10:26:42";"179";"Sem vítima";"527,340";"BR-163/MS";"Crescente";"Acidentes de outra natureza";1;0;0;0;0;0;0;0;0;0;1;0;0;0;0
"19/05/2025";"15:42:40";"239";"Com vítima";"261,500";"BR-163/MS";"Decrescente";"Colisão traseira";1;0;0;1;0;0;0;0;0;0;1;1;0;0;0
"19/05/2025";"17:54:58";"259";"Sem vítima";"477,461";"BR-163/MS";"Crescente";"Engavetamento";2;0;0;0;0;0;0;0;0;1;8;0;0;0;0
"20/05/2025";"07:33:56";"44";"Com vítima";"478,000";"BR-163/MS";"Crescente";"Engavetamento";2;0;0;1;0;0;0;0;0;0;2;1;0;0;0
"20/05/2025";"11:27:30";"110";"Sem vítima";"490,000";"BR-163/MS";"Crescente";"Acidentes de outra natureza";1;0;0;0;0;0;0;0;0;0;1;0;0;0;0
"20/05/2025";"18:47:13";"200";"Com vítima";"244,128";"BR-163/MS";"Decrescente";"Capotamento";1;0;0;0;0;0;0;0;0;0;0;1;0;0;0
"21/05/2025";"07:15:33";"69";"Com vítima";"471,000";"BR-163/MS";"Crescente";"Colisão traseira";0;0;0;1;0;0;0;0;0;0;0;1;0;0;0
"21/05/2025";"17:31:57";"196";"Com vítima";"609,679";"BR-163/MS";"Crescente";"Acidentes de outra natureza";0;0;1;0;0;0;0;0;0;0;0;0;0;0;1
"22/05/2025";"02:23:49";"9";"Sem vítima";"526,597";"BR-163/MS";"Crescente";"Tombamento";0;0;1;0;0;1;0;0;0;0;1;0;0;0;0
"22/05/2025";"07:49:53";"60";"Sem vítima";"69,450";"BR-163/MS";"Crescente";"Acidentes de outra natureza";0;0;0;0;0;1;0;0;0;1;1;0;0;0;0
"22/05/2025";"18:50:40";"188";"Sem vítima";"746,221";"BR-163/MS";"Decrescente";"Atropelamento de animal";1;0;0;0;0;0;0;0;0;0;1;0;0;0;0
"23/05/2025";"05:31:31";"39";"Com vítima";"258,233";"BR-163/MS";"Crescente";"Capotamento";1;0;0;0;0;0;0;0;0;0;0;0;1;0;0
"23/05/2025";"13:55:40";"144";"Com vítima";"93,287";"BR-163/MS";"Crescente";"Tombamento";0;0;1;0;0;0;0;0;0;0;0;1;0;0;0
"23/05/2025";"18:00:07";"192";"Com vítima";"721,472";"BR-163/MS";"Crescente";"Queda de moto";0;0;0;1;0;0;0;0;0;0;1;1;0;0;0
"23/05/2025";"19:06:31";"208";"Sem vítima";"490,577";"BR-163/MS";"Crescente";"Colisão traseira";2;0;0;0;0;0;0;0;0;0;5;0;0;0;0
"23/05/2025";"19:29:13";"211";"Sem vítima";"25,392";"BR-163/MS";"Decrescente";"Colisão transversal";0;0;1;0;0;1;0;0;0;1;2;0;0;0;0
"24/05/2025";"07:35:39";"63";"Sem vítima";"711,770";"BR-163/MS";"Decrescente";"Tombamento";0;0;1;0;0;1;0;0;0;0;1;0;0;0;0
"24/05/2025";"08:10:15";"73";"Com vítima";"681,405";"BR-163/MS";"Decrescente";"Queda de moto";0;0;0;1;0;0;0;0;0;0;0;1;0;0;0
"24/05/2025";"11:19:49";"114";"Com vítima";"495,000";"BR-163/MS";"Crescente";"Tombamento";0;0;0;0;0;2;0;0;0;0;0;0;0;0;0
"24/05/2025";"12:05:01";"122";"Com vítima";"681,000";"BR-163/MS";"Crescente";"Colisão transversal";1;0;0;1;0;0;0;0;0;0;3;2;0;0;0
"24/05/2025";"14:01:56";"139";"Sem vítima";"141,000";"BR-163/MS";"Crescente";"Acidentes de outra natureza";0;0;0;0;0;0;0;0;0;1;1;0;0;0;0
"24/05/2025";"18:41:11";"206";"Sem vítima";"308,597";"BR-163/MS";"Decrescente";"Choque";1;0;0;0;0;0;0;0;0;0;0;0;0;0;0
"24/05/2025";"18:42:19";"207";"Sem vítima";"222,491";"BR-163/MS";"Decrescente";"Choque";0;0;0;0;0;0;0;0;0;1;4;0;0;0;0
"25/05/2025";"02:53:16";"20";"Com vítima";"475,842";"BR-163/MS";"Crescente";"Queda de moto";0;0;0;1;0;0;0;0;0;0;0;1;1;0;0
"25/05/2025";"05:39:22";"30";"Sem vítima";"9,518";"BR-163/MS";"Crescente";"Choque";1;0;0;0;0;0;0;0;0;0;1;0;0;0;0
"25/05/2025";"06:13:06";"33";"Sem vítima";"123,227";"BR-163/MS";"Decrescente";"Acidentes de outra natureza";1;0;0;0;0;0;0;0;0;0;2;0;0;0;0
"25/05/2025";"08:38:32";"65";"Sem vítima";"309,800";"BR-163/MS";"Crescente";"Acidentes de outra natureza";1;0;0;0;0;0;0;0;0;0;1;0;0;0;0
"25/05/2025";"18:07:18";"157";"Com vítima";"392,903";"BR-163/MS";"Decrescente";"Capotamento";0;0;0;0;0;0;0;0;0;2;2;1;0;0;0
"25/05/2025";"19:09:09";"169";"Sem vítima";"113,000";"BR-163/MS";"Decrescente";"Acidentes de outra natureza";3;0;0;0;0;0;0;0;0;0;3;0;0;0;0
"26/05/2025";"02:07:27";"12";"Sem vítima";"433,500";"BR-163/MS";"Crescente";"Atropelamento de animal";0;0;0;0;0;0;0;0;0;1;1;0;0;0;0
"26/05/2025";"08:06:41";"72";"Com vítima";"78,000";"BR-163/MS";"Crescente";"Colisão transversal";0;0;0;1;0;0;0;0;0;1;1;1;0;0;0
"26/05/2025";"11:58:37";"130";"Sem vítima";"485,795";"BR-163/MS";"Decrescente";"Colisão traseira";0;0;0;0;0;0;0;0;0;2;2;0;0;0;0
"26/05/2025";"15:59:10";"178";"Com vítima";"604,266";"BR-163/MS";"Crescente";"Colisão frontal";0;0;0;1;0;0;0;0;0;1;0;0;2;0;0