data;horario;n_da_ocorrencia;tipo_de_ocorrencia;km;trecho;sentido;tipo_de_acidente;automovel;bicicleta;caminhao;moto;onibus;outros;tracao_animal;transporte_de_cargas_especiais;trator_maquinas;utilitarios;ilesos;levemente_feridos;moderadamente_feridos;gravemente_feridos;mortos
"26/05/2025";"17:59:33";"191";"Sem vítima";"255,791";"BR-163/MS";"Crescente";"Choque";1;0;0;0;0;0;0;0;0;0;1;0;0;0;0
"27/05/2025";"11:16:41";"110";"Com vítima";"492,572";"BR-163/MS";"Crescente";"Capotamento";1;0;0;0;0;0;0;0;0;0;0;1;1;0;0
"27/05/2025";"12:47:05";"123";"Sem vítima";"481,680";"BR-163/MS";"Crescente";"Colisão lateral no mesmo sentido";0;0;0;0;0;1;0;0;0;1;2;0;0;0;0
"27/05/2025";"13:14:16";"129";"Com vítima";"485,451";"BR-163/MS";"Decrescente";"Colisão traseira";0;0;0;1;0;0;0;0;0;1;1;1;0;0;0
"27/05/2025";"14:08:16";"139";"Sem vítima";"323,877";"BR-163/MS";"Crescente";"Colisão traseira";1;0;0;0;0;0;0;0;0;1;5;0;0;0;0
"27/05/2025";"14:40:47";"142";"Com vítima";"264,900";"BR-163/MS";"Decrescente";"Colisão traseira";1;0;0;1;0;0;0;0;0;0;1;1;0;0;0
"27/05/2025";"16:16:11";"164";"Sem vítima";"483,501";"BR-163/MS";"Crescente";"Choque";1;0;1;0;0;0;0;0;0;0;2;0;0;0;0
"27/05/2025";"18:42:23";"185";"Com vítima";"255,485";"BR-163/MS";"Decrescente";"Colisão traseira";0;0;0;1;0;0;0;0;0;1;1;0;0;0;1
"27/05/2025";"19:28:21";"196";"Com vítima";"109,147";"BR-163/MS";"Decrescente";"Colisão traseira";1;0;0;0;0;0;0;0;0;0;0;1;0;0;0
"29/05/2025";"03:01:48";"13";"Sem vítima";"587,277";"BR-163/MS";"Decrescente";"Atropelamento de animal";0;0;0;0;0;0;0;0;0;1;1;0;0;0;0
"29/05/2025";"06:35:49";"39";"Com vítima";"475,767";"BR-163/MS";"Decrescente";"Queda de moto";0;0;0;2;0;0;0;0;0;0;1;1;0;0;0
"29/05/2025";"11:06:39";"117";"Sem vítima";"461,551";"BR-163/MS";"Crescente";"Colisão transversal";1;0;1;0;0;0;0;0;0;0;2;0;0;0;0
"29/05/2025";"16:16:02";"177";"Sem vítima";"657,841";"BR-163/MS";"Decrescente";"Colisão traseira";0;0;2;0;0;0;0;0;0;0;3;0;0;0;0
"30/05/2025";"00:40:27";"6";"Sem vítima";"485,477";"BR-163/MS";"Crescente";"Choque";0;0;0;0;0;0;0;0;0;1;1;0;0;0;0
"30/05/2025";"04:35:04";"24";"Sem vítima";"360,177";"BR-163/MS";"Decrescente";"Acidentes de outra natureza";1;0;0;0;0;0;0;0;0;0;3;0;0;0;0
"30/05/2025";"05:18:33";"25";"Sem vítima";"527,897";"BR-163/MS";"Decrescente";"Colisão transversal";1;0;1;0;0;1;0;0;0;0;2;0;0;0;0
"30/05/2025";"12:30:08";"175";"Sem vítima";"491,383";"BR-163/MS";"Decrescente";"Colisão traseira";1;0;0;0;0;0;0;0;0;1;3;0;0;0;0
"30/05/2025";"17:03:21";"224";"Com vítima";"586,000";"BR-163/MS";"Decrescente";"Acidentes de outra natureza";0;0;0;0;0;0;0;0;0;1;0;1;0;0;0
"30/05/2025";"18:20:08";"238";"Sem vítima";"475,763";"BR-163/MS";"Crescente";"Engavetamento";0;0;0;0;0;0;0;0;0;3;5;0;0;0;0
"30/05/2025";"20:07:30";"267";"Sem vítima";"149,880";"BR-163/MS";"Crescente";"Acidentes de outra natureza";0;0;1;0;0;1;0;0;0;0;1;0;0;0;0
"31/05/2025";"01:33:26";"9";"Sem vítima";"501,990";"BR-163/MS";"Decrescente";"Tombamento";0;0;1;0;0;0;0;0;0;0;1;0;0;0;0
"31/05/2025";"04:43:04";"15";"Sem vítima";"13,888";"BR-163/MS";"Crescente";"Capotamento";1;0;0;0;0;0;0;0;0;0;0;0;0;0;0
"31/05/2025";"07:02:45";"31";"Sem vítima";"518,500";"BR-163/MS";"Crescente";"Capotamento";1;0;0;0;0;0;0;0;0;0;1;0;0;0;0
"31/05/2025";"16:45:03";"146";"Sem vítima";"13,830";"BR-163/MS";"Crescente";"Choque";1;0;0;0;0;0;0;0;0;0;2;0;0;0;0
"01/06/2025";"01:24:22";"3";"Sem vítima";"347,587";"BR-163/MS";"Decrescente";"Acidentes de outra natureza";1;0;0;0;0;0;0;0;0;0;2;0;0;0;0
"01/06/2025";"02:47:26";"10";"Com vítima";"689,591";"BR-163/MS";"Decrescente";"Tombamento";0;0;1;0;0;1;0;0;0;0;1;1;0;0;0
"01/06/2025";"09:04:19";"47";"Sem vítima";"520,136";"BR-163/MS";"Crescente";"Colisão traseira";2;0;0;0;0;0;0;0;0;0;2;0;0;0;0
"01/06/2025";"14:28:38";"92";"Com vítima";"533,791";"BR-163/MS";"Decrescente";"Colisão traseira";1;0;1;0;0;0;0;0;0;0;2;3;0;0;0
"01/06/2025";"18:46:21";"122";"Sem vítima";"364,409";"BR-163/MS";"Decrescente";"Choque";1;0;0;0;0;0;0;0;0;0;6;0;0;0;0
"01/06/2025";"19:52:24";"133";"Sem vítima";"346,923";"BR-163/MS";"Crescente";"Acidentes de outra natureza";1;0;0;0;0;0;0;0;0;0;1;0;0;0;0
"02/06/2025";"02:17:45";"4";"Sem vítima";"25,802";"BR-163/MS";"Crescente";"Acidentes de outra natureza";0;0;0;0;0;0;0;0;0;1;2;0;0;0;0
"02/06/2025";"05:21:13";"20";"Com vítima";"113,636";"BR-163/MS";"Crescente";"Queda de moto";0;0;0;1;0;0;0;0;0;0;0;0;1;0;0
"02/06/2025";"07:07:32";"50";"Com vítima";"484,404";"BR-163/MS";"Decrescente";"Colisão transversal";0;0;0;2;0;0;0;0;0;0;0;2;0;0;0
"02/06/2025";"09:47:13";"115";"Sem vítima";"427,885";"BR-163/MS";"Crescente";"Acidentes de outra natureza";0;0;1;0;0;0;0;0;0;0;1;0;0;0;0
"02/06/2025";"18:03:50";"207";"Com vítima";"465,962";"BR-163/MS";"Crescente";"Choque";0;0;0;0;0;0;0;0;0;1;0;1;0;0;0
"02/06/2025";"20:05:49";"222";"Sem vítima";"669,300";"BR-163/MS";"Crescente";"Tombamento";0;0;0;0;0;0;0;0;0;0;0;0;0;0;0
"02/06/2025";"20:08:42";"223";"Com vítima";"200,321";"BR-163/MS";"Crescente";"Colisão frontal";0;0;0;0;0;0;0;0;0;1;0;1;0;0;0
"02/06/2025";"21:03:05";"229";"Sem vítima";"392,762";"BR-163/MS";"Decrescente";"Atropelamento de animal";1;0;0;0;0;0;0;0;0;0;1;0;0;0;0
"03/06/2025";"02:17:32";"9";"Sem vítima";"264,438";"BR-163/MS";"Decrescente";"Acidentes de outra natureza";0;0;1;0;0;0;0;0;0;0;1;0;0;0;0
"03/06/2025";"10:04:39";"123";"Com vítima";"421,000";"BR-163/MS";"Crescente";"Colisão transversal";0;0;0;1;0;0;0;0;0;0;0;1;0;0;0
"04/06/2025";"02:11:47";"8";"Sem vítima";"508,000";"BR-163/MS";"Crescente";"Atropelamento de animal";0;0;0;0;0;0;0;0;0;1;4;0;0;0;0
"04/06/2025";"08:32:35";"90";"Com vítima";"486,300";"BR-163/MS";"Crescente";"Colisão transversal";0;0;0;2;0;0;0;0;0;0;1;1;0;0;0
"04/06/2025";"17:50:41";"222";"Com vítima";"324,745";"BR-163/MS";"Decrescente";"Colisão frontal";0;0;0;0;0;0;0;0;0;2;1;1;0;0;0
"04/06/2025";"18:27:50";"229";"Sem vítima";"590,886";"BR-163/MS";"Crescente";"Colisão lateral no mesmo sentido";0;0;2;0;0;0;0;0;0;0;3;0;0;0;0
"04/06/2025";"20:56:27";"255";"Sem vítima";"698,000";"BR-163/MS";"Crescente";"Atropelamento de animal";0;0;0;0;0;0;0;0;0;1;4;0;0;0;0
"04/06/2025";"22:57:49";"268";"Com vítima";"266,852";"BR-163/MS";"Crescente";"Queda de moto";0;0;0;1;0;0;0;0;0;0;0;1;0;0;0
"05/06/2025";"06:46:12";"35";"Com vítima";"490,319";"BR-163/MS";"Crescente";"Colisão transversal";1;0;0;1;0;0;0;0;0;0;0;2;0;0;0
"05/06/2025";"10:44:40";"117";"Com vítima";"478,760";"BR-163/MS";"Decrescente";"Engavetamento";1;0;0;0;0;2;0;0;0;2;2;2;1;0;0
"05/06/2025";"13:36:46";"146";"Com vítima";"18,633";"BR-163/MS";"Decrescente";"Colisão traseira";0;0;1;1;0;0;0;0;0;0;2;1;0;0;0
"05/06/2025";"16:26:47";"181";"Sem vítima";"654,392";"BR-163/MS";"Crescente";"Colisão traseira";0;0;0;0;0;0;0;0;0;2;4;0;0;0;0
"05/06/2025";"17:58:55";"197";"Com vítima";"413,695";"BR-163/MS";"Decrescente";"Atropelamento de animal";0;0;0;1;0;0;0;0;0;0;0;1;0;0;0
"06/06/2025";"00:48:16";"5";"Sem vítima";"455,732";"BR-163/MS";"Decrescente";"Atropelamento de animal";1;0;0;0;0;0;0;0;0;0;3;0;0;0;0
"06/06/2025";"09:15:35";"105";"Sem vítima";"266,691";"BR-163/MS";"Decrescente";"Colisão traseira";1;0;0;0;0;0;0;0;0;1;2;0;0;0;0
"06/06/2025";"13:45:49";"163";"Com vítima";"587,859";"BR-163/MS";"Crescente";"Colisão traseira";0;0;1;0;0;2;0;0;0;0;0;0;0;0;1
"06/06/2025";"16:42:40";"207";"Sem vítima";"662,252";"BR-163/MS";"Decrescente";"Tombamento";0;0;0;0;0;2;0;0;0;0;0;0;0;0;0
"06/06/2025";"16:45:45";"208";"Com vítima";"473,267";"BR-163/MS";"Crescente";"Choque";0;0;0;1;0;0;0;0;0;0;0;1;1;0;0
"06/06/2025";"18:03:56";"217";"Sem vítima";"149,200";"BR-163/MS";"Decrescente";"Tombamento";0;0;0;0;0;2;0;0;0;0;0;0;0;0;0
"06/06/2025";"18:25:06";"220";"Sem vítima";"481,787";"BR-163/MS";"Decrescente";"Colisão lateral no mesmo sentido";0;0;1;0;0;0;0;0;0;1;5;0;0;0;0
"07/06/2025";"00:23:06";"5";"Com vítima";"615,941";"BR-163/MS";"Crescente";"Queda de moto";0;0;0;1;0;0;0;0;0;0;0;1;0;0;0
"07/06/2025";"02:59:56";"14";"Com vítima";"700,789";"BR-163/MS";"Decrescente";"Tombamento";0;0;0;1;0;0;0;0;0;0;0;1;0;0;0
"07/06/2025";"04:12:37";"23";"Sem vítima";"670,100";"BR-163/MS";"Crescente";"Atropelamento de animal";1;0;0;0;0;0;0;0;0;0;4;0;0;0;0
"07/06/2025";"07:21:11";"58";"Sem vítima";"157,000";"BR-163/MS";"Crescente";"Acidentes de outra natureza";0;0;1;0;0;0;0;0;0;0;1;0;0;0;0
"07/06/2025";"08:30:12";"68";"Com vítima";"124,000";"BR-163/MS";"Crescente";"Acidentes de outra natureza";1;0;0;0;0;0;0;0;0;0;0;1;0;0;0
"07/06/2025";"16:19:42";"186";"Com vítima";"23,000";"BR-163/MS";"Crescente";"Queda de moto";0;0;0;1;0;0;0;0;0;0;0;1;0;0;0
"07/06/2025";"17:11:21";"193";"Com vítima";"614,774";"BR-163/MS";"Crescente";"Colisão lateral no mesmo sentido";1;0;0;0;0;1;0;0;0;0;0;1;1;0;0
"08/06/2025";"00:46:18";"5";"Com vítima";"660,299";"BR-163/MS";"Decrescente";"Capotamento";0;0;0;0;0;0;0;0;0;1;0;1;0;0;0
"08/06/2025";"08:38:30";"63";"Sem vítima";"117,336";"BR-163/MS";"Decrescente";"Capotamento";0;0;0;0;0;0;0;0;0;1;3;0;0;0;0
"08/06/2025";"17:58:11";"150";"Sem vítima";"320,000";"BR-163/MS";"Crescente";"Atropelamento de animal";0;0;0;0;0;0;0;0;0;1;1;0;0;0;0
"08/06/2025";"21:23:53";"165";"Com vítima";"282,192";"BR-163/MS";"Crescente";"Queda de moto";0;0;0;1;0;0;0;0;0;0;0;0;1;0;0
"09/06/2025";"02:27:33";"15";"Sem vítima";"579,171";"BR-163/MS";"Crescente";"Acidentes de outra natureza";0;0;1;0;0;0;0;0;0;0;1;0;0;0;0
"09/06/2025";"14:22:39";"185";"Com vítima";"475,000";"BR-163/MS";"Crescente";"Queda de moto";0;0;0;1;0;0;0;0;0;0;0;0;1;0;0
"09/06/2025";"20:29:25";"242";"Sem vítima";"303,918";"BR-163/MS";"Decrescente";"Capotamento";0;0;0;1;0;1;0;0;0;1;2;0;0;0;0
"09/06/2025";"21:18:17";"246";"Sem vítima";"227,993";"BR-163/MS";"Crescente";"Choque";0;0;1;0;0;1;0;0;0;0;1;0;0;0;0
"09/06/2025";"22:52:07";"254";"Com vítima";"479,105";"BR-163/MS";"Decrescente";"Colisão traseira";1;0;1;0;0;0;0;0;0;0;2;1;0;0;0
"10/06/2025";"11:09:22";"113";"Sem vítima";"610,900";"BR-163/MS";"Crescente";"Colisão transversal";1;0;0;0;0;0;0;0;0;1;3;0;0;0;0
"10/06/2025";"16:46:56";"171";"Sem vítima";"5,500";"BR-163/MS";"Decrescente";"Colisão traseira";0;0;1;0;0;0;0;0;0;1;1;0;0;0;0
"10/06/2025";"17:25:41";"178";"Com vítima";"483,113";"BR-163/MS";"Decrescente";"Colisão transversal";0;1;0;1;0;0;0;0;0;0;0;1;0;0;0
"10/06/2025";"18:19:56";"191";"Sem vítima";"378,429";"BR-163/MS";"Crescente";"Atropelamento de animal";1;0;0;0;0;0;0;0;0;0;1;0;0;0;0
"10/06/2025";"19:23:22";"199";"Sem vítima";"448,860";"BR-163/MS";"Decrescente";"Atropelamento de animal";1;0;0;0;0;0;0;0;0;0;2;0;0;0;0
"11/06/2025";"06:41:26";"35";"Sem vítima";"40,468";"BR-163/MS";"Decrescente";"Choque";1;0;0;0;0;0;0;0;0;0;1;0;0;0;0
"11/06/2025";"08:53:19";"92";"Sem vítima";"7,610";"BR-163/MS";"Crescente";"Choque";0;0;0;0;0;0;0;0;0;1;6;0;0;0;0
"11/06/2025";"11:20:18";"131";"Com vítima";"76,331";"BR-163/MS";"Decrescente";"Atropelamento de pedestre";0;0;0;1;0;0;0;0;0;0;0;2;0;0;0
"12/06/2025";"07:27:26";"61";"Sem vítima";"647,000";"BR-163/MS";"Decrescente";"Colisão traseira";0;0;0;0;0;1;0;0;0;1;2;0;0;0;0
"12/06/2025";"09:49:41";"111";"Sem vítima";"466,000";"BR-163/MS";"Decrescente";"Colisão lateral no mesmo sentido";0;0;2;0;0;0;0;0;0;0;2;0;0;0;0
"12/06/2025";"10:01:48";"115";"Sem vítima";"78,000";"BR-163/MS";"Crescente";"Colisão transversal";0;0;0;2;0;0;0;0;0;0;2;0;0;0;0
"12/06/2025";"18:31:49";"216";"Sem vítima";"740,868";"BR-163/MS";"Crescente";"Atropelamento de animal";1;0;0;0;0;0;0;0;0;0;1;0;0;0;0
"12/06/2025";"22:07:13";"253";"Com vítima";"256,500";"BR-163/MS";"Decrescente";"Queda de moto";0;0;0;1;0;0;0;0;0;0;0;1;0;0;0
"13/06/2025";"18:52:04";"196";"Sem vítima";"541,000";"BR-163/MS";"Crescente";"Atropelamento de animal";0;0;1;0;0;0;0;0;0;0;1;0;0;0;0
"13/06/2025";"18:57:07";"198";"Sem vítima";"378,435";"BR-163/MS";"Decrescente";"Atropelamento de animal";0;0;1;0;0;0;0;0;0;0;2;0;0;0;0
"14/06/2025";"01:43:27";"14";"Sem vítima";"499,902";"BR-163/MS";"Decrescente";"Acidentes de outra natureza";1;0;0;0;0;0;0;0;0;0;2;0;0;0;0
"14/06/2025";"06:30:19";"46";"Com vítima";"483,163";"BR-163/MS";"Decrescente";"Queda de moto";0;0;0;1;0;0;0;0;0;0;0;2;0;0;0
"14/06/2025";"10:57:04";"114";"Sem vítima";"732,347";"BR-163/MS";"Crescente";"Colisão traseira";0;0;1;0;0;3;0;0;0;0;1;0;0;0;0
"14/06/2025";"20:09:51";"201";"Com vítima";"644,355";"BR-163/MS";"Crescente";"Choque";1;0;0;0;0;0;0;0;0;0;0;0;0;1;0
"14/06/2025";"20:55:35";"205";"Com vítima";"469,771";"BR-163/MS";"Decrescente";"Tombamento";0;0;0;0;0;0;0;0;0;0;0;0;0;0;0
"15/06/2025";"09:51:08";"84";"Sem vítima";"456,501";"BR-163/MS";"Decrescente";"Colisão traseira";1;0;0;0;0;0;0;0;0;0;1;0;0;0;0
"15/06/2025";"15:57:25";"135";"Com vítima";"522,744";"BR-163/MS";"Crescente";"Colisão transversal";0;0;1;0;0;0;0;0;0;1;1;0;0;1;0
"15/06/2025";"19:08:15";"166";"Sem vítima";"478,663";"BR-163/MS";"Crescente";"Atropelamento de animal";1;0;0;0;0;0;0;0;0;0;1;0;0;0;0
"16/06/2025";"06:34:59";"32";"Sem vítima";"244,277";"BR-163/MS";"Decrescente";"Acidentes de outra natureza";1;0;0;0;0;0;0;0;0;0;2;0;0;0;0
"16/06/2025";"06:52:06";"39";"Sem vítima";"741,828";"BR-163/MS";"Crescente";"Choque";0;0;1;0;0;0;0;0;0;0;1;0;0;0;0
"16/06/2025";"07:07:22";"46";"Sem vítima";"174,738";"BR-163/MS";"Crescente";"Acidentes de outra natureza";0;0;0;0;0;0;0;0;0;1;1;0;0;0;0
"16/06/2025";"08:06:54";"77";"Sem vítima";"470,790";"BR-163/MS";"Decrescente";"Choque";1;0;0;0;0;1;0;0;0;0;1;0;0;0;0
"16/06/2025";"08:13:16";"82";"Com vítima";"486,706";"BR-163/MS";"Crescente";"Choque";0;0;1;0;0;1;0;0;0;1;1;1;0;0;0
"16/06/2025";"08:42:45";"88";"Sem vítima";"355,286";"BR-163/MS";"Crescente";"Capotamento";0;0;0;0;0;3;0;0;0;0;0;0;0;0;0
"17/06/2025";"07:20:27";"62";"Sem vítima";"484,407";"BR-163/MS";"Crescente";"Colisão transversal";2;0;0;0;0;0;0;0;0;0;2;0;0;0;0
"17/06/2025";"07:41:22";"67";"Sem vítima";"269,500";"BR-163/MS";"Decrescente";"Colisão lateral no mesmo sentido";0;0;0;0;0;0;0;0;0;2;2;0;0;0;0
"18/06/2025";"08:01:51";"69";"Com vítima";"821,900";"BR-163/MS";"Crescente";"Colisão transversal";1;0;1;0;0;0;0;0;0;0;1;1;0;0;0
"18/06/2025";"11:12:23";"112";"Com vítima";"582,720";"BR-163/MS";"Crescente";"Capotamento";0;0;1;0;0;0;0;0;0;0;0;1;0;0;0
"18/06/2025";"18:07:48";"191";"Com vítima";"225,330";"BR-163/MS";"Crescente";"Colisão transversal";0;0;0;0;0;2;0;0;0;1;0;1;0;0;0
"19/06/2025";"18:42:14";"197";"Sem vítima";"3,380";"BR-163/MS";"Decrescente";"Engavetamento";2;0;0;0;0;0;0;0;0;1;3;0;0;0;0
"19/06/2025";"19:34:35";"207";"Sem vítima";"199,927";"BR-163/MS";"Crescente";"Atropelamento de animal";1;0;0;0;0;0;0;0;0;0;1;0;0;0;0
"19/06/2025";"20:07:29";"209";"Com vítima";"681,480";"BR-163/MS";"Crescente";"Queda de moto";0;0;0;1;0;0;0;0;0;0;1;1;0;0;0
"19/06/2025";"21:18:30";"219";"Com vítima";"253,672";"BR-163/MS";"Decrescente";"Tombamento";0;0;1;0;0;0;0;0;0;0;0;0;1;0;0
"20/06/2025";"09:16:02";"105";"Sem vítima";"621,456";"BR-163/MS";"Decrescente";"Colisão traseira";1;0;1;0;0;0;0;0;0;0;1;0;0;0;0
"20/06/2025";"17:09:55";"210";"Sem vítima";"36,340";"BR-163/MS";"Crescente";"Atropelamento de animal";1;0;0;0;0;0;0;0;0;0;1;0;0;0;0
"20/06/2025";"17:49:49";"217";"Com vítima";"238,644";"BR-163/MS";"Decrescente";"Acidentes de outra natureza";0;0;1;0;0;1;0;0;0;0;0;1;0;0;0
"20/06/2025";"20:49:50";"242";"Sem vítima";"328,187";"BR-163/MS";"Crescente";"Atropelamento de animal";0;0;0;0;0;0;0;0;0;1;2;0;0;0;0
"20/06/2025";"20:51:25";"243";"Com vítima";"567,543";"BR-163/MS";"Crescente";"Colisão lateral no mesmo sentido";1;0;1;0;0;0;0;0;0;0;3;2;1;0;0
"21/06/2025";"09:13:11";"76";"Com vítima";"837,229";"BR-163/MS";"Crescente";"Colisão traseira";0;0;0;0;0;0;0;0;0;2;1;1;0;0;0
"21/06/2025";"17:38:49";"178";"Sem vítima";"25,800";"BR-163/MS";"Crescente";"Acidentes de outra natureza";0;0;0;0;0;0;0;0;0;1;2;0;0;0;0
"21/06/2025";"18:19:55";"181";"Com vítima";"485,700";"BR-163/MS";"Decrescente";"Colisão transversal";1;0;0;0;0;0;0;0;0;1;1;1;0;0;0
"21/06/2025";"19:30:40";"192";"Sem vítima";"364,000";"BR-163/MS";"Crescente";"Acidentes de outra natureza";1;0;0;0;0;0;0;0;0;0;5;0;0;0;0
"22/06/2025";"00:21:49";"3";"Sem vítima";"277,936";"BR-163/MS";"Decrescente";"Acidentes de outra natureza";1;0;0;0;0;0;0;0;0;0;1;0;0;0;0
"22/06/2025";"01:00:09";"7";"Sem vítima";"297,566";"BR-163/MS";"Decrescente";"Atropelamento de animal";1;0;0;0;0;0;0;0;0;0;1;0;0;0;0
"22/06/2025";"21:02:28";"249";"Sem vítima";"154,500";"BR-163/MS";"Decrescente";"Atropelamento de animal";0;0;0;0;0;1;0;0;0;0;1;0;0;0;0
"23/06/2025";"05:53:10";"41";"Sem vítima";"327,359";"BR-163/MS";"Decrescente";"Engavetamento";1;0;0;0;0;1;0;0;0;2;4;0;0;0;0
"23/06/2025";"07:03:33";"57";"Sem vítima";"264,000";"BR-163/MS";"Crescente";"Colisão traseira";0;0;0;0;1;0;0;0;0;1;3;0;0;0;0
"23/06/2025";"08:19:47";"92";"Sem vítima";"682,362";"BR-163/MS";"Crescente";"Atropelamento de animal";1;0;0;0;0;0;0;0;0;0;1;0;0;0;0
"24/06/2025";"04:53:36";"27";"Com vítima";"492,567";"BR-163/MS";"Crescente";"Colisão transversal";0;0;0;0;0;2;0;0;0;1;0;0;2;3;0
"24/06/2025";"05:45:47";"34";"Com vítima";"768,976";"BR-163/MS";"Crescente";"Colisão traseira";0;0;0;0;0;2;0;0;0;1;0;1;0;0;0
"24/06/2025";"07:27:50";"68";"Sem vítima";"214,482";"BR-163/MS";"Crescente";"Atropelamento de animal";1;0;0;0;0;0;0;0;0;0;1;0;0;0;0
"24/06/2025";"07:58:25";"86";"Sem vítima";"50,213";"BR-163/MS";"Decrescente";"Colisão traseira";0;0;0;0;0;2;0;0;0;1;1;0;0;0;0
"24/06/2025";"12:54:54";"161";"Com vítima";"185,211";"BR-163/MS";"Decrescente";"Colisão traseira";1;0;0;0;0;0;0;0;0;1;2;2;0;0;0
"25/06/2025";"01:28:11";"1";"Sem vítima";"391,302";"BR-163/MS";"Crescente";"Acidentes de outra natureza";0;0;1;0;0;0;0;0;0;0;1;0;0;0;0
"25/06/2025";"05:53:34";"23";"Com vítima";"464,488";"BR-163/MS";"Crescente";"Engavetamento";1;1;0;1;0;0;0;0;0;0;1;0;1;0;0
"25/06/2025";"18:56:57";"223";"Sem vítima";"332,335";"BR-163/MS";"Crescente";"Acidentes de outra natureza";0;0;0;1;0;0;0;0;0;0;1;0;0;0;0
"25/06/2025";"19:40:32";"228";"Com vítima";"482,218";"BR-163/MS";"Crescente";"Queda de moto";0;0;0;1;0;0;0;0;0;0;0;1;0;0;0
"25/06/2025";"21:51:07";"242";"Sem vítima";"419,901";"BR-163/MS";"Crescente";"Atropelamento de animal";1;0;0;0;0;0;0;0;0;0;4;0;0;0;0
"25/06/2025";"23:33:03";"245";"Sem vítima";"365,400";"BR-163/MS";"Crescente";"Acidentes de outra natureza";0;0;0;0;0;0;0;0;0;1;1;0;0;0;0
"26/06/2025";"11:45:12";"156";"Sem vítima";"484,500";"BR-163/MS";"Crescente";"Colisão transversal";1;0;1;0;0;1;0;0;0;0;2;0;0;0;0
"26/06/2025";"18:27:44";"243";"Com vítima";"486,000";"BR-163/MS";"Crescente";"Colisão transversal";1;0;0;1;0;0;0;0;0;0;1;0;1;0;0
"27/06/2025";"00:02:18";"2";"Sem vítima";"263,264";"BR-163/MS";"Crescente";"Choque";1;0;0;0;0;0;0;0;0;0;1;0;0;0;0
"27/06/2025";"04:49:29";"16";"Com vítima";"17,742";"BR-163/MS";"Crescente";"Acidentes de outra natureza";0;0;0;1;0;0;0;0;0;0;0;1;0;0;0
"27/06/2025";"06:07:08";"29";"Com vítima";"474,730";"BR-163/MS";"Crescente";"Colisão transversal";0;0;1;0;0;0;0;0;0;1;3;1;0;0;0
"27/06/2025";"20:07:31";"245";"Sem vítima";"693,800";"BR-163/MS";"Crescente";"Atropelamento de animal";0;0;1;0;0;0;0;0;0;0;1;0;0;0;0
"27/06/2025";"21:31:09";"255";"Sem vítima";"675,421";"BR-163/MS";"Crescente";"Engavetamento";1;0;5;0;0;0;0;0;0;0;6;0;0;0;0
"28/06/2025";"16:15:30";"162";"Com vítima";"493,391";"BR-163/MS";"Decrescente";"Colisão transversal";0;0;1;1;0;1;0;0;0;0;1;0;0;0;1
"28/06/2025";"19:09:57";"186";"Sem vítima";"86,500";"BR-163/MS";"Crescente";"Capotamento";1;0;0;0;0;0;0;0;0;0;1;0;0;0;0
"29/06/2025";"08:57:52";"64";"Com vítima";"0,250";"BR-163/MS";"Decrescente";"Tombamento";0;0;1;0;0;1;0;0;0;0;0;1;0;0;0
"29/06/2025";"13:51:59";"122";"Sem vítima";"681,500";"BR-163/MS";"Crescente";"Colisão lateral no mesmo sentido";2;0;0;0;0;2;0;0;0;0;4;0;0;0;0
"29/06/2025";"14:33:00";"130";"Com vítima";"477,934";"BR-163/MS";"Crescente";"Colisão lateral no mesmo sentido";2;0;0;0;0;0;0;0;0;0;1;1;0;0;0
"29/06/2025";"17:34:12";"155";"Com vítima";"265,125";"BR-163/MS";"Decrescente";"Queda de moto";0;0;0;1;0;0;0;0;0;0;0;1;0;0;0
"29/06/2025";"18:59:31";"164";"Sem vítima";"158,220";"BR-163/MS";"Crescente";"Colisão traseira";1;0;0;0;0;1;0;0;0;1;5;0;0;0;0
"30/06/2025";"04:20:08";"15";"Sem vítima";"381,538";"BR-163/MS";"Crescente";"Atropelamento de animal";1;0;0;0;0;0;0;0;0;0;5;0;0;0;0
"30/06/2025";"07:31:35";"58";"Com vítima";"662,357";"BR-163/MS";"Crescente";"Tombamento";0;0;1;0;0;1;0;0;0;0;0;1;0;0;0
"01/07/2025";"02:03:35";"8";"Com vítima";"78,971";"BR-163/MS";"Crescente";"Atropelamento de pedestre";0;0;0;0;0;0;0;0;0;0;0;0;0;0;1
"01/07/2025";"05:46:23";"29";"Com vítima";"335,705";"BR-163/MS";"Crescente";"Tombamento";0;0;1;0;0;0;0;0;0;0;0;1;0;0;0
"01/07/2025";"06:50:30";"41";"Sem vítima";"105,994";"BR-163/MS";"Decrescente";"Acidentes de outra natureza";0;0;0;0;0;0;0;0;0;1;4;0;0;0;0