data;horario;n_da_ocorrencia;tipo_de_ocorrencia;km;trecho;sentido;tipo_de_acidente;automovel;bicicleta;caminhao;moto;onibus;outros;tracao_animal;transporte_de_cargas_especiais;trator_maquinas;utilitarios;ilesos;levemente_feridos;moderadamente_feridos;gravemente_feridos;mortos
"01/07/2025";"13:21:35";"150";"Com vítima";"323,940";"BR-163/MS";"Decrescente";"Tombamento";0;0;1;0;0;0;0;0;0;0;0;1;0;0;0
"01/07/2025";"18:59:25";"206";"Com vítima";"549,000";"BR-163/MS";"Crescente";"Colisão frontal";2;0;0;0;0;0;0;0;0;0;0;1;1;0;0
"01/07/2025";"20:22:12";"221";"Sem vítima";"331,431";"BR-163/MS";"Crescente";"Atropelamento de animal";0;0;1;0;0;1;0;0;0;0;2;0;0;0;0
"02/07/2025";"07:31:38";"64";"Com vítima";"595,987";"BR-163/MS";"Crescente";"Capotamento";1;0;0;0;0;0;0;0;0;0;2;1;0;0;0
"02/07/2025";"14:16:08";"183";"Sem vítima";"146,906";"BR-163/MS";"Crescente";"Colisão traseira";0;0;1;0;0;3;0;0;0;0;1;0;0;0;0
"02/07/2025";"17:03:59";"216";"Sem vítima";"406,729";"BR-163/MS";"Crescente";"Acidentes de outra natureza";1;0;0;0;0;0;0;0;0;0;1;0;0;0;0
"02/07/2025";"17:45:19";"222";"Sem vítima";"416,500";"BR-163/MS";"Crescente";"Colisão transversal";1;0;0;0;0;0;0;0;0;1;3;0;0;0;0
"02/07/2025";"17:48:02";"223";"Com vítima";"462,579";"BR-163/MS";"Crescente";"Colisão transversal";0;0;1;1;0;0;0;0;0;0;1;0;0;1;0
"03/07/2025";"07:48:49";"65";"Sem vítima";"485,243";"BR-163/MS";"Decrescente";"Colisão transversal";1;0;1;0;0;0;0;0;0;0;2;0;0;0;0
"03/07/2025";"12:51:28";"184";"Com vítima";"468,500";"BR-163/MS";"Crescente";"Capotamento";2;0;0;0;0;0;0;0;0;0;1;0;1;0;0
"03/07/2025";"14:02:57";"205";"Sem vítima";"256,000";"BR-163/MS";"Crescente";"Colisão traseira";2;0;0;0;0;0;0;0;0;0;3;0;0;0;0
"03/07/2025";"17:46:11";"238";"Com vítima";"205,140";"BR-163/MS";"Crescente";"Colisão frontal";0;0;2;0;0;2;0;0;0;0;1;0;1;0;0
"03/07/2025";"21:35:53";"271";"Com vítima";"258,421";"BR-163/MS";"Crescente";"Queda de moto";0;0;0;1;0;0;0;0;0;0;0;1;0;0;0
"04/07/2025";"02:31:12";"10";"Sem vítima";"741,346";"BR-163/MS";"Crescente";"Atropelamento de animal";0;0;0;0;0;0;0;0;0;1;3;0;0;0;0
"04/07/2025";"06:08:38";"36";"Com vítima";"473,450";"BR-163/MS";"Decrescente";"Colisão lateral no mesmo sentido";1;0;0;1;0;0;0;0;0;0;2;0;1;0;0
"04/07/2025";"09:23:42";"102";"Sem vítima";"412,860";"BR-163/MS";"Crescente";"Colisão lateral no mesmo sentido";1;0;0;0;0;0;0;0;0;1;2;0;0;0;0
"04/07/2025";"11:30:38";"132";"Sem vítima";"313,323";"BR-163/MS";"Decrescente";"Colisão traseira";1;0;0;0;0;0;0;0;0;1;3;0;0;0;0
"04/07/2025";"12:21:03";"140";"Com vítima";"316,754";"BR-163/MS";"Decrescente";"Queda de moto";0;0;0;1;0;0;0;0;0;0;0;1;0;0;0
"04/07/2025";"17:07:05";"198";"Com vítima";"260,500";"BR-163/MS";"Crescente";"Colisão traseira";1;0;0;1;0;0;0;0;0;0;1;2;0;0;0
"04/07/2025";"17:47:06";"206";"Sem vítima";"260,000";"BR-163/MS";"Crescente";"Engavetamento";2;0;0;0;0;0;0;0;0;1;4;0;0;0;0
"04/07/2025";"22:14:50";"240";"Sem vítima";"488,809";"BR-163/MS";"Crescente";"Choque";0;0;0;0;0;0;0;0;0;1;1;0;0;0;0
"05/07/2025";"01:53:46";"10";"Com vítima";"290,000";"BR-163/MS";"Crescente";"Queda de moto";0;0;0;1;0;0;0;0;0;0;0;0;1;0;0
"05/07/2025";"02:56:18";"14";"Sem vítima";"276,413";"BR-163/MS";"Decrescente";"Acidentes de outra natureza";0;0;0;0;0;0;0;0;0;1;1;0;0;0;0
"05/07/2025";"08:34:14";"65";"Sem vítima";"630,586";"BR-163/MS";"Decrescente";"Choque";0;0;0;0;0;0;0;0;0;1;2;0;0;0;0
"05/07/2025";"09:33:03";"81";"Com vítima";"681,430";"BR-163/MS";"Crescente";"Colisão lateral no mesmo sentido";0;0;0;1;0;1;0;0;0;0;0;1;0;0;0
"05/07/2025";"14:03:34";"136";"Sem vítima";"553,327";"BR-163/MS";"Crescente";"Colisão traseira";1;0;0;0;0;1;0;0;0;0;1;0;0;0;0
"05/07/2025";"18:00:41";"175";"Sem vítima";"308,431";"BR-163/MS";"Decrescente";"Acidentes de outra natureza";0;0;0;0;0;0;0;0;0;1;2;0;0;0;0
"05/07/2025";"18:51:25";"186";"Sem vítima";"248,357";"BR-163/MS";"Decrescente";"Queda de moto";0;0;0;1;0;0;0;0;0;0;1;0;0;0;0
"06/07/2025";"05:55:26";"44";"Sem vítima";"214,930";"BR-163/MS";"Decrescente";"Atropelamento de animal";1;0;0;0;0;0;0;0;0;0;4;0;0;0;0
"06/07/2025";"06:34:17";"47";"Sem vítima";"137,780";"BR-163/MS";"Crescente";"Capotamento";1;0;0;0;0;0;0;0;0;0;4;0;0;0;0
"06/07/2025";"10:43:07";"93";"Sem vítima";"748,446";"BR-163/MS";"Crescente";"Acidentes de outra natureza";1;0;0;0;0;0;0;0;0;0;2;0;0;0;0
"06/07/2025";"11:13:29";"99";"Sem vítima";"563,635";"BR-163/MS";"Decrescente";"Colisão lateral no mesmo sentido";0;0;1;0;0;3;0;0;0;0;1;0;0;0;0
"06/07/2025";"14:59:20";"148";"Com vítima";"743,875";"BR-163/MS";"Crescente";"Capotamento";1;0;0;0;0;0;0;0;0;0;2;1;0;0;0
"06/07/2025";"18:21:55";"195";"Com vítima";"210,675";"BR-163/MS";"Decrescente";"Capotamento";1;0;0;0;0;0;0;0;0;0;1;4;0;0;0
"06/07/2025";"22:27:23";"245";"Com vítima";"488,809";"BR-163/MS";"Decrescente";"Acidentes de outra natureza";0;0;0;1;0;0;0;0;0;0;0;1;0;0;0
"07/07/2025";"10:42:04";"153";"Sem vítima";"460,129";"BR-163/MS";"Crescente";"Acidentes de outra natureza";1;0;0;0;0;0;0;0;0;0;1;0;0;0;0
"07/07/2025";"16:09:39";"216";"Sem vítima";"629,152";"BR-163/MS";"Decrescente";"Colisão traseira";1;0;1;0;0;0;0;0;0;0;4;0;0;0;0
"08/07/2025";"06:17:37";"52";"Sem vítima";"93,354";"BR-163/MS";"Crescente";"Colisão traseira";0;0;0;0;0;0;0;0;0;1;2;0;0;0;0
"08/07/2025";"07:55:43";"89";"Sem vítima";"485,630";"BR-163/MS";"Crescente";"Colisão traseira";2;0;0;0;0;0;0;0;0;0;4;0;0;0;0
"08/07/2025";"09:38:32";"128";"Sem vítima";"564,749";"BR-163/MS";"Crescente";"Acidentes de outra natureza";0;0;1;0;0;0;0;0;0;0;1;0;0;0;0
"08/07/2025";"14:02:39";"193";"Sem vítima";"8,898";"BR-163/MS";"Crescente";"Choque";1;0;0;0;0;0;0;0;0;0;2;0;0;0;0
"08/07/2025";"18:08:17";"233";"Sem vítima";"258,326";"BR-163/MS";"Decrescente";"Acidentes de outra natureza";0;0;0;0;0;0;0;0;0;1;1;0;0;0;0
"09/07/2025";"03:52:37";"13";"Sem vítima";"608,227";"BR-163/MS";"Decrescente";"Atropelamento de animal";0;0;1;0;0;0;0;0;0;0;1;0;0;0;0
"09/07/2025";"13:43:50";"165";"Sem vítima";"552,500";"BR-163/MS";"Crescente";"Colisão traseira";0;0;1;0;0;1;0;0;0;1;2;0;0;0;0
"09/07/2025";"13:51:24";"168";"Sem vítima";"483,904";"BR-163/MS";"Decrescente";"Colisão traseira";1;0;0;0;0;0;0;0;0;1;1;0;0;0;0
"09/07/2025";"18:25:52";"229";"Com vítima";"839,210";"BR-163/MS";"Decrescente";"Colisão lateral no mesmo sentido";0;0;0;0;0;3;0;0;0;0;0;0;0;0;0
"09/07/2025";"19:48:18";"241";"Sem vítima";"384,337";"BR-163/MS";"Crescente";"Atropelamento de animal";1;0;0;0;0;0;0;0;0;0;3;0;0;0;0
"09/07/2025";"22:01:57";"259";"Com vítima";"258,916";"BR-163/MS";"Crescente";"Colisão traseira";1;0;1;0;0;2;0;0;0;0;1;1;0;0;0
"10/07/2025";"06:11:57";"35";"Com vítima";"730,358";"BR-163/MS";"Crescente";"Colisão transversal";1;0;0;1;0;0;0;0;0;0;1;1;0;0;0
"10/07/2025";"09:49:20";"120";"Sem vítima";"536,284";"BR-163/MS";"Decrescente";"Choque";1;0;0;0;0;0;0;0;0;0;2;0;0;0;0
"10/07/2025";"17:53:49";"228";"Com vítima";"486,000";"BR-163/MS";"Crescente";"Colisão traseira";0;0;1;1;0;0;0;0;0;0;1;0;1;0;0
"10/07/2025";"18:28:28";"234";"Sem vítima";"293,350";"BR-163/MS";"Crescente";"Colisão transversal";0;0;1;0;0;1;0;0;0;1;3;0;0;0;0
"10/07/2025";"21:25:32";"265";"Sem vítima";"758,000";"BR-163/MS";"Crescente";"Atropelamento de animal";0;0;0;0;0;0;0;0;0;1;3;0;0;0;0
"11/07/2025";"10:08:05";"141";"Sem vítima";"150,761";"BR-163/MS";"Decrescente";"Acidentes de outra natureza";0;0;1;0;0;0;0;0;0;0;2;0;0;0;0
"11/07/2025";"23:40:53";"299";"Sem vítima";"503,500";"BR-163/MS";"Crescente";"Atropelamento de animal";1;0;0;0;0;0;0;0;0;0;2;0;0;0;0
"12/07/2025";"03:56:11";"40";"Sem vítima";"490,635";"BR-163/MS";"Crescente";"Choque";1;0;0;0;0;0;0;0;0;0;1;0;0;0;0
"12/07/2025";"05:49:30";"62";"Sem vítima";"183,188";"BR-163/MS";"Crescente";"Acidentes de outra natureza";1;0;0;0;0;0;0;0;0;0;1;0;0;0;0
"12/07/2025";"09:04:55";"121";"Sem vítima";"499,889";"BR-163/MS";"Decrescente";"Colisão transversal";0;0;0;0;0;0;0;0;0;1;2;0;0;0;0
"12/07/2025";"21:26:55";"266";"Com vítima";"184,642";"BR-163/MS";"Crescente";"Queda de moto";0;0;0;1;0;0;0;0;0;0;0;1;0;0;0
"13/07/2025";"00:46:00";"6";"Sem vítima";"408,478";"BR-163/MS";"Decrescente";"Atropelamento de animal";1;0;0;0;0;0;0;0;0;0;4;0;0;0;0
"13/07/2025";"05:29:05";"32";"Sem vítima";"536,779";"BR-163/MS";"Crescente";"Atropelamento de animal";0;0;1;0;0;0;0;0;0;0;1;0;0;0;0
"13/07/2025";"11:07:08";"109";"Sem vítima";"535,780";"BR-163/MS";"Decrescente";"Choque";0;0;0;0;0;0;0;0;0;1;1;0;0;0;0
"13/07/2025";"16:28:22";"153";"Sem vítima";"500,200";"BR-163/MS";"Decrescente";"Colisão lateral no mesmo sentido";0;0;2;0;0;2;0;0;0;0;2;0;0;0;0
"13/07/2025";"17:03:18";"161";"Sem vítima";"575,335";"BR-163/MS";"Decrescente";"Colisão lateral no mesmo sentido";1;0;0;0;0;0;0;0;0;1;7;0;0;0;0
"13/07/2025";"17:53:28";"168";"Com vítima";"191,198";"BR-163/MS";"Decrescente";"Tombamento";0;0;0;1;0;0;0;0;0;0;0;1;0;0;0
"13/07/2025";"18:37:41";"179";"Sem vítima";"190,935";"BR-163/MS";"Crescente";"Choque";0;0;0;0;0;0;0;0;0;1;1;0;0;0;0
"14/07/2025";"00:04:25";"2";"Com vítima";"264,928";"BR-163/MS";"Crescente";"Choque";1;0;0;0;0;0;0;0;0;0;0;0;1;0;1
"14/07/2025";"05:48:54";"30";"Com vítima";"400,238";"BR-163/MS";"Crescente";"Colisão frontal";0;0;1;0;0;1;0;0;0;1;0;0;1;1;1
"14/07/2025";"16:59:27";"186";"Sem vítima";"636,690";"BR-163/MS";"Crescente";"Tombamento";0;0;1;0;0;0;0;0;0;0;2;0;0;0;0
"14/07/2025";"17:22:03";"188";"Sem vítima";"481,680";"BR-163/MS";"Crescente";"Colisão traseira";2;0;0;0;0;0;0;0;0;0;2;0;0;0;0
"15/07/2025";"07:57:13";"88";"Com vítima";"6,500";"BR-163/MS";"Crescente";"Colisão traseira";0;0;0;0;0;0;0;0;0;2;3;1;0;0;0
"15/07/2025";"12:10:18";"144";"Sem vítima";"793,621";"BR-163/MS";"Decrescente";"Tombamento";0;0;0;0;0;0;0;0;0;1;1;0;0;0;0
"15/07/2025";"18:41:22";"233";"Sem vítima";"477,000";"BR-163/MS";"Crescente";"Tombamento";0;0;0;1;0;0;0;0;0;0;1;0;0;0;0
"15/07/2025";"18:54:55";"238";"Sem vítima";"817,675";"BR-163/MS";"Crescente";"Atropelamento de animal";1;0;0;0;0;0;0;0;0;0;1;0;0;0;0
"16/07/2025";"02:26:55";"18";"Sem vítima";"103,690";"BR-163/MS";"Crescente";"Choque";0;0;0;0;0;0;0;0;0;1;1;0;0;0;0
"16/07/2025";"05:17:21";"35";"Com vítima";"569,272";"BR-163/MS";"Crescente";"Atropelamento de animal";0;0;0;0;0;0;0;0;0;1;0;1;0;0;0
"16/07/2025";"06:12:32";"52";"Com vítima";"513,243";"BR-163/MS";"Decrescente";"Capotamento";0;0;0;0;0;0;0;0;0;1;2;2;0;0;0
"16/07/2025";"06:57:33";"73";"Sem vítima";"479,000";"BR-163/MS";"Crescente";"Colisão transversal";1;0;0;0;0;0;0;0;0;1;2;0;0;0;0
"16/07/2025";"14:14:58";"175";"Com vítima";"676,783";"BR-163/MS";"Decrescente";"Tombamento";0;0;1;0;0;1;0;0;0;0;0;1;0;0;0
"16/07/2025";"20:11:17";"243";"Sem vítima";"437,747";"BR-163/MS";"Crescente";"Choque";1;0;0;0;0;0;0;0;0;0;0;0;0;0;0
"17/07/2025";"15:11:06";"237";"Sem vítima";"179,851";"BR-163/MS";"Crescente";"Colisão traseira";0;0;0;0;0;2;0;0;0;1;5;0;0;0;0
"17/07/2025";"17:59:32";"264";"Sem vítima";"479,000";"BR-163/MS";"Crescente";"Colisão frontal";0;0;0;1;0;0;0;0;0;0;2;0;0;0;0
"17/07/2025";"21:27:35";"305";"Sem vítima";"487,500";"BR-163/MS";"Decrescente";"Colisão lateral no mesmo sentido";1;0;1;0;0;0;0;0;0;0;3;0;0;0;0
"18/07/2025";"07:17:50";"65";"Sem vítima";"481,680";"BR-163/MS";"Decrescente";"Colisão traseira";0;0;2;0;0;0;0;0;0;0;3;0;0;0;0
"18/07/2025";"10:02:17";"128";"Sem vítima";"730,504";"BR-163/MS";"Decrescente";"Colisão lateral no mesmo sentido";0;0;1;0;0;1;0;0;0;1;5;0;0;0;0
"18/07/2025";"15:18:08";"184";"Sem vítima";"328,456";"BR-163/MS";"Crescente";"Tombamento";0;0;0;0;0;2;0;0;0;0;0;0;0;0;0
"18/07/2025";"16:52:53";"205";"Sem vítima";"485,456";"BR-163/MS";"Crescente";"Colisão traseira";1;0;1;0;0;0;0;0;0;0;2;0;0;0;0
"18/07/2025";"19:40:32";"235";"Sem vítima";"682,427";"BR-163/MS";"Decrescente";"Acidentes de outra natureza";0;0;1;0;0;0;0;0;0;0;1;0;0;0;0
"18/07/2025";"19:42:08";"236";"Sem vítima";"436,819";"BR-163/MS";"Crescente";"Acidentes de outra natureza";0;0;0;1;0;0;0;0;0;0;1;0;0;0;0
"19/07/2025";"08:05:51";"71";"Sem vítima";"5,700";"BR-163/MS";"Crescente";"Colisão traseira";2;0;0;0;0;0;0;0;0;0;3;0;0;0;0
"19/07/2025";"08:22:05";"78";"Sem vítima";"325,303";"BR-163/MS";"Crescente";"Colisão traseira";2;0;0;0;0;0;0;0;0;0;4;0;0;0;0
"19/07/2025";"14:20:35";"153";"Com vítima";"90,901";"BR-163/MS";"Crescente";"Choque";1;0;0;0;0;0;0;0;0;0;3;1;0;0;0
"19/07/2025";"17:43:50";"191";"Com vítima";"253,339";"BR-163/MS";"Crescente";"Queda de moto";0;0;0;1;0;0;0;0;0;0;0;1;0;0;0
"19/07/2025";"19:19:43";"214";"Com vítima";"420,310";"BR-163/MS";"Crescente";"Acidentes de outra natureza";0;0;0;1;0;0;0;0;0;0;1;1;0;0;0
"19/07/2025";"21:24:23";"237";"Sem vítima";"281,321";"BR-163/MS";"Decrescente";"Choque";0;0;0;1;0;0;0;0;0;0;2;0;0;0;0
"20/07/2025";"14:32:21";"120";"Sem vítima";"317,990";"BR-163/MS";"Decrescente";"Colisão lateral no mesmo sentido";1;0;0;0;0;2;0;0;0;0;1;0;0;0;0
"20/07/2025";"18:23:28";"153";"Com vítima";"370,468";"BR-163/MS";"Crescente";"Colisão traseira";1;0;0;1;0;0;0;0;0;0;3;0;0;1;0
"20/07/2025";"20:24:40";"182";"Sem vítima";"338,993";"BR-163/MS";"Crescente";"Atropelamento de animal";1;0;0;0;0;0;0;0;0;0;3;0;0;0;0
"20/07/2025";"22:22:42";"210";"Sem vítima";"253,780";"BR-163/MS";"Crescente";"Acidentes de outra natureza";0;0;0;1;0;0;0;0;0;0;1;0;0;0;0
"20/07/2025";"22:31:50";"212";"Com vítima";"483,456";"BR-163/MS";"Crescente";"Colisão traseira";1;0;0;1;0;0;0;0;0;0;0;0;0;1;0
"20/07/2025";"22:46:48";"213";"Sem vítima";"295,787";"BR-163/MS";"Decrescente";"Atropelamento de animal";1;0;0;0;0;0;0;0;0;0;1;0;0;0;0
"21/07/2025";"07:36:56";"85";"Com vítima";"39,721";"BR-163/MS";"Decrescente";"Colisão frontal";0;0;0;2;0;0;0;0;0;0;0;2;0;0;0
"21/07/2025";"15:25:22";"215";"Sem vítima";"561,000";"BR-163/MS";"Crescente";"Colisão traseira";0;0;2;0;0;0;0;0;0;0;1;0;0;0;0
"22/07/2025";"05:40:04";"20";"Sem vítima";"501,700";"BR-163/MS";"Decrescente";"Atropelamento de animal";1;0;0;0;0;0;0;0;0;0;1;0;0;0;0
"22/07/2025";"11:27:42";"149";"Sem vítima";"475,200";"BR-163/MS";"Crescente";"Colisão lateral no mesmo sentido";0;0;1;0;0;2;0;0;0;0;1;0;0;0;0
"22/07/2025";"15:01:58";"202";"Sem vítima";"470,152";"BR-163/MS";"Crescente";"Colisão transversal";1;0;0;0;0;0;0;0;0;1;4;0;0;0;0
"22/07/2025";"15:05:52";"204";"Sem vítima";"355,428";"BR-163/MS";"Crescente";"Colisão traseira";0;0;0;0;0;0;0;0;0;2;3;0;0;0;0
"22/07/2025";"16:33:42";"223";"Sem vítima";"267,334";"BR-163/MS";"Crescente";"Colisão traseira";0;0;1;0;0;0;0;0;0;1;2;0;0;0;0
"22/07/2025";"16:42:55";"224";"Sem vítima";"48,738";"BR-163/MS";"Crescente";"Acidentes de outra natureza";0;0;1;0;0;2;0;0;0;0;0;0;0;0;0
"22/07/2025";"21:21:42";"270";"Com vítima";"87,789";"BR-163/MS";"Crescente";"Choque";1;0;0;0;0;0;0;0;0;0;0;2;0;0;0
"23/07/2025";"10:31:23";"134";"Sem vítima";"490,456";"BR-163/MS";"Decrescente";"Colisão transversal";1;0;0;0;0;0;0;0;0;1;2;0;0;0;0
"23/07/2025";"11:22:43";"144";"Sem vítima";"208,000";"BR-163/MS";"Crescente";"Colisão lateral no mesmo sentido";1;0;1;0;0;0;0;0;0;0;1;0;0;0;0
"23/07/2025";"13:43:15";"176";"Sem vítima";"402,260";"BR-163/MS";"Crescente";"Colisão traseira";0;0;1;0;0;3;0;0;0;0;1;0;0;0;0
"23/07/2025";"19:47:34";"247";"Com vítima";"328,358";"BR-163/MS";"Crescente";"Colisão traseira";1;0;0;0;0;0;0;0;0;1;4;1;0;0;0
"24/07/2025";"05:39:39";"40";"Com vítima";"462,000";"BR-163/MS";"Crescente";"Queda de moto";0;0;0;1;0;0;0;0;0;0;0;1;0;0;0
"24/07/2025";"11:18:19";"162";"Sem vítima";"436,286";"BR-163/MS";"Decrescente";"Colisão traseira";0;0;0;0;0;0;0;0;0;2;4;0;0;0;0
"24/07/2025";"13:45:48";"181";"Com vítima";"480,900";"BR-163/MS";"Crescente";"Colisão transversal";0;0;0;1;0;0;0;0;0;1;3;0;0;2;0
"24/07/2025";"19:55:22";"259";"Sem vítima";"449,500";"BR-163/MS";"Decrescente";"Atropelamento de animal";1;0;0;0;0;0;0;0;0;0;2;0;0;0;0
"24/07/2025";"21:08:26";"268";"Sem vítima";"720,777";"BR-163/MS";"Crescente";"Atropelamento de animal";1;0;0;0;0;0;0;0;0;0;2;0;0;0;0
"25/07/2025";"11:45:35";"140";"Sem vítima";"364,900";"BR-163/MS";"Decrescente";"Colisão traseira";0;0;2;0;0;0;0;0;0;0;2;0;0;0;0
"25/07/2025";"17:37:34";"232";"Sem vítima";"562,694";"BR-163/MS";"Crescente";"Atropelamento de animal";1;0;0;0;0;0;0;0;0;0;1;0;0;0;0
"25/07/2025";"18:01:14";"240";"Sem vítima";"476,000";"BR-163/MS";"Crescente";"Colisão traseira";1;0;1;0;0;0;0;0;0;0;2;0;0;0;0
"25/07/2025";"18:11:41";"243";"Com vítima";"421,708";"BR-163/MS";"Decrescente";"Colisão traseira";0;0;1;1;0;0;0;0;0;0;2;1;0;0;0
"25/07/2025";"18:52:29";"251";"Sem vítima";"476,000";"BR-163/MS";"Crescente";"Colisão traseira";2;0;0;0;0;0;0;0;0;0;0;0;0;0;0
"25/07/2025";"19:04:16";"255";"Sem vítima";"633,000";"BR-163/MS";"Crescente";"Atropelamento de animal";1;0;0;0;0;0;0;0;0;0;5;0;0;0;0
"25/07/2025";"21:22:09";"270";"Sem vítima";"158,220";"BR-163/MS";"Decrescente";"Atropelamento de animal";0;0;0;0;0;0;0;0;0;1;2;0;0;0;0
"25/07/2025";"22:02:56";"273";"Sem vítima";"328,731";"BR-163/MS";"Crescente";"Choque";1;0;0;0;0;0;0;0;0;0;1;0;0;0;0
"26/07/2025";"00:28:16";"5";"Sem vítima";"667,695";"BR-163/MS";"Crescente";"Atropelamento de animal";0;0;0;0;0;0;0;0;0;1;5;0;0;0;0
"26/07/2025";"02:48:03";"14";"Com vítima";"492,402";"BR-163/MS";"Crescente";"Colisão transversal";0;0;0;1;0;0;0;0;0;1;3;0;0;1;1
"26/07/2025";"09:00:54";"96";"Com vítima";"672,846";"BR-163/MS";"Decrescente";"Colisão lateral no mesmo sentido";0;0;0;0;0;2;0;0;0;2;3;0;0;1;0
"26/07/2025";"13:47:46";"168";"Com vítima";"536,345";"BR-163/MS";"Crescente";"Engavetamento";2;0;0;0;0;2;0;0;0;1;5;3;0;2;0
"26/07/2025";"16:55:20";"198";"Sem vítima";"457,468";"BR-163/MS";"Crescente";"Atropelamento de animal";1;0;0;0;0;0;0;0;0;0;1;0;0;0;0
"26/07/2025";"16:55:57";"199";"Sem vítima";"818,939";"BR-163/MS";"Crescente";"Acidentes de outra natureza";1;0;0;0;0;2;0;0;0;0;2;0;0;0;0
"26/07/2025";"20:31:59";"242";"Sem vítima";"777,284";"BR-163/MS";"Decrescente";"Atropelamento de animal";1;0;0;0;0;0;0;0;0;0;3;0;0;0;0
"27/07/2025";"05:13:23";"36";"Com vítima";"273,714";"BR-163/MS";"Decrescente";"Capotamento";0;0;0;0;0;0;0;0;0;1;0;1;1;0;0
"27/07/2025";"16:17:07";"176";"Com vítima";"475,820";"BR-163/MS";"Decrescente";"Colisão transversal";0;0;1;1;0;0;0;0;0;0;1;1;0;0;1
"27/07/2025";"17:49:09";"207";"Sem vítima";"336,000";"BR-163/MS";"Crescente";"Atropelamento de animal";1;0;0;0;0;0;0;0;0;0;1;0;0;0;0
"27/07/2025";"17:55:50";"212";"Com vítima";"11,400";"BR-163/MS";"Crescente";"Colisão lateral no mesmo sentido";1;0;0;0;0;1;0;0;0;0;0;1;0;1;0
"27/07/2025";"18:25:31";"219";"Sem vítima";"92,459";"BR-163/MS";"Decrescente";"Acidentes de outra natureza";1;0;0;0;0;0;0;0;0;0;3;0;0;0;0
"28/07/2025";"07:05:49";"48";"Sem vítima";"212,878";"BR-163/MS";"Decrescente";"Tombamento";0;0;1;0;0;1;0;0;0;0;1;0;0;0;0
"28/07/2025";"11:42:55";"150";"Sem vítima";"545,500";"BR-163/MS";"Crescente";"Acidentes de outra natureza";0;0;0;0;0;0;0;0;0;1;2;0;0;0;0
"29/07/2025";"05:03:12";"31";"Sem vítima";"99,361";"BR-163/MS";"Crescente";"Acidentes de outra natureza";0;0;0;0;0;0;0;0;0;1;2;0;0;0;0
"29/07/2025";"10:16:34";"150";"Sem vítima";"91,751";"BR-163/MS";"Crescente";"Acidentes de outra natureza";0;0;1;0;0;0;0;0;0;0;2;0;0;0;0
"29/07/2025";"15:20:40";"209";"Com vítima";"209,694";"BR-163/MS";"Crescente";"Tombamento";0;0;1;0;0;0;0;0;0;0;0;1;0;0;0
"29/07/2025";"19:02:05";"248";"Com vítima";"448,533";"BR-163/MS";"Crescente";"Colisão transversal";0;0;0;1;0;0;0;0;0;1;1;1;0;0;0
"29/07/2025";"20:46:10";"274";"Com vítima";"361,700";"BR-163/MS";"Crescente";"Atropelamento de animal";1;0;0;0;0;0;0;0;0;0;1;2;0;0;0
"30/07/2025";"03:24:43";"26";"Sem vítima";"655,685";"BR-163/MS";"Crescente";"Choque";0;0;1;0;0;0;0;0;0;0;1;0;0;0;0
"30/07/2025";"10:51:41";"141";"Sem vítima";"475,000";"BR-163/MS";"Decrescente";"Colisão traseira";0;0;1;0;0;1;0;0;0;0;1;0;0;0;0
"30/07/2025";"15:08:24";"182";"Sem vítima";"239,000";"BR-163/MS";"Crescente";"Colisão transversal";1;0;0;0;0;0;0;0;0;1;2;0;0;0;0
"30/07/2025";"18:11:28";"221";"Sem vítima";"614,353";"BR-163/MS";"Decrescente";"Colisão transversal";2;0;0;0;0;0;0;0;0;0;2;0;0;0;0
"30/07/2025";"21:31:51";"248";"Sem vítima";"365,535";"BR-163/MS";"Decrescente";"Colisão traseira";1;0;0;0;0;0;0;0;0;1;5;0;0;0;0
"31/07/2025";"10:09:49";"130";"Sem vítima";"410,327";"BR-163/MS";"Decrescente";"Capotamento";0;0;0;0;0;0;0;0;0;1;1;0;0;0;0
"31/07/2025";"12:20:07";"148";"Com vítima";"456,611";"BR-163/MS";"Decrescente";"Colisão transversal";1;0;0;0;0;0;0;0;0;1;0;1;0;0;1
"31/07/2025";"12:32:40";"153";"Com vítima";"14,806";"BR-163/MS";"Decrescente";"Queda de moto";0;0;0;1;0;0;0;0;0;0;0;1;0;0;0
"31/07/2025";"18:09:58";"224";"Com vítima";"680,870";"BR-163/MS";"Crescente";"Colisão transversal";1;0;0;1;0;0;0;0;0;0;3;0;1;0;0
"31/07/2025";"23:41:21";"272";"Sem vítima";"235,588";"BR-163/MS";"Decrescente";"Atropelamento de animal";0;0;0;0;0;0;0;0;0;1;3;0;0;0;0
"01/08/2025";"00:30:03";"2";"Sem vítima";"95,370";"BR-163/MS";"Crescente";"Acidentes de outra natureza";0;0;1;0;0;1;0;0;0;0;1;0;0;0;0