data;horario;n_da_ocorrencia;tipo_de_ocorrencia;km;trecho;sentido;tipo_de_acidente;automovel;bicicleta;caminhao;moto;onibus;outros;tracao_animal;transporte_de_cargas_especiais;trator_maquinas;utilitarios;ilesos;levemente_feridos;moderadamente_feridos;gravemente_feridos;mortos
"01/08/2025";"15:35:37";"223";"Sem vítima";"265,893";"BR-163/MS";"Decrescente";"Colisão lateral no mesmo sentido";0;0;1;0;0;0;0;0;0;0;1;0;0;0;0
"01/08/2025";"17:26:47";"243";"Sem vítima";"128,185";"BR-163/MS";"Decrescente";"Colisão traseira";1;0;0;0;0;0;0;0;0;1;2;0;0;0;0
"01/08/2025";"20:53:47";"280";"Com vítima";"491,407";"BR-163/MS";"Crescente";"Colisão transversal";1;0;0;1;0;0;0;0;0;0;1;1;0;0;0
"01/08/2025";"20:54:43";"281";"Sem vítima";"675,439";"BR-163/MS";"Crescente";"Atropelamento de animal";0;0;0;0;0;1;0;0;0;1;2;0;0;0;0
"03/08/2025";"06:39:29";"60";"Com vítima";"265,126";"BR-163/MS";"Decrescente";"Queda de moto";0;0;0;1;0;0;0;0;0;0;0;0;0;1;0
"03/08/2025";"07:35:12";"70";"Sem vítima";"11,437";"BR-163/MS";"Decrescente";"Atropelamento de animal";1;0;0;0;0;0;0;0;0;0;4;0;0;0;0
"03/08/2025";"09:26:03";"87";"Com vítima";"29,560";"BR-163/MS";"Decrescente";"Queda de moto";0;0;0;1;0;0;0;0;0;0;0;1;0;0;0
"03/08/2025";"11:12:20";"99";"Sem vítima";"328,775";"BR-163/MS";"Decrescente";"Colisão traseira";1;0;0;0;0;0;0;0;0;1;5;0;0;0;0
"04/08/2025";"04:46:34";"22";"Com vítima";"14,758";"BR-163/MS";"Decrescente";"Capotamento";0;0;0;0;0;0;0;0;0;1;0;1;0;0;0
"04/08/2025";"08:08:13";"76";"Sem vítima";"609,859";"BR-163/MS";"Crescente";"Acidentes de outra natureza";0;0;1;0;0;0;0;0;0;0;1;0;0;0;0
"04/08/2025";"09:03:28";"91";"Com vítima";"475,810";"BR-163/MS";"Crescente";"Colisão traseira";0;0;2;0;0;0;0;0;0;0;1;1;0;0;0
"04/08/2025";"15:28:00";"159";"Sem vítima";"491,500";"BR-163/MS";"Decrescente";"Colisão traseira";2;0;0;0;0;0;0;0;0;0;3;0;0;0;0
"04/08/2025";"16:35:24";"170";"Sem vítima";"262,504";"BR-163/MS";"Crescente";"Colisão lateral no mesmo sentido";0;0;1;1;0;1;0;0;0;0;2;0;0;0;0
"04/08/2025";"17:03:13";"175";"Com vítima";"256,421";"BR-163/MS";"Crescente";"Colisão traseira";1;0;0;0;0;0;0;0;0;0;0;1;0;0;0
"04/08/2025";"18:24:37";"185";"Sem vítima";"272,810";"BR-163/MS";"Decrescente";"Colisão traseira";2;0;0;0;0;0;0;0;0;0;3;0;0;0;0
"04/08/2025";"20:32:24";"212";"Com vítima";"812,441";"BR-163/MS";"Crescente";"Colisão frontal";1;0;1;0;0;0;0;0;0;0;1;1;1;0;0
"04/08/2025";"23:16:39";"225";"Sem vítima";"178,870";"BR-163/MS";"Crescente";"Acidentes de outra natureza";0;0;1;0;0;0;0;0;0;0;1;0;0;0;0
"05/08/2025";"06:06:53";"43";"Com vítima";"350,396";"BR-163/MS";"Decrescente";"Tombamento";0;0;1;0;0;1;0;0;0;0;0;1;0;0;0
"05/08/2025";"11:53:40";"154";"Sem vítima";"727,000";"BR-163/MS";"Crescente";"Colisão transversal";0;0;0;0;0;0;0;0;0;2;4;0;0;0;0
"05/08/2025";"14:21:42";"185";"Com vítima";"20,362";"BR-163/MS";"Decrescente";"Colisão lateral no mesmo sentido";0;0;0;2;0;0;0;0;0;0;0;1;0;0;0
"06/08/2025";"04:24:30";"20";"Sem vítima";"169,835";"BR-163/MS";"Crescente";"Acidentes de outra natureza";0;0;1;0;0;0;0;0;0;0;1;0;0;0;0
"06/08/2025";"04:43:59";"23";"Com vítima";"233,818";"BR-163/MS";"Decrescente";"Queda de moto";0;0;0;1;0;0;0;0;0;0;0;0;1;0;0
"06/08/2025";"05:03:29";"25";"Com vítima";"470,801";"BR-163/MS";"Crescente";"Colisão transversal";0;0;0;1;0;0;0;0;0;1;1;0;1;0;0
"06/08/2025";"05:27:04";"30";"Sem vítima";"179,781";"BR-163/MS";"Crescente";"Choque";0;0;0;0;0;2;0;0;0;0;0;0;0;0;0
"06/08/2025";"05:30:49";"31";"Sem vítima";"233,818";"BR-163/MS";"Decrescente";"Choque";0;0;0;0;0;2;0;0;0;0;0;0;0;0;0
"06/08/2025";"06:46:47";"57";"Com vítima";"492,494";"BR-163/MS";"Crescente";"Colisão transversal";2;0;0;0;0;0;0;0;0;0;0;1;1;0;0
"06/08/2025";"10:04:32";"125";"Sem vítima";"216,767";"BR-163/MS";"Decrescente";"Acidentes de outra natureza";0;0;0;0;0;1;0;0;0;0;0;0;0;0;0
"06/08/2025";"11:34:42";"144";"Com vítima";"256,853";"BR-163/MS";"Decrescente";"Queda de moto";0;0;0;1;0;1;0;0;0;0;0;1;0;0;0
"06/08/2025";"18:59:31";"212";"Com vítima";"485,630";"BR-163/MS";"Crescente";"Engavetamento";2;0;0;1;0;0;0;0;0;0;2;1;0;0;0
"07/08/2025";"12:16:50";"156";"Sem vítima";"475,209";"BR-163/MS";"Crescente";"Colisão traseira";0;0;0;0;0;0;0;0;1;1;1;0;0;0;0
"07/08/2025";"16:45:15";"205";"Com vítima";"365,590";"BR-163/MS";"Crescente";"Queda de moto";0;0;0;1;0;0;0;0;0;0;0;1;0;0;0
"07/08/2025";"18:59:06";"232";"Sem vítima";"819,916";"BR-163/MS";"Crescente";"Colisão transversal";1;0;0;0;0;0;0;0;0;0;0;0;0;0;0
"07/08/2025";"19:30:51";"237";"Com vítima";"147,111";"BR-163/MS";"Crescente";"Tombamento";0;0;1;0;0;0;0;0;0;0;0;1;0;0;0
"08/08/2025";"08:58:07";"82";"Sem vítima";"92,293";"BR-163/MS";"Crescente";"Tombamento";0;0;0;0;0;0;0;0;0;1;2;0;0;0;0
"08/08/2025";"13:58:30";"148";"Sem vítima";"466,451";"BR-163/MS";"Crescente";"Colisão transversal";0;0;0;0;0;2;0;0;0;1;2;0;0;0;0
"08/08/2025";"16:43:58";"181";"Com vítima";"407,785";"BR-163/MS";"Crescente";"Colisão transversal";1;0;2;0;0;2;0;0;0;0;2;0;1;0;0
"08/08/2025";"16:45:11";"182";"Sem vítima";"215,557";"BR-163/MS";"Decrescente";"Colisão traseira";0;0;2;0;0;3;0;0;0;0;2;0;0;0;0
"08/08/2025";"17:03:20";"185";"Sem vítima";"415,959";"BR-163/MS";"Crescente";"Acidentes de outra natureza";0;0;0;0;0;0;0;0;0;1;2;0;0;0;0
"08/08/2025";"18:39:07";"198";"Sem vítima";"484,337";"BR-163/MS";"Crescente";"Colisão lateral no mesmo sentido";0;0;1;0;0;0;0;0;0;1;4;0;0;0;0
"09/08/2025";"02:38:08";"15";"Sem vítima";"270,500";"BR-163/MS";"Crescente";"Atropelamento de animal";0;0;0;0;0;0;0;0;0;1;1;0;0;0;0
"09/08/2025";"05:41:53";"34";"Sem vítima";"243,123";"BR-163/MS";"Crescente";"Acidentes de outra natureza";1;0;0;0;0;0;0;0;0;0;1;0;0;0;0
"09/08/2025";"10:04:24";"94";"Sem vítima";"487,529";"BR-163/MS";"Crescente";"Colisão lateral no mesmo sentido";0;0;1;1;0;0;0;0;0;0;3;0;0;0;0
"09/08/2025";"16:29:54";"165";"Sem vítima";"124,500";"BR-163/MS";"Decrescente";"Tombamento";0;0;1;0;0;1;0;0;0;0;1;0;0;0;0
"09/08/2025";"18:38:05";"188";"Sem vítima";"387,767";"BR-163/MS";"Crescente";"Acidentes de outra natureza";1;0;0;0;0;0;0;0;0;0;3;0;0;0;0
"09/08/2025";"19:24:42";"195";"Com vítima";"726,186";"BR-163/MS";"Crescente";"Colisão transversal";0;0;1;1;0;1;0;0;0;0;1;0;0;0;1
"09/08/2025";"23:13:55";"225";"Sem vítima";"224,379";"BR-163/MS";"Decrescente";"Choque";1;0;0;0;0;0;0;0;0;0;0;0;0;0;0
"10/08/2025";"02:03:16";"13";"Com vítima";"776,329";"BR-163/MS";"Decrescente";"Atropelamento de animal";0;0;1;0;0;1;0;0;0;0;0;0;1;0;0
"10/08/2025";"04:21:30";"23";"Sem vítima";"28,793";"BR-163/MS";"Decrescente";"Choque";1;0;0;0;0;0;0;0;0;0;1;0;0;0;0
"10/08/2025";"05:16:02";"24";"Com vítima";"776,174";"BR-163/MS";"Decrescente";"Acidentes de outra natureza";0;0;0;0;0;0;0;0;0;1;3;0;1;0;0
"10/08/2025";"17:48:57";"166";"Sem vítima";"283,712";"BR-163/MS";"Crescente";"Colisão traseira";0;0;0;1;0;0;0;0;0;1;2;0;0;0;0
"10/08/2025";"21:46:38";"197";"Com vítima";"81,448";"BR-163/MS";"Decrescente";"Queda de moto";0;0;0;1;0;0;0;0;0;0;0;1;0;0;0
"10/08/2025";"21:56:24";"199";"Com vítima";"498,548";"BR-163/MS";"Crescente";"Colisão traseira";2;0;0;0;0;0;0;0;0;0;3;2;0;0;0
"11/08/2025";"09:50:13";"119";"Sem vítima";"359,495";"BR-163/MS";"Decrescente";"Choque";0;0;0;0;0;0;0;0;0;1;1;0;0;0;0
"11/08/2025";"15:12:15";"174";"Sem vítima";"485,216";"BR-163/MS";"Decrescente";"Colisão transversal";1;0;0;0;0;0;0;0;0;1;2;0;0;0;0
"11/08/2025";"15:41:36";"182";"Sem vítima";"722,945";"BR-163/MS";"Crescente";"Acidentes de outra natureza";0;0;1;0;0;1;0;0;0;0;1;0;0;0;0
"12/08/2025";"00:27:48";"3";"Sem vítima";"157,300";"BR-163/MS";"Crescente";"Colisão lateral no mesmo sentido";0;0;2;0;0;2;0;0;0;0;2;0;0;0;0
"12/08/2025";"04:57:06";"25";"Sem vítima";"809,813";"BR-163/MS";"Crescente";"Colisão lateral no mesmo sentido";1;0;0;0;0;5;0;0;0;0;1;0;0;0;0
"12/08/2025";"13:56:08";"152";"Com vítima";"763,755";"BR-163/MS";"Decrescente";"Colisão traseira";1;0;0;0;0;1;0;0;0;0;2;1;0;0;0
"12/08/2025";"17:55:48";"192";"Com vítima";"821,955";"BR-163/MS";"Crescente";"Atropelamento de animal";0;0;0;1;0;0;0;0;0;0;0;1;0;0;0
"12/08/2025";"19:49:13";"209";"Sem vítima";"749,882";"BR-163/MS";"Crescente";"Atropelamento de animal";0;0;0;0;0;0;0;0;0;1;2;0;0;0;0
"12/08/2025";"22:39:14";"229";"Sem vítima";"129,200";"BR-163/MS";"Crescente";"Colisão lateral no mesmo sentido";1;0;0;0;0;0;0;0;0;0;1;0;0;0;0
"13/08/2025";"19:05:36";"208";"Sem vítima";"470,790";"BR-163/MS";"Crescente";"Colisão transversal";1;0;0;0;0;1;0;0;0;0;2;0;0;0;0
"13/08/2025";"19:53:28";"220";"Sem vítima";"742,000";"BR-163/MS";"Crescente";"Atropelamento de animal";0;0;1;0;0;0;0;0;0;0;1;0;0;0;0
"14/08/2025";"06:22:24";"40";"Sem vítima";"228,385";"BR-163/MS";"Decrescente";"Colisão lateral no mesmo sentido";1;0;0;0;0;0;0;0;0;0;2;0;0;0;0
"14/08/2025";"11:38:00";"138";"Com vítima";"636,149";"BR-163/MS";"Decrescente";"Choque";1;0;0;0;0;0;0;0;0;0;0;0;0;1;0
"14/08/2025";"17:45:57";"211";"Sem vítima";"121,973";"BR-163/MS";"Crescente";"Colisão lateral no mesmo sentido";0;0;1;0;0;0;0;0;0;0;1;0;0;0;0
"14/08/2025";"23:01:45";"237";"Sem vítima";"8,522";"BR-163/MS";"Crescente";"Acidentes de outra natureza";1;0;0;0;0;0;0;0;0;0;2;0;0;0;0
"15/08/2025";"09:40:29";"117";"Sem vítima";"5,500";"BR-163/MS";"Decrescente";"Colisão traseira";0;0;0;0;0;0;0;0;0;2;2;0;0;0;0
"16/08/2025";"04:49:42";"10";"Com vítima";"668,501";"BR-163/MS";"Crescente";"Colisão transversal";1;0;0;0;0;0;0;0;0;1;1;1;0;0;0
"16/08/2025";"12:05:30";"100";"Com vítima";"147,360";"BR-163/MS";"Decrescente";"Queda de moto";0;0;0;1;0;0;0;0;0;0;0;1;0;0;0
"16/08/2025";"13:19:55";"111";"Com vítima";"275,990";"BR-163/MS";"Decrescente";"Acidentes de outra natureza";0;0;0;0;0;0;0;0;0;1;4;1;0;0;0
"16/08/2025";"14:01:16";"119";"Sem vítima";"10,500";"BR-163/MS";"Crescente";"Colisão transversal";2;0;0;0;0;0;0;0;0;0;5;0;0;0;0
"16/08/2025";"20:16:18";"176";"Sem vítima";"633,243";"BR-163/MS";"Crescente";"Atropelamento de animal";0;0;0;0;0;0;0;0;0;1;1;0;0;0;0
"17/08/2025";"02:08:28";"14";"Sem vítima";"552,307";"BR-163/MS";"Crescente";"Atropelamento de animal";1;0;0;0;0;0;0;0;0;0;2;0;0;0;0
"17/08/2025";"03:59:36";"23";"Com vítima";"475,793";"BR-163/MS";"Decrescente";"Queda de moto";0;0;0;1;0;0;0;0;0;0;0;1;0;0;0
"17/08/2025";"06:14:43";"36";"Com vítima";"832,793";"BR-163/MS";"Decrescente";"Tombamento";0;0;1;0;0;1;0;0;0;0;0;1;0;0;0
"17/08/2025";"09:08:55";"74";"Sem vítima";"809,502";"BR-163/MS";"Decrescente";"Tombamento";0;0;0;0;0;3;0;0;0;0;0;0;0;0;0
"17/08/2025";"20:12:01";"171";"Sem vítima";"345,970";"BR-163/MS";"Crescente";"Atropelamento de animal";0;0;0;0;0;0;0;0;0;1;1;0;0;0;0
"18/08/2025";"04:33:12";"19";"Sem vítima";"11,362";"BR-163/MS";"Crescente";"Colisão traseira";1;0;0;0;0;1;0;0;0;0;2;0;0;0;0
"18/08/2025";"12:05:17";"134";"Com vítima";"576,211";"BR-163/MS";"Decrescente";"Acidentes de outra natureza";0;0;1;0;0;0;0;0;0;0;0;1;0;0;0
"18/08/2025";"12:56:39";"140";"Sem vítima";"533,824";"BR-163/MS";"Crescente";"Colisão lateral no mesmo sentido";0;0;1;0;0;0;0;0;0;1;2;0;0;0;0
"18/08/2025";"22:22:20";"222";"Com vítima";"264,000";"BR-163/MS";"Crescente";"Atropelamento de animal";0;0;0;1;0;0;0;0;0;0;0;1;0;0;0
"20/08/2025";"09:18:49";"102";"Com vítima";"722,000";"BR-163/MS";"Decrescente";"Queda de moto";0;0;0;1;0;0;0;0;0;0;0;2;0;0;0
"20/08/2025";"16:45:07";"190";"Com vítima";"463,300";"BR-163/MS";"Decrescente";"Queda de moto";0;0;0;1;0;0;0;0;0;0;0;0;1;0;0
"20/08/2025";"18:18:19";"202";"Com vítima";"626,587";"BR-163/MS";"Crescente";"Tombamento";0;0;1;0;0;2;0;0;0;0;0;1;0;0;0
"21/08/2025";"04:12:22";"18";"Sem vítima";"434,771";"BR-163/MS";"Crescente";"Atropelamento de animal";0;0;0;0;0;0;0;0;0;1;1;0;0;0;0
"21/08/2025";"07:27:25";"68";"Com vítima";"490,622";"BR-163/MS";"Crescente";"Colisão transversal";1;0;0;1;0;0;0;0;0;0;1;1;0;0;0
"21/08/2025";"10:09:10";"129";"Com vítima";"249,620";"BR-163/MS";"Crescente";"Colisão lateral no mesmo sentido";1;0;0;0;0;0;0;0;0;1;2;1;0;0;0
"21/08/2025";"11:21:55";"141";"Sem vítima";"473,214";"BR-163/MS";"Crescente";"Choque";0;0;2;0;0;0;0;0;0;0;1;0;0;0;0
"22/08/2025";"05:51:59";"35";"Com vítima";"272,888";"BR-163/MS";"Decrescente";"Colisão traseira";0;0;1;0;0;1;0;0;0;0;0;1;0;0;0
"22/08/2025";"12:34:13";"159";"Sem vítima";"423,986";"BR-163/MS";"Decrescente";"Colisão traseira";1;0;1;0;0;1;0;0;0;0;6;0;0;0;0
"22/08/2025";"19:22:46";"239";"Sem vítima";"481,600";"BR-163/MS";"Decrescente";"Colisão traseira";1;0;0;0;0;0;0;0;0;1;2;0;0;0;0
"22/08/2025";"21:09:07";"251";"Sem vítima";"86,358";"BR-163/MS";"Crescente";"Acidentes de outra natureza";0;0;0;0;0;2;0;0;0;0;0;0;0;0;0
"23/08/2025";"05:33:40";"42";"Com vítima";"384,744";"BR-163/MS";"Decrescente";"Tombamento";0;0;1;0;0;2;0;0;0;0;0;1;0;0;0
"23/08/2025";"06:54:14";"54";"Sem vítima";"466,000";"BR-163/MS";"Crescente";"Queda de moto";0;0;0;1;0;0;0;0;0;0;0;0;0;0;0
"23/08/2025";"15:53:23";"151";"Sem vítima";"213,307";"BR-163/MS";"Decrescente";"Capotamento";1;0;0;0;0;0;0;0;0;0;1;0;0;0;0
"23/08/2025";"18:14:35";"168";"Com vítima";"486,400";"BR-163/MS";"Crescente";"Colisão traseira";0;0;0;1;0;0;0;0;0;1;2;1;0;0;0
"24/08/2025";"18:47:54";"132";"Sem vítima";"617,335";"BR-163/MS";"Decrescente";"Colisão traseira";0;0;1;0;0;1;0;0;0;0;1;0;0;0;0
"25/08/2025";"15:31:36";"155";"Sem vítima";"510,600";"BR-163/MS";"Crescente";"Colisão traseira";1;0;1;0;0;0;0;0;0;0;0;0;0;0;0
"26/08/2025";"13:24:36";"143";"Sem vítima";"93,461";"BR-163/MS";"Crescente";"Colisão traseira";1;0;0;0;0;0;0;0;0;1;2;0;0;0;0
"27/08/2025";"06:59:58";"53";"Sem vítima";"56,563";"BR-163/MS";"Crescente";"Colisão traseira";0;0;1;0;0;0;0;0;0;1;2;0;0;0;0
"27/08/2025";"09:08:25";"98";"Sem vítima";"442,000";"BR-163/MS";"Crescente";"Colisão traseira";0;0;1;0;0;1;0;0;0;1;4;0;0;0;0
"28/08/2025";"13:16:46";"161";"Sem vítima";"405,145";"BR-163/MS";"Crescente";"Colisão traseira";0;0;0;0;0;2;0;0;0;0;2;0;0;0;0
"29/08/2025";"17:13:37";"196";"Com vítima";"486,325";"BR-163/MS";"Decrescente";"Colisão transversal";0;0;0;1;0;0;0;0;0;1;1;0;0;1;0
"29/08/2025";"19:06:12";"209";"Com vítima";"462,000";"BR-163/MS";"Crescente";"Colisão traseira";0;0;0;2;0;0;0;0;0;0;0;2;1;0;0
"30/08/2025";"18:23:37";"161";"Com vítima";"255,641";"BR-163/MS";"Crescente";"Colisão traseira";1;0;0;0;0;0;0;0;0;1;3;1;0;0;0
"30/08/2025";"21:07:54";"187";"Com vítima";"85,308";"BR-163/MS";"Crescente";"Queda de moto";0;0;0;1;0;0;0;0;0;0;1;1;0;0;0
"31/08/2025";"17:07:33";"151";"Sem vítima";"668,500";"BR-163/MS";"Decrescente";"Tombamento";0;0;0;0;0;2;0;0;0;0;0;0;0;0;0
"31/08/2025";"18:23:18";"164";"Com vítima";"662,372";"BR-163/MS";"Decrescente";"Colisão transversal";0;0;0;1;0;3;0;0;0;0;0;1;0;0;0
"31/08/2025";"18:34:40";"169";"Com vítima";"505,838";"BR-163/MS";"Decrescente";"Colisão traseira";1;0;0;1;0;0;0;0;0;0;0;1;0;0;1
"01/09/2025";"04:41:57";"20";"Sem vítima";"487,672";"BR-163/MS";"Decrescente";"Acidentes de outra natureza";1;0;0;0;0;0;0;0;0;0;1;0;0;0;0
"01/09/2025";"16:42:01";"169";"Com vítima";"731,518";"BR-163/MS";"Crescente";"Queda de moto";0;0;0;1;0;0;0;0;0;0;0;1;0;0;0
"01/09/2025";"17:05:52";"171";"Sem vítima";"256,844";"BR-163/MS";"Crescente";"Acidentes de outra natureza";0;0;0;0;0;0;0;0;0;1;1;0;0;0;0
"01/09/2025";"18:04:49";"176";"Com vítima";"0,266";"BR-163/MS";"Decrescente";"Tombamento";0;0;0;0;0;2;0;0;0;0;0;0;0;0;0
"02/09/2025";"18:44:16";"204";"Sem vítima";"442,286";"BR-163/MS";"Crescente";"Atropelamento de animal";1;0;0;0;0;0;0;0;0;0;3;0;0;0;0
"02/09/2025";"20:37:19";"218";"Sem vítima";"456,825";"BR-163/MS";"Decrescente";"Atropelamento de animal";1;0;0;0;0;0;0;0;0;0;2;0;0;0;0
"02/09/2025";"22:23:38";"232";"Sem vítima";"207,168";"BR-163/MS";"Decrescente";"Choque";0;0;0;0;0;2;0;0;0;0;0;0;0;0;0
"03/09/2025";"05:28:14";"23";"Sem vítima";"148,772";"BR-163/MS";"Decrescente";"Colisão traseira";0;0;1;0;0;0;0;0;0;1;1;0;0;0;0
"03/09/2025";"05:47:05";"25";"Com vítima";"11,382";"BR-163/MS";"Crescente";"Queda de moto";0;0;0;1;0;0;0;0;0;0;0;2;0;0;0
"03/09/2025";"09:56:55";"120";"Com vítima";"515,283";"BR-163/MS";"Crescente";"Queda de moto";0;0;0;1;0;0;0;0;0;0;0;1;0;0;0
"03/09/2025";"15:01:41";"175";"Sem vítima";"64,614";"BR-163/MS";"Crescente";"Colisão traseira";0;0;0;0;0;4;0;0;0;0;0;0;0;0;0
"03/09/2025";"15:23:03";"179";"Sem vítima";"17,850";"BR-163/MS";"Crescente";"Acidentes de outra natureza";1;0;0;0;0;0;0;0;0;0;1;0;0;0;0
"03/09/2025";"18:16:55";"204";"Com vítima";"286,362";"BR-163/MS";"Decrescente";"Atropelamento de pedestre";0;0;1;0;0;0;0;0;0;1;1;0;1;0;0
"03/09/2025";"19:31:18";"217";"Sem vítima";"221,672";"BR-163/MS";"Crescente";"Atropelamento de animal";0;0;0;0;0;0;0;0;0;1;2;0;0;0;0
"04/09/2025";"06:05:04";"27";"Sem vítima";"466,543";"BR-163/MS";"Decrescente";"Queda de moto";0;0;0;1;0;0;0;0;0;0;1;0;0;0;0
"04/09/2025";"06:15:19";"28";"Com vítima";"139,307";"BR-163/MS";"Decrescente";"Tombamento";0;0;0;0;0;2;0;0;0;0;0;0;0;0;0
"04/09/2025";"09:15:34";"109";"Sem vítima";"253,856";"BR-163/MS";"Decrescente";"Tombamento";0;0;1;0;0;0;0;0;0;0;2;0;0;0;0
"04/09/2025";"20:11:50";"245";"Sem vítima";"471,445";"BR-163/MS";"Decrescente";"Colisão traseira";1;0;0;0;0;0;0;0;0;1;0;0;0;0;0
"05/09/2025";"01:35:21";"10";"Sem vítima";"391,315";"BR-163/MS";"Decrescente";"Choque";0;0;0;0;0;0;0;0;0;1;1;0;0;0;0
"05/09/2025";"16:58:40";"189";"Com vítima";"484,410";"BR-163/MS";"Crescente";"Colisão transversal";0;0;0;1;0;2;0;0;0;0;0;0;1;0;0
"05/09/2025";"18:44:37";"206";"Sem vítima";"758,513";"BR-163/MS";"Crescente";"Choque";1;0;0;0;0;0;0;0;0;0;1;0;0;0;0
"05/09/2025";"23:15:27";"234";"Com vítima";"482,693";"BR-163/MS";"Crescente";"Queda de moto";0;0;0;1;0;0;0;0;0;0;0;1;1;0;0
"06/09/2025";"05:09:18";"32";"Sem vítima";"655,635";"BR-163/MS";"Decrescente";"Choque";0;0;1;0;0;1;0;0;0;0;2;0;0;0;0
"06/09/2025";"11:12:45";"85";"Sem vítima";"68,456";"BR-163/MS";"Decrescente";"Colisão traseira";2;0;0;0;0;0;0;0;0;0;4;0;0;0;0
"06/09/2025";"20:44:52";"160";"Com vítima";"484,380";"BR-163/MS";"Crescente";"Colisão transversal";0;1;0;1;0;0;0;0;0;0;0;1;1;0;0
"07/09/2025";"00:52:01";"5";"Sem vítima";"88,856";"BR-163/MS";"Crescente";"Atropelamento de animal";1;0;0;0;0;0;0;0;0;0;1;0;0;0;0
"07/09/2025";"04:08:06";"14";"Sem vítima";"32,720";"BR-163/MS";"Decrescente";"Atropelamento de animal";0;0;0;0;0;0;0;0;0;1;2;0;0;0;0
"08/09/2025";"12:20:38";"144";"Sem vítima";"92,346";"BR-163/MS";"Crescente";"Capotamento";0;0;0;0;0;0;0;0;0;1;3;0;0;0;0
"09/09/2025";"10:45:02";"133";"Sem vítima";"485,630";"BR-163/MS";"Decrescente";"Choque";1;0;0;0;0;0;0;0;0;1;2;0;0;0;0
"09/09/2025";"14:13:38";"177";"Sem vítima";"514,326";"BR-163/MS";"Crescente";"Acidentes de outra natureza";0;0;0;0;0;0;0;0;0;1;2;0;0;0;0
"09/09/2025";"16:47:29";"211";"Sem vítima";"609,684";"BR-163/MS";"Crescente";"Colisão traseira";0;0;0;0;0;2;0;0;0;0;0;0;0;0;0
"10/09/2025";"00:29:08";"4";"Sem vítima";"306,436";"BR-163/MS";"Crescente";"Atropelamento de animal";0;0;0;0;0;0;0;0;0;1;1;0;0;0;0
"10/09/2025";"03:30:43";"17";"Sem vítima";"302,429";"BR-163/MS";"Crescente";"Atropelamento de animal";1;0;0;0;0;0;0;0;0;0;2;0;0;0;0
"10/09/2025";"05:07:03";"26";"Com vítima";"239,194";"BR-163/MS";"Crescente";"Colisão lateral no mesmo sentido";0;0;2;0;0;2;0;0;0;0;0;2;0;0;0
"10/09/2025";"10:12:11";"133";"Sem vítima";"430,321";"BR-163/MS";"Decrescente";"Colisão traseira";0;0;2;0;0;2;0;0;0;0;2;0;0;0;0
"10/09/2025";"13:21:40";"174";"Sem vítima";"13,642";"BR-163/MS";"Decrescente";"Colisão traseira";1;0;0;0;0;0;0;0;0;1;3;0;0;0;0
"11/09/2025";"04:30:30";"22";"Sem vítima";"655,592";"BR-163/MS";"Decrescente";"Acidentes de outra natureza";0;0;1;0;0;1;0;0;0;0;1;0;0;0;0
"11/09/2025";"06:33:25";"54";"Sem vítima";"313,725";"BR-163/MS";"Crescente";"Colisão traseira";0;0;1;0;0;0;0;0;0;1;2;0;0;0;0
"11/09/2025";"18:44:56";"230";"Sem vítima";"486,559";"BR-163/MS";"Decrescente";"Colisão traseira";1;0;0;0;0;0;0;0;0;0;1;0;0;0;0
"12/09/2025";"22:27:47";"265";"Com vítima";"247,739";"BR-163/MS";"Decrescente";"Queda de moto";0;0;1;1;0;0;0;0;0;0;0;1;0;0;0
"13/09/2025";"15:08:49";"144";"Com vítima";"412,456";"BR-163/MS";"Crescente";"Queda de moto";0;0;0;1;0;0;0;0;0;0;0;1;1;0;0
"15/09/2025";"08:07:09";"80";"Com vítima";"25,806";"BR-163/MS";"Crescente";"Colisão transversal";0;0;1;0;0;0;0;0;0;1;1;0;1;0;0
"15/09/2025";"12:41:00";"151";"Com vítima";"476,000";"BR-163/MS";"Crescente";"Queda de moto";0;0;0;1;0;0;0;0;0;0;0;2;0;0;0
"15/09/2025";"22:06:31";"232";"Sem vítima";"373,706";"BR-163/MS";"Crescente";"Acidentes de outra natureza";1;0;0;0;0;0;0;0;0;0;4;0;0;0;0
"16/09/2025";"09:23:58";"101";"Sem vítima";"485,652";"BR-163/MS";"Crescente";"Colisão traseira";1;0;0;0;0;0;0;0;0;1;4;0;0;0;0
"16/09/2025";"14:37:24";"182";"Sem vítima";"644,753";"BR-163/MS";"Crescente";"Capotamento";0;0;0;0;0;0;0;0;0;1;2;0;0;0;0
"16/09/2025";"16:08:56";"194";"Com vítima";"661,100";"BR-163/MS";"Crescente";"Acidentes de outra natureza";0;0;1;0;0;0;0;0;0;0;0;1;0;0;0